emp_id,record_date,record_type,category,amount,reason,approver_id
1,2024-01-08,奖励,通报表扬,,2023H1绩效A级,
4,2024-02-28,奖励,优秀员工,,2023H1绩效A级,1
6,2024-01-24,奖励,奖金,2685.36,2023H1绩效S级,1
9,2023-09-27,处罚,警告,,考勤纪律问题,1
11,2024-01-30,奖励,奖金,4954.26,2023H1绩效S级,2
14,2023-08-08,处罚,记过,,阶段性目标未达成,4
21,2024-01-03,奖励,奖金,3663.54,2023H1绩效A级,5
26,2024-02-01,奖励,奖金,1682.83,2023H1绩效A级,2
28,2023-12-27,处罚,警告,,阶段性目标未达成,3
42,2024-01-25,奖励,奖金,1783.43,2023H1绩效A级,6
46,2024-02-15,奖励,奖金,4817.22,2023H1绩效S级,6
49,2024-01-17,奖励,奖金,4806.01,2023H1绩效S级,5
52,2024-01-12,奖励,通报表扬,,2023H1绩效A级,6
56,2023-07-03,处罚,警告,,工作失误造成返工,3
57,2024-02-01,奖励,奖金,3680.39,2023H1绩效S级,5
58,2024-01-25,奖励,奖金,3007.05,2023H1绩效A级,2
60,2024-01-02,奖励,通报表扬,,2023H1绩效A级,8
61,2023-07-21,处罚,警告,,考勤纪律问题,2
64,2023-10-20,处罚,记过,,阶段性目标未达成,6
67,2023-11-09,处罚,记过,,考勤纪律问题,3
69,2023-07-25,处罚,记过,,阶段性目标未达成,7
78,2024-01-11,奖励,奖金,3948.58,2023H1绩效S级,3
79,2024-01-04,奖励,优秀员工,,2023H1绩效A级,6
81,2024-01-04,奖励,优秀员工,,2023H1绩效A级,6
87,2024-01-29,奖励,奖金,2681.8,2023H1绩效S级,2
98,2024-01-24,奖励,奖金,1730.55,2023H1绩效S级,2
106,2023-07-25,处罚,记过,,工作失误造成返工,2
114,2024-01-31,奖励,奖金,2951.48,2023H1绩效S级,4
119,2024-02-16,奖励,奖金,1388.87,2023H1绩效A级,4
120,2024-02-12,奖励,奖金,1393.35,2023H1绩效A级,2
123,2024-02-08,奖励,优秀员工,,2023H1绩效A级,3
127,2024-02-08,奖励,优秀员工,,2023H1绩效A级,6
129,2024-02-06,奖励,奖金,4295.35,2023H1绩效S级,9
134,2024-01-31,奖励,奖金,3942.23,2023H1绩效S级,3
140,2023-07-10,处罚,记过,,阶段性目标未达成,3
147,2024-01-23,奖励,奖金,3934.0,2023H1绩效A级,2
154,2024-02-23,奖励,奖金,4181.47,2023H1绩效A级,6
159,2024-01-03,奖励,奖金,3821.11,2023H1绩效A级,7
160,2024-01-16,奖励,奖金,4846.94,2023H1绩效A级,7
166,2024-01-31,奖励,奖金,1145.22,2023H1绩效S级,2
170,2024-01-31,奖励,奖金,3168.07,2023H1绩效A级,2
171,2024-02-26,奖励,奖金,1663.99,2023H1绩效A级,5
179,2023-12-07,处罚,记过,,工作失误造成返工,9
180,2024-02-28,奖励,奖金,1906.28,2023H1绩效S级,6
191,2024-01-19,奖励,奖金,1239.09,2023H1绩效S级,10
193,2023-07-18,处罚,记过,,考勤纪律问题,8
194,2024-02-20,奖励,奖金,3780.49,2023H1绩效A级,3
196,2024-01-31,奖励,奖金,3483.91,2023H1绩效S级,5
197,2024-01-22,奖励,优秀员工,,2023H1绩效A级,6
200,2023-10-03,处罚,警告,,工作失误造成返工,9
202,2024-02-19,奖励,奖金,3915.01,2023H1绩效S级,10
211,2024-02-12,奖励,通报表扬,,2023H1绩效A级,5
217,2024-01-16,奖励,通报表扬,,2023H1绩效A级,5
218,2024-02-22,奖励,奖金,1410.18,2023H1绩效A级,7
221,2024-01-30,奖励,通报表扬,,2023H1绩效A级,3
223,2024-02-08,奖励,奖金,2139.01,2023H1绩效A级,2
224,2023-07-05,处罚,警告,,考勤纪律问题,2
228,2024-01-15,奖励,通报表扬,,2023H1绩效A级,3
231,2024-01-09,奖励,优秀员工,,2023H1绩效A级,4
245,2024-02-19,奖励,奖金,2008.69,2023H1绩效S级,2
260,2023-09-28,处罚,记过,,考勤纪律问题,2
266,2024-02-20,奖励,奖金,3689.8,2023H1绩效S级,10
278,2024-01-26,奖励,通报表扬,,2023H1绩效A级,9
284,2024-02-13,奖励,优秀员工,,2023H1绩效A级,2
285,2024-01-22,奖励,奖金,3114.63,2023H1绩效A级,7
290,2023-08-14,处罚,警告,,考勤纪律问题,3
291,2024-01-03,奖励,奖金,2033.91,2023H1绩效S级,2
294,2023-10-13,处罚,记过,,考勤纪律问题,2
301,2023-12-27,处罚,记过,,阶段性目标未达成,2
303,2024-01-04,奖励,通报表扬,,2023H1绩效A级,3
313,2024-02-02,奖励,奖金,4792.24,2023H1绩效S级,7
316,2023-12-20,处罚,记过,,工作失误造成返工,2
322,2024-01-16,奖励,奖金,2816.03,2023H1绩效A级,5
326,2024-01-23,奖励,奖金,1619.05,2023H1绩效A级,6
11,2024-01-17,奖励,优秀员工,,2023H2绩效A级,2
17,2024-01-22,奖励,奖金,3569.2,2023H2绩效A级,4
23,2024-02-05,奖励,奖金,3480.59,2023H2绩效A级,8
27,2024-01-30,奖励,通报表扬,,2023H2绩效A级,7
30,2023-09-07,处罚,记过,,考勤纪律问题,6
31,2024-01-03,奖励,奖金,4581.44,2023H2绩效A级,10
32,2023-08-30,处罚,警告,,阶段性目标未达成,4
33,2024-01-03,奖励,奖金,2225.49,2023H2绩效S级,6
37,2024-01-08,奖励,优秀员工,,2023H2绩效A级,10
40,2024-01-30,奖励,通报表扬,,2023H2绩效A级,6
41,2024-01-10,奖励,奖金,2866.52,2023H2绩效A级,4
44,2024-02-02,奖励,奖金,4566.92,2023H2绩效A级,3
50,2024-01-11,奖励,优秀员工,,2023H2绩效A级,8
53,2024-02-12,奖励,优秀员工,,2023H2绩效A级,8
60,2024-02-19,奖励,奖金,3013.48,2023H2绩效A级,8
61,2024-01-19,奖励,奖金,3599.21,2023H2绩效A级,2
80,2024-01-08,奖励,通报表扬,,2023H2绩效A级,2
98,2024-01-16,奖励,奖金,2200.7,2023H2绩效A级,2
100,2024-02-02,奖励,优秀员工,,2023H2绩效A级,6
104,2023-12-07,处罚,记过,,工作失误造成返工,5
105,2024-02-14,奖励,通报表扬,,2023H2绩效A级,6
113,2023-11-24,处罚,记过,,工作失误造成返工,4
138,2024-01-19,奖励,奖金,4249.8,2023H2绩效A级,10
139,2024-01-04,奖励,奖金,4952.79,2023H2绩效S级,8
145,2024-01-18,奖励,奖金,4200.66,2023H2绩效S级,7
149,2024-02-14,奖励,优秀员工,,2023H2绩效A级,6
154,2024-01-15,奖励,奖金,1657.65,2023H2绩效A级,6
156,2024-02-01,奖励,奖金,4609.67,2023H2绩效S级,5
161,2023-07-10,处罚,记过,,阶段性目标未达成,5
165,2023-07-21,处罚,警告,,工作失误造成返工,8
170,2024-02-06,奖励,奖金,3269.2,2023H2绩效A级,2
184,2024-02-13,奖励,奖金,4856.47,2023H2绩效A级,5
189,2024-01-19,奖励,通报表扬,,2023H2绩效A级,3
190,2024-01-05,奖励,奖金,2685.68,2023H2绩效S级,2
191,2024-01-16,奖励,优秀员工,,2023H2绩效A级,10
194,2024-02-14,奖励,优秀员工,,2023H2绩效A级,3
196,2024-01-09,奖励,奖金,2273.3,2023H2绩效A级,5
218,2024-02-19,奖励,奖金,1864.35,2023H2绩效A级,7
233,2024-01-31,奖励,优秀员工,,2023H2绩效A级,7
234,2024-02-14,奖励,通报表扬,,2023H2绩效A级,2
236,2023-10-09,处罚,记过,,阶段性目标未达成,2
243,2024-02-08,奖励,奖金,1100.02,2023H2绩效S级,4
251,2024-01-17,奖励,奖金,4761.97,2023H2绩效A级,8
256,2024-01-18,奖励,奖金,2378.41,2023H2绩效A级,3
258,2024-02-28,奖励,奖金,1159.74,2023H2绩效A级,2
273,2024-01-23,奖励,奖金,1514.59,2023H2绩效S级,6
280,2024-01-09,奖励,奖金,3206.83,2023H2绩效A级,8
281,2024-01-31,奖励,奖金,1486.52,2023H2绩效A级,10
283,2024-02-12,奖励,奖金,2156.7,2023H2绩效S级,3
295,2024-02-16,奖励,奖金,4122.32,2023H2绩效S级,3
298,2024-02-28,奖励,优秀员工,,2023H2绩效A级,6
309,2024-02-09,奖励,优秀员工,,2023H2绩效A级,3
314,2023-08-03,处罚,警告,,工作失误造成返工,8
317,2023-09-05,处罚,记过,,工作失误造成返工,7
324,2023-10-24,处罚,警告,,考勤纪律问题,10
329,2024-01-01,奖励,奖金,1866.37,2023H2绩效A级,5
331,2024-01-31,奖励,通报表扬,,2023H2绩效A级,8
334,2024-02-23,奖励,奖金,1041.32,2023H2绩效A级,6
344,2023-07-20,处罚,警告,,工作失误造成返工,2
345,2024-01-29,奖励,奖金,1911.3,2023H2绩效A级,2
346,2024-01-17,奖励,通报表扬,,2023H2绩效A级,3
351,2024-01-22,奖励,奖金,2075.47,2023H2绩效S级,5
353,2024-01-31,奖励,通报表扬,,2023H2绩效A级,3
363,2024-01-29,奖励,通报表扬,,2023H2绩效A级,3
368,2024-02-08,奖励,奖金,3500.67,2023H2绩效S级,5
372,2024-02-23,奖励,奖金,2277.84,2023H2绩效A级,8
374,2024-02-21,奖励,奖金,4258.55,2023H2绩效A级,3
378,2024-01-09,奖励,通报表扬,,2023H2绩效A级,2
381,2024-02-12,奖励,奖金,2031.52,2023H2绩效A级,2
385,2024-01-23,奖励,奖金,2476.0,2023H2绩效A级,6
389,2024-01-08,奖励,优秀员工,,2023H2绩效A级,5
1,2024-08-21,处罚,警告,,工作失误造成返工,
4,2025-01-31,奖励,奖金,3778.56,2024H1绩效A级,1
6,2024-08-01,处罚,记过,,阶段性目标未达成,1
10,2024-11-20,处罚,警告,,考勤纪律问题,1
15,2025-02-13,奖励,优秀员工,,2024H1绩效A级,3
19,2025-01-29,奖励,奖金,1052.83,2024H1绩效A级,9
28,2025-02-13,奖励,通报表扬,,2024H1绩效A级,3
36,2024-10-01,处罚,警告,,工作失误造成返工,8
47,2025-02-19,奖励,奖金,2804.92,2024H1绩效S级,2
48,2025-02-14,奖励,通报表扬,,2024H1绩效A级,2
54,2024-12-27,处罚,记过,,工作失误造成返工,7
56,2024-09-23,处罚,警告,,工作失误造成返工,3
58,2025-01-23,奖励,优秀员工,,2024H1绩效A级,2
74,2025-01-30,奖励,奖金,2782.48,2024H1绩效A级,2
79,2025-02-18,奖励,通报表扬,,2024H1绩效A级,6
92,2025-02-13,奖励,通报表扬,,2024H1绩效A级,3
100,2025-01-28,奖励,优秀员工,,2024H1绩效A级,6
111,2025-02-03,奖励,奖金,3077.9,2024H1绩效A级,2
113,2025-02-06,奖励,通报表扬,,2024H1绩效A级,4
114,2025-01-30,奖励,奖金,4147.78,2024H1绩效A级,4
120,2025-01-24,奖励,通报表扬,,2024H1绩效A级,2
121,2025-02-17,奖励,奖金,4781.82,2024H1绩效A级,7
127,2025-01-21,奖励,奖金,4933.88,2024H1绩效A级,6
129,2025-02-19,奖励,奖金,4352.1,2024H1绩效S级,9
134,2025-01-17,奖励,优秀员工,,2024H1绩效A级,3
141,2024-07-17,处罚,记过,,考勤纪律问题,8
143,2025-02-17,奖励,奖金,3664.62,2024H1绩效S级,9
151,2024-11-12,处罚,记过,,阶段性目标未达成,6
158,2025-01-16,奖励,优秀员工,,2024H1绩效A级,6
165,2025-02-24,奖励,奖金,1881.93,2024H1绩效A级,8
169,2025-01-22,奖励,奖金,2792.64,2024H1绩效A级,6
176,2025-02-10,奖励,优秀员工,,2024H1绩效A级,6
178,2025-02-28,奖励,优秀员工,,2024H1绩效A级,6
180,2025-01-09,奖励,通报表扬,,2024H1绩效A级,6
181,2025-01-14,奖励,通报表扬,,2024H1绩效A级,5
188,2025-01-15,奖励,通报表扬,,2024H1绩效A级,8
194,2025-02-26,奖励,奖金,1362.05,2024H1绩效A级,3
211,2025-02-12,奖励,奖金,4776.51,2024H1绩效S级,5
221,2025-01-08,奖励,优秀员工,,2024H1绩效A级,3
228,2025-01-24,奖励,奖金,4517.42,2024H1绩效A级,3
231,2025-01-09,奖励,奖金,1358.19,2024H1绩效A级,4
237,2025-02-14,奖励,通报表扬,,2024H1绩效A级,6
245,2025-01-23,奖励,通报表扬,,2024H1绩效A级,2
255,2024-08-13,处罚,记过,,工作失误造成返工,3
258,2024-10-08,处罚,警告,,考勤纪律问题,2
265,2024-12-02,处罚,记过,,阶段性目标未达成,3
268,2025-02-07,奖励,通报表扬,,2024H1绩效A级,8
273,2025-01-22,奖励,奖金,1237.39,2024H1绩效S级,6
279,2025-02-27,奖励,优秀员工,,2024H1绩效A级,6
281,2025-01-28,奖励,奖金,1339.68,2024H1绩效S级,10
285,2025-01-22,奖励,奖金,3331.1,2024H1绩效S级,7
289,2025-02-11,奖励,通报表扬,,2024H1绩效A级,6
295,2025-01-28,奖励,奖金,1637.14,2024H1绩效A级,3
296,2024-12-20,处罚,警告,,考勤纪律问题,6
297,2025-01-03,奖励,奖金,4950.4,2024H1绩效A级,6
302,2025-01-22,奖励,奖金,2766.33,2024H1绩效A级,3
310,2025-02-26,奖励,奖金,2109.79,2024H1绩效S级,2
311,2025-01-20,奖励,奖金,4858.55,2024H1绩效S级,2
313,2025-01-15,奖励,奖金,1884.88,2024H1绩效S级,7
323,2025-02-04,奖励,优秀员工,,2024H1绩效A级,5
324,2025-02-17,奖励,奖金,1222.02,2024H1绩效S级,10
327,2025-01-16,奖励,奖金,3087.59,2024H1绩效S级,6
330,2024-12-06,处罚,警告,,工作失误造成返工,5
334,2025-01-31,奖励,奖金,1281.17,2024H1绩效A级,6
342,2024-12-18,处罚,警告,,考勤纪律问题,5
343,2025-02-14,奖励,奖金,4563.3,2024H1绩效S级,5
344,2024-10-15,处罚,警告,,工作失误造成返工,2
345,2025-01-02,奖励,奖金,2040.68,2024H1绩效A级,2
346,2025-02-25,奖励,优秀员工,,2024H1绩效A级,3
349,2025-02-20,奖励,通报表扬,,2024H1绩效A级,5
350,2025-01-27,奖励,奖金,2871.0,2024H1绩效S级,5
351,2024-11-28,处罚,记过,,工作失误造成返工,5
353,2025-01-29,奖励,奖金,2165.22,2024H1绩效A级,3
362,2025-01-21,奖励,优秀员工,,2024H1绩效A级,7
363,2025-01-21,奖励,奖金,4445.07,2024H1绩效S级,3
366,2024-09-19,处罚,记过,,考勤纪律问题,2
368,2025-01-23,奖励,优秀员工,,2024H1绩效A级,5
370,2025-01-10,奖励,奖金,2773.35,2024H1绩效S级,5
371,2025-01-24,奖励,奖金,4309.83,2024H1绩效S级,8
378,2025-01-16,奖励,奖金,3958.52,2024H1绩效S级,2
392,2024-09-20,处罚,警告,,阶段性目标未达成,2
402,2025-01-31,奖励,奖金,4374.02,2024H1绩效A级,2
403,2025-02-06,奖励,奖金,1935.23,2024H1绩效A级,3
404,2025-02-25,奖励,优秀员工,,2024H1绩效A级,2
405,2024-08-29,处罚,警告,,阶段性目标未达成,6
410,2025-01-29,奖励,奖金,4721.12,2024H1绩效S级,4
415,2025-01-22,奖励,优秀员工,,2024H1绩效A级,6
424,2025-01-24,奖励,通报表扬,,2024H1绩效A级,3
431,2025-02-14,奖励,奖金,4372.82,2024H1绩效A级,3
432,2025-02-25,奖励,通报表扬,,2024H1绩效A级,2
445,2025-02-20,奖励,奖金,2719.55,2024H1绩效A级,6
449,2025-02-07,奖励,奖金,4652.61,2024H1绩效S级,5
452,2024-07-10,处罚,记过,,工作失误造成返工,2
453,2025-02-20,奖励,通报表扬,,2024H1绩效A级,2
469,2025-02-06,奖励,奖金,4103.63,2024H1绩效A级,8
12,2025-01-30,奖励,通报表扬,,2024H2绩效A级,3
17,2025-01-24,奖励,奖金,4271.28,2024H2绩效A级,4
19,2024-12-13,处罚,记过,,考勤纪律问题,9
23,2025-01-23,奖励,通报表扬,,2024H2绩效A级,8
24,2025-01-23,奖励,通报表扬,,2024H2绩效A级,4
27,2025-01-22,奖励,优秀员工,,2024H2绩效A级,7
29,2025-01-10,奖励,通报表扬,,2024H2绩效A级,3
35,2025-01-02,奖励,奖金,2345.27,2024H2绩效A级,10
36,2025-01-24,奖励,奖金,1731.74,2024H2绩效A级,8
40,2025-01-02,奖励,优秀员工,,2024H2绩效A级,6
50,2025-02-28,奖励,奖金,2175.87,2024H2绩效A级,8
52,2024-10-22,处罚,警告,,阶段性目标未达成,6
63,2025-02-21,奖励,奖金,2581.37,2024H2绩效A级,9
79,2025-02-11,奖励,奖金,2039.82,2024H2绩效A级,6
85,2025-02-24,奖励,优秀员工,,2024H2绩效A级,2
88,2025-02-07,奖励,奖金,3251.82,2024H2绩效A级,3
93,2025-01-08,奖励,优秀员工,,2024H2绩效A级,2
98,2025-02-12,奖励,奖金,2373.97,2024H2绩效S级,2
102,2025-01-07,奖励,通报表扬,,2024H2绩效A级,8
103,2025-01-09,奖励,奖金,4124.26,2024H2绩效S级,2
108,2025-02-20,奖励,奖金,1430.34,2024H2绩效S级,5
111,2025-01-01,奖励,奖金,3623.16,2024H2绩效S级,2
113,2025-01-14,奖励,优秀员工,,2024H2绩效A级,4
122,2025-01-21,奖励,通报表扬,,2024H2绩效A级,2
126,2024-07-10,处罚,警告,,考勤纪律问题,6
128,2025-01-10,奖励,奖金,4395.92,2024H2绩效A级,8
139,2025-01-23,奖励,奖金,1535.59,2024H2绩效A级,8
141,2025-02-28,奖励,优秀员工,,2024H2绩效A级,8
144,2025-01-15,奖励,通报表扬,,2024H2绩效A级,5
148,2025-02-12,奖励,优秀员工,,2024H2绩效A级,2
151,2025-01-21,奖励,奖金,2421.17,2024H2绩效A级,6
162,2025-01-20,奖励,通报表扬,,2024H2绩效A级,2
165,2025-01-28,奖励,奖金,1698.31,2024H2绩效A级,8
177,2025-02-05,奖励,奖金,4160.63,2024H2绩效S级,8
188,2025-02-20,奖励,优秀员工,,2024H2绩效A级,8
190,2025-02-11,奖励,奖金,1926.51,2024H2绩效A级,2
193,2025-02-04,奖励,奖金,3850.24,2024H2绩效A级,8
202,2025-01-13,奖励,奖金,4263.42,2024H2绩效S级,10
206,2025-02-06,奖励,奖金,1003.4,2024H2绩效A级,2
208,2025-02-27,奖励,奖金,2684.45,2024H2绩效S级,8
212,2025-02-27,奖励,通报表扬,,2024H2绩效A级,3
213,2024-11-05,处罚,记过,,考勤纪律问题,7
217,2025-01-01,奖励,奖金,2492.72,2024H2绩效A级,5
221,2025-01-24,奖励,优秀员工,,2024H2绩效A级,3
225,2025-01-14,奖励,奖金,4878.72,2024H2绩效A级,8
226,2025-02-04,奖励,奖金,3570.91,2024H2绩效A级,3
236,2025-02-20,奖励,奖金,3031.7,2024H2绩效A级,2
242,2025-02-24,奖励,通报表扬,,2024H2绩效A级,5
250,2025-02-20,奖励,通报表扬,,2024H2绩效A级,7
253,2025-01-16,奖励,奖金,3046.6,2024H2绩效A级,3
257,2024-08-22,处罚,记过,,考勤纪律问题,3
261,2025-02-28,奖励,奖金,3738.13,2024H2绩效A级,4
262,2025-02-03,奖励,奖金,1735.69,2024H2绩效S级,3
264,2025-02-14,奖励,通报表扬,,2024H2绩效A级,6
279,2025-02-12,奖励,奖金,1655.16,2024H2绩效S级,6
281,2025-01-02,奖励,奖金,4129.33,2024H2绩效A级,10
282,2025-02-26,奖励,奖金,1767.33,2024H2绩效S级,8
287,2025-01-30,奖励,奖金,3442.36,2024H2绩效A级,6
288,2024-09-25,处罚,警告,,工作失误造成返工,6
298,2025-01-13,奖励,通报表扬,,2024H2绩效A级,6
302,2025-01-06,奖励,奖金,2934.82,2024H2绩效A级,3
303,2025-01-20,奖励,奖金,1237.9,2024H2绩效S级,3
309,2025-01-30,奖励,通报表扬,,2024H2绩效A级,3
311,2025-01-02,奖励,优秀员工,,2024H2绩效A级,2
315,2024-10-10,处罚,记过,,考勤纪律问题,7
316,2025-02-26,奖励,奖金,1804.9,2024H2绩效S级,2
320,2024-10-14,处罚,警告,,工作失误造成返工,7
327,2025-02-25,奖励,通报表扬,,2024H2绩效A级,6
328,2025-02-19,奖励,通报表扬,,2024H2绩效A级,8
330,2024-11-26,处罚,记过,,考勤纪律问题,5
333,2025-01-06,奖励,奖金,3230.76,2024H2绩效A级,5
338,2025-02-13,奖励,通报表扬,,2024H2绩效A级,6
339,2025-01-10,奖励,奖金,2799.96,2024H2绩效S级,7
346,2025-02-24,奖励,通报表扬,,2024H2绩效A级,3
350,2025-01-17,奖励,奖金,3194.93,2024H2绩效S级,5
362,2025-01-24,奖励,奖金,3193.97,2024H2绩效A级,7
366,2025-02-03,奖励,奖金,3024.61,2024H2绩效S级,2
368,2025-01-21,奖励,优秀员工,,2024H2绩效A级,5
385,2025-01-20,奖励,奖金,4019.1,2024H2绩效A级,6
391,2024-11-06,处罚,记过,,工作失误造成返工,10
394,2025-01-02,奖励,奖金,4798.53,2024H2绩效A级,6
395,2025-02-21,奖励,奖金,4570.1,2024H2绩效A级,6
422,2025-01-13,奖励,奖金,4854.5,2024H2绩效A级,2
433,2025-02-12,奖励,奖金,2087.13,2024H2绩效S级,3
434,2025-01-10,奖励,奖金,1048.84,2024H2绩效S级,3
452,2025-02-07,奖励,通报表扬,,2024H2绩效A级,2
456,2025-01-15,奖励,通报表扬,,2024H2绩效A级,4
458,2025-01-17,奖励,奖金,1942.15,2024H2绩效S级,4
460,2025-01-31,奖励,奖金,2741.45,2024H2绩效A级,3
468,2025-02-06,奖励,奖金,4154.4,2024H2绩效A级,3
469,2024-07-08,处罚,记过,,阶段性目标未达成,8
470,2025-02-07,奖励,奖金,1921.07,2024H2绩效A级,6
471,2025-02-04,奖励,通报表扬,,2024H2绩效A级,3
472,2025-01-27,奖励,奖金,1874.1,2024H2绩效A级,6
473,2025-02-25,奖励,通报表扬,,2024H2绩效A级,2
475,2025-02-06,奖励,优秀员工,,2024H2绩效A级,6
479,2025-01-08,奖励,优秀员工,,2024H2绩效A级,7
484,2025-01-08,奖励,奖金,2159.98,2024H2绩效A级,9
487,2025-01-27,奖励,通报表扬,,2024H2绩效A级,2
488,2024-08-14,处罚,记过,,考勤纪律问题,5
490,2024-09-26,处罚,警告,,考勤纪律问题,10
493,2025-01-14,奖励,奖金,4639.58,2024H2绩效A级,3
505,2024-12-19,处罚,记过,,考勤纪律问题,2
518,2024-07-25,处罚,记过,,工作失误造成返工,4
521,2024-08-12,处罚,记过,,阶段性目标未达成,8
10,2026-01-07,奖励,优秀员工,,2025H1绩效A级,1
19,2026-01-26,奖励,奖金,3342.33,2025H1绩效A级,9
24,2025-07-31,处罚,警告,,阶段性目标未达成,4
36,2026-01-28,奖励,通报表扬,,2025H1绩效A级,8
47,2025-12-25,处罚,记过,,阶段性目标未达成,2
65,2026-02-13,奖励,优秀员工,,2025H1绩效A级,7
66,2026-02-18,奖励,奖金,3545.17,2025H1绩效A级,3
67,2026-02-24,奖励,奖金,1744.32,2025H1绩效A级,3
74,2025-12-04,处罚,记过,,工作失误造成返工,2
80,2025-07-03,处罚,记过,,考勤纪律问题,2
92,2026-01-05,奖励,通报表扬,,2025H1绩效A级,3
100,2026-02-11,奖励,奖金,4508.2,2025H1绩效A级,6
102,2026-02-05,奖励,奖金,4556.79,2025H1绩效S级,8
104,2025-12-10,处罚,记过,,考勤纪律问题,5
109,2025-11-14,处罚,警告,,考勤纪律问题,3
112,2026-02-04,奖励,通报表扬,,2025H1绩效A级,6
128,2026-02-26,奖励,奖金,2405.1,2025H1绩效A级,8
129,2025-12-22,处罚,警告,,工作失误造成返工,9
134,2026-02-16,奖励,优秀员工,,2025H1绩效A级,3
138,2026-01-05,奖励,通报表扬,,2025H1绩效A级,10
149,2026-01-26,奖励,通报表扬,,2025H1绩效A级,6
150,2026-01-08,奖励,奖金,3730.13,2025H1绩效A级,4
165,2026-01-15,奖励,奖金,4130.08,2025H1绩效A级,8
176,2026-02-24,奖励,奖金,1869.9,2025H1绩效A级,6
177,2026-01-12,奖励,通报表扬,,2025H1绩效A级,8
181,2026-01-13,奖励,优秀员工,,2025H1绩效A级,5
186,2026-01-23,奖励,奖金,1857.54,2025H1绩效A级,6
188,2026-02-11,奖励,奖金,1602.13,2025H1绩效S级,8
191,2025-08-28,处罚,警告,,阶段性目标未达成,10
205,2026-02-03,奖励,优秀员工,,2025H1绩效A级,2
212,2025-07-10,处罚,警告,,考勤纪律问题,3
213,2025-08-11,处罚,警告,,考勤纪律问题,7
216,2026-01-08,奖励,奖金,2920.53,2025H1绩效S级,3
230,2026-02-17,奖励,通报表扬,,2025H1绩效A级,3
234,2026-02-18,奖励,奖金,4417.91,2025H1绩效S级,2
237,2026-02-17,奖励,奖金,1265.37,2025H1绩效S级,6
245,2026-01-19,奖励,奖金,1230.15,2025H1绩效A级,2
248,2026-01-12,奖励,奖金,4807.23,2025H1绩效A级,2
252,2026-01-15,奖励,奖金,4312.35,2025H1绩效A级,4
265,2025-11-14,处罚,记过,,工作失误造成返工,3
279,2026-01-27,奖励,奖金,2532.37,2025H1绩效A级,6
281,2026-01-06,奖励,奖金,2468.01,2025H1绩效A级,10
282,2026-01-22,奖励,奖金,4495.02,2025H1绩效A级,8
283,2026-01-14,奖励,奖金,2037.24,2025H1绩效S级,3
293,2026-01-26,奖励,奖金,4704.5,2025H1绩效A级,3
295,2026-01-16,奖励,通报表扬,,2025H1绩效A级,3
309,2026-01-07,奖励,奖金,1312.44,2025H1绩效A级,3
316,2026-01-07,奖励,奖金,2206.18,2025H1绩效S级,2
320,2026-01-20,奖励,通报表扬,,2025H1绩效A级,7
333,2025-10-01,处罚,记过,,工作失误造成返工,5
345,2026-01-22,奖励,奖金,3280.76,2025H1绩效A级,2
352,2025-10-15,处罚,记过,,工作失误造成返工,3
356,2026-01-05,奖励,奖金,4313.91,2025H1绩效A级,2
359,2026-01-14,奖励,通报表扬,,2025H1绩效A级,6
365,2026-02-16,奖励,奖金,1590.21,2025H1绩效A级,2
366,2025-07-21,处罚,警告,,考勤纪律问题,2
373,2025-10-24,处罚,记过,,工作失误造成返工,3
374,2026-02-11,奖励,奖金,1790.53,2025H1绩效S级,3
379,2026-02-25,奖励,奖金,2161.6,2025H1绩效A级,2
380,2026-01-21,奖励,奖金,2327.16,2025H1绩效A级,2
391,2025-08-22,处罚,警告,,工作失误造成返工,10
394,2026-02-16,奖励,通报表扬,,2025H1绩效A级,6
403,2026-02-23,奖励,通报表扬,,2025H1绩效A级,3
412,2026-01-16,奖励,优秀员工,,2025H1绩效A级,3
419,2026-01-06,奖励,奖金,4628.37,2025H1绩效S级,2
435,2026-01-06,奖励,奖金,2659.62,2025H1绩效S级,3
437,2026-01-14,奖励,奖金,2440.68,2025H1绩效A级,6
445,2026-01-05,奖励,奖金,4883.81,2025H1绩效S级,6
449,2026-01-12,奖励,奖金,4883.41,2025H1绩效S级,5
457,2025-08-04,处罚,警告,,考勤纪律问题,4
459,2025-09-03,处罚,警告,,工作失误造成返工,3
460,2025-12-01,处罚,警告,,工作失误造成返工,3
461,2026-01-26,奖励,优秀员工,,2025H1绩效A级,2
472,2026-01-16,奖励,通报表扬,,2025H1绩效A级,6
476,2026-02-17,奖励,通报表扬,,2025H1绩效A级,8
484,2026-01-09,奖励,优秀员工,,2025H1绩效A级,9
487,2026-02-20,奖励,奖金,2217.97,2025H1绩效A级,2
490,2026-01-08,奖励,奖金,1149.46,2025H1绩效A级,10
492,2026-02-09,奖励,奖金,2279.14,2025H1绩效S级,2
507,2026-01-19,奖励,通报表扬,,2025H1绩效A级,5
517,2026-02-19,奖励,奖金,2908.08,2025H1绩效A级,4
526,2026-02-19,奖励,通报表扬,,2025H1绩效A级,5
528,2026-01-21,奖励,奖金,4880.7,2025H1绩效S级,10
532,2026-01-27,奖励,优秀员工,,2025H1绩效A级,3
533,2025-12-30,处罚,记过,,工作失误造成返工,5
540,2026-02-04,奖励,奖金,3769.43,2025H1绩效A级,3
544,2026-01-23,奖励,奖金,3808.56,2025H1绩效S级,3
548,2026-01-07,奖励,奖金,3116.35,2025H1绩效A级,2
552,2026-02-25,奖励,奖金,2091.85,2025H1绩效A级,5
556,2026-01-14,奖励,奖金,4510.09,2025H1绩效S级,6
557,2026-02-02,奖励,奖金,3709.81,2025H1绩效A级,5
558,2026-02-04,奖励,优秀员工,,2025H1绩效A级,6
560,2026-01-05,奖励,奖金,2906.62,2025H1绩效S级,2
561,2026-01-01,奖励,优秀员工,,2025H1绩效A级,2
565,2026-02-23,奖励,奖金,4958.64,2025H1绩效A级,2
566,2026-02-17,奖励,奖金,1137.0,2025H1绩效A级,2
571,2026-02-10,奖励,奖金,4671.08,2025H1绩效S级,9
574,2026-01-30,奖励,奖金,2768.8,2025H1绩效A级,2
577,2025-07-04,处罚,警告,,工作失误造成返工,6
578,2025-12-16,处罚,记过,,阶段性目标未达成,2
581,2026-01-22,奖励,奖金,3356.86,2025H1绩效S级,7
587,2026-01-19,奖励,通报表扬,,2025H1绩效A级,8
590,2026-02-09,奖励,通报表扬,,2025H1绩效A级,10
4,2026-02-12,奖励,通报表扬,,2025H2绩效A级,1
6,2026-01-13,奖励,奖金,2620.94,2025H2绩效A级,1
10,2026-01-27,奖励,奖金,3177.9,2025H2绩效S级,1
15,2026-01-21,奖励,奖金,2795.84,2025H2绩效S级,3
31,2026-02-02,奖励,优秀员工,,2025H2绩效A级,10
42,2026-02-10,奖励,奖金,1873.53,2025H2绩效S级,6
54,2026-02-11,奖励,奖金,2203.1,2025H2绩效A级,7
58,2026-01-12,奖励,奖金,1602.55,2025H2绩效S级,2
59,2026-02-16,奖励,奖金,1872.61,2025H2绩效A级,9
63,2025-09-11,处罚,记过,,工作失误造成返工,9
64,2026-01-21,奖励,奖金,2414.4,2025H2绩效A级,6
67,2025-08-12,处罚,记过,,工作失误造成返工,3
93,2026-01-22,奖励,奖金,2523.24,2025H2绩效S级,2
100,2026-02-25,奖励,奖金,3589.46,2025H2绩效S级,6
102,2026-01-02,奖励,通报表扬,,2025H2绩效A级,8
103,2025-07-04,处罚,记过,,阶段性目标未达成,2
108,2026-02-09,奖励,通报表扬,,2025H2绩效A级,5
111,2025-12-17,处罚,警告,,工作失误造成返工,2
114,2026-01-22,奖励,通报表扬,,2025H2绩效A级,4
120,2026-02-10,奖励,通报表扬,,2025H2绩效A级,2
121,2026-01-08,奖励,奖金,2525.67,2025H2绩效S级,7
122,2026-02-09,奖励,奖金,2827.28,2025H2绩效S级,2
134,2026-01-02,奖励,奖金,3538.03,2025H2绩效S级,3
137,2026-01-02,奖励,奖金,1537.29,2025H2绩效A级,8
138,2026-01-08,奖励,优秀员工,,2025H2绩效A级,10
143,2026-02-11,奖励,奖金,1583.72,2025H2绩效S级,9
151,2026-02-12,奖励,奖金,2974.09,2025H2绩效A级,6
165,2026-02-19,奖励,通报表扬,,2025H2绩效A级,8
167,2026-02-12,奖励,通报表扬,,2025H2绩效A级,3
174,2026-01-05,奖励,优秀员工,,2025H2绩效A级,6
178,2026-01-05,奖励,优秀员工,,2025H2绩效A级,6
181,2026-01-16,奖励,奖金,1001.57,2025H2绩效A级,5
184,2026-02-27,奖励,优秀员工,,2025H2绩效A级,5
188,2026-02-23,奖励,奖金,2680.7,2025H2绩效S级,8
193,2026-01-15,奖励,奖金,1793.38,2025H2绩效S级,8
207,2026-01-19,奖励,通报表扬,,2025H2绩效A级,9
209,2026-01-27,奖励,奖金,4981.14,2025H2绩效S级,3
220,2026-02-11,奖励,奖金,1704.48,2025H2绩效A级,5
224,2025-12-23,处罚,记过,,工作失误造成返工,2
230,2026-01-30,奖励,奖金,1116.78,2025H2绩效A级,3
231,2025-12-11,处罚,记过,,工作失误造成返工,4
237,2026-01-23,奖励,奖金,3935.7,2025H2绩效A级,6
239,2026-01-19,奖励,优秀员工,,2025H2绩效A级,2
242,2026-01-19,奖励,奖金,2417.85,2025H2绩效S级,5
255,2026-01-13,奖励,优秀员工,,2025H2绩效A级,3
256,2026-02-20,奖励,奖金,2525.61,2025H2绩效A级,3
275,2026-02-24,奖励,通报表扬,,2025H2绩效A级,10
284,2025-07-28,处罚,记过,,阶段性目标未达成,2
303,2026-02-11,奖励,通报表扬,,2025H2绩效A级,3
307,2026-02-02,奖励,奖金,1417.0,2025H2绩效A级,6
308,2026-01-21,奖励,奖金,3131.67,2025H2绩效A级,6
309,2026-01-07,奖励,奖金,2510.27,2025H2绩效S级,3
310,2026-02-23,奖励,奖金,4458.96,2025H2绩效S级,2
311,2026-02-11,奖励,奖金,2665.06,2025H2绩效A级,2
323,2026-02-18,奖励,奖金,3177.66,2025H2绩效S级,5
327,2026-02-24,奖励,优秀员工,,2025H2绩效A级,6
334,2026-02-10,奖励,奖金,3408.53,2025H2绩效S级,6
335,2026-02-03,奖励,奖金,4351.7,2025H2绩效A级,6
342,2026-02-12,奖励,奖金,4450.42,2025H2绩效A级,5
354,2026-02-09,奖励,通报表扬,,2025H2绩效A级,2
355,2025-10-30,处罚,记过,,工作失误造成返工,7
356,2026-02-12,奖励,通报表扬,,2025H2绩效A级,2
357,2026-02-26,奖励,奖金,3155.51,2025H2绩效S级,2
366,2026-02-05,奖励,通报表扬,,2025H2绩效A级,2
368,2026-02-17,奖励,奖金,3312.8,2025H2绩效S级,5
369,2025-09-11,处罚,警告,,阶段性目标未达成,5
381,2025-11-24,处罚,记过,,工作失误造成返工,2
392,2025-10-10,处罚,警告,,考勤纪律问题,2
398,2026-01-01,奖励,奖金,3709.43,2025H2绩效A级,8
401,2025-07-09,处罚,警告,,工作失误造成返工,3
403,2025-10-29,处罚,警告,,阶段性目标未达成,3
406,2026-02-02,奖励,奖金,1888.14,2025H2绩效S级,6
411,2026-02-10,奖励,奖金,4134.26,2025H2绩效S级,3
423,2026-01-29,奖励,优秀员工,,2025H2绩效A级,2
445,2026-01-26,奖励,奖金,3634.96,2025H2绩效A级,6
450,2026-01-21,奖励,奖金,2904.41,2025H2绩效A级,8
456,2026-01-21,奖励,奖金,4506.56,2025H2绩效A级,4
460,2025-12-22,处罚,记过,,考勤纪律问题,3
462,2025-08-12,处罚,警告,,考勤纪律问题,2
466,2026-02-04,奖励,奖金,4111.45,2025H2绩效S级,8
470,2026-02-13,奖励,通报表扬,,2025H2绩效A级,6
474,2026-02-20,奖励,奖金,1073.83,2025H2绩效A级,6
476,2026-02-27,奖励,通报表扬,,2025H2绩效A级,8
479,2026-01-23,奖励,奖金,4057.89,2025H2绩效A级,7
491,2026-01-06,奖励,奖金,4185.89,2025H2绩效A级,10
492,2026-02-03,奖励,奖金,3815.04,2025H2绩效S级,2
498,2026-02-03,奖励,奖金,4341.9,2025H2绩效S级,9
499,2026-01-05,奖励,优秀员工,,2025H2绩效A级,6
508,2025-11-26,处罚,记过,,考勤纪律问题,5
512,2026-02-09,奖励,优秀员工,,2025H2绩效A级,2
516,2026-01-08,奖励,优秀员工,,2025H2绩效A级,3
527,2026-01-23,奖励,奖金,4795.78,2025H2绩效S级,10
529,2026-01-15,奖励,奖金,4896.51,2025H2绩效A级,10
541,2026-02-09,奖励,奖金,2465.75,2025H2绩效S级,2
545,2026-01-12,奖励,优秀员工,,2025H2绩效A级,2
548,2026-02-23,奖励,优秀员工,,2025H2绩效A级,2
549,2026-02-10,奖励,通报表扬,,2025H2绩效A级,3
550,2026-02-20,奖励,通报表扬,,2025H2绩效A级,2
554,2026-02-23,奖励,奖金,3964.61,2025H2绩效A级,6
565,2025-11-19,处罚,警告,,考勤纪律问题,2
572,2026-01-26,奖励,奖金,4134.44,2025H2绩效A级,3
573,2026-01-05,奖励,奖金,2056.29,2025H2绩效A级,2
574,2026-01-09,奖励,奖金,2199.62,2025H2绩效S级,2
575,2026-01-19,奖励,奖金,4084.13,2025H2绩效S级,2
576,2026-01-20,奖励,奖金,4377.97,2025H2绩效A级,3
578,2026-01-29,奖励,奖金,2484.89,2025H2绩效A级,2
581,2025-12-15,处罚,警告,,工作失误造成返工,7
586,2026-02-04,奖励,优秀员工,,2025H2绩效A级,8
595,2026-02-05,奖励,通报表扬,,2025H2绩效A级,2
597,2026-02-05,奖励,奖金,1091.81,2025H2绩效S级,2
598,2025-08-15,处罚,记过,,工作失误造成返工,2
600,2026-01-27,奖励,奖金,3119.52,2025H2绩效A级,2
601,2026-02-03,奖励,奖金,1892.09,2025H2绩效A级,2
610,2026-01-23,奖励,优秀员工,,2025H2绩效A级,2
619,2026-01-23,奖励,通报表扬,,2025H2绩效A级,3
622,2026-02-03,奖励,奖金,4898.82,2025H2绩效A级,2
636,2026-02-10,奖励,优秀员工,,2025H2绩效A级,2
639,2026-02-12,奖励,奖金,1336.38,2025H2绩效S级,3
646,2026-02-23,奖励,优秀员工,,2025H2绩效A级,5
648,2025-12-29,处罚,警告,,考勤纪律问题,5
650,2026-01-07,奖励,通报表扬,,2025H2绩效A级,2
651,2026-01-22,奖励,通报表扬,,2025H2绩效A级,3
652,2025-08-20,处罚,警告,,工作失误造成返工,6
660,2026-02-10,奖励,奖金,2233.25,2025H2绩效S级,6
663,2026-02-11,奖励,奖金,3271.65,2025H2绩效S级,2
668,2026-01-23,奖励,奖金,3797.6,2025H2绩效S级,8
36,2026-10-07,处罚,警告,,考勤纪律问题,8
67,2026-09-17,处罚,警告,,考勤纪律问题,3
120,2026-12-02,处罚,警告,,考勤纪律问题,2
121,2026-09-24,处罚,警告,,考勤纪律问题,7
122,2026-08-24,处罚,记过,,阶段性目标未达成,2
124,2026-11-19,处罚,记过,,考勤纪律问题,4
266,2026-10-30,处罚,记过,,考勤纪律问题,10
278,2026-09-16,处罚,警告,,考勤纪律问题,9
331,2026-09-14,处罚,记过,,阶段性目标未达成,8
422,2026-11-03,处罚,警告,,阶段性目标未达成,2
461,2026-08-19,处罚,记过,,考勤纪律问题,2
517,2026-10-27,处罚,警告,,阶段性目标未达成,4
623,2026-12-04,处罚,警告,,工作失误造成返工,2
656,2026-07-14,处罚,记过,,阶段性目标未达成,3
660,2026-12-18,处罚,记过,,工作失误造成返工,6
691,2026-07-17,处罚,记过,,工作失误造成返工,8
719,2026-07-28,处罚,记过,,阶段性目标未达成,2
