emp_id,survey_year,engagement_score,recognition,growth,pay_satisfaction,manager_trust,work_life_balance
1,2023,2.4,2.9,2.3,2.1,2.4,2.3
2,2023,2.8,2.8,3.0,2.9,2.7,2.8
4,2023,3.5,3.9,3.3,3.6,3.4,3.1
7,2023,3.1,2.9,3.0,3.2,3.0,3.3
10,2023,4.5,4.5,4.6,4.3,4.2,5.0
11,2023,3.2,2.9,3.1,3.4,3.4,3.4
15,2023,3.0,2.7,3.1,2.8,3.3,3.3
16,2023,3.2,3.5,3.1,3.6,2.8,3.2
17,2023,3.1,2.8,2.6,3.1,3.3,3.6
19,2023,3.7,3.3,4.1,4.0,3.8,3.4
23,2023,3.1,2.5,3.5,3.4,3.1,2.8
27,2023,2.7,2.7,2.4,2.9,3.1,2.3
28,2023,3.7,3.7,3.2,3.9,4.0,3.7
35,2023,2.9,3.6,2.9,2.8,2.2,3.0
36,2023,2.8,3.0,2.7,2.6,2.8,3.0
38,2023,3.0,3.0,2.8,3.6,3.0,2.8
41,2023,2.6,2.4,2.6,2.4,3.0,2.6
42,2023,4.1,4.0,4.0,4.2,4.2,4.0
44,2023,3.7,3.7,3.6,3.9,3.4,4.1
47,2023,3.3,2.9,3.1,3.8,3.0,3.6
54,2023,3.9,3.9,4.0,4.2,3.7,3.6
58,2023,3.7,3.6,3.8,3.7,3.7,3.7
59,2023,3.2,3.3,3.0,3.3,3.3,3.0
63,2023,2.7,2.6,3.1,2.7,2.8,2.4
65,2023,3.3,3.3,3.5,3.1,3.3,3.2
66,2023,3.3,3.8,3.3,3.4,2.7,3.4
67,2023,3.1,3.1,2.3,3.2,3.3,3.4
70,2023,3.4,3.9,3.5,3.7,2.9,3.1
73,2023,2.3,1.2,2.4,2.6,2.4,2.7
75,2023,3.4,2.9,3.2,3.7,3.8,3.6
76,2023,3.7,3.4,3.5,4.2,3.4,4.1
79,2023,2.8,2.9,2.5,3.5,2.5,2.6
80,2023,3.1,3.3,2.6,3.1,3.2,3.5
86,2023,3.6,3.1,3.5,3.4,4.6,3.5
91,2023,2.8,2.9,2.4,2.5,3.1,3.0
92,2023,3.6,3.7,3.7,3.9,3.4,3.2
93,2023,2.5,2.5,3.1,2.2,2.3,2.4
97,2023,3.1,2.7,3.5,3.0,3.2,3.0
98,2023,4.1,4.6,4.1,3.5,4.3,3.8
100,2023,4.5,4.3,5,4.2,4.7,4.4
101,2023,3.3,3.2,3.9,3.5,3.1,2.9
102,2023,3.4,3.3,3.7,2.9,3.7,3.4
104,2023,3.9,4.0,3.6,4.0,4.2,3.6
105,2023,3.7,3.4,4.1,3.4,4.1,3.3
109,2023,3.5,3.6,4.1,3.2,3.0,3.5
110,2023,3.5,3.3,3.6,3.6,3.7,3.3
112,2023,3.0,3.1,2.9,3.6,3.0,2.6
113,2023,2.9,2.5,2.8,3.0,2.9,3.0
114,2023,3.4,3.2,3.6,3.4,3.3,3.4
117,2023,2.7,2.5,2.9,2.8,3.0,2.2
120,2023,3.3,3.0,3.5,3.0,3.4,3.5
121,2023,3.8,4.1,3.6,3.8,3.6,3.7
122,2023,3.7,4.0,3.6,3.2,3.8,3.8
124,2023,2.2,2.2,1.9,2.6,2.1,2.2
128,2023,2.9,3.2,3.1,2.5,2.8,2.7
129,2023,3.8,3.7,3.6,4.3,4.3,3.1
132,2023,3.0,2.7,2.9,3.4,3.2,2.8
134,2023,3.5,2.9,3.9,3.4,3.3,4.0
135,2023,3.5,3.9,3.4,2.8,4.1,3.1
137,2023,4.3,4.4,4.3,4.1,4.1,4.5
138,2023,3.3,3.4,3.0,3.3,3.4,3.5
139,2023,2.8,2.5,2.9,2.9,3.1,2.9
142,2023,2.5,2.7,2.9,2.5,2.0,2.3
143,2023,2.7,2.5,2.7,3.0,2.6,2.9
144,2023,3.2,2.7,3.3,3.7,3.3,3.0
146,2023,3.7,3.7,3.6,3.9,3.6,3.9
147,2023,2.8,3.0,3.1,2.3,2.8,2.8
149,2023,3.8,3.2,4.1,3.9,4.0,3.5
150,2023,2.9,2.9,3.0,2.5,2.5,3.4
151,2023,3.5,3.8,3.4,3.1,3.5,3.7
157,2023,3.2,2.6,3.3,3.7,3.2,3.0
160,2023,3.1,3.3,2.9,2.8,3.2,3.2
161,2023,3.6,3.8,3.7,3.7,3.6,3.1
162,2023,2.2,2.3,2.5,2.0,2.2,1.9
165,2023,3.1,3.4,3.1,3.0,2.8,3.3
166,2023,3.6,3.5,3.7,3.6,3.4,3.8
167,2023,3.3,3.2,3.0,3.5,3.4,3.5
168,2023,3.0,3.1,3.1,2.9,2.7,3.5
169,2023,3.8,3.9,3.9,3.8,3.4,4.0
174,2023,3.0,2.6,3.6,2.7,3.0,3.2
176,2023,3.8,3.5,4.1,4.0,3.4,4.0
177,2023,2.5,2.7,2.2,2.1,2.8,2.4
181,2023,3.2,3.0,3.1,3.4,3.8,2.7
183,2023,3.3,3.2,3.1,3.2,3.5,3.6
184,2023,3.6,3.8,3.2,3.7,3.9,3.7
186,2023,3.5,3.7,3.5,3.4,3.6,3.4
188,2023,2.9,2.9,2.8,3.0,2.9,2.9
190,2023,3.2,3.2,3.2,3.3,3.1,3.4
191,2023,3.4,3.4,3.3,3.6,3.8,3.1
193,2023,3.4,3.0,3.6,3.5,3.5,3.3
195,2023,3.6,3.1,3.9,3.5,4.0,3.5
197,2023,3.5,3.5,3.8,3.7,3.3,3.5
200,2023,3.3,2.9,3.2,3.6,3.2,3.6
202,2023,3.9,3.9,4.2,3.8,3.5,3.8
203,2023,3.6,3.7,3.6,3.3,4.0,3.4
206,2023,3.8,4.3,3.5,3.4,3.8,3.8
207,2023,3.0,3.0,2.5,3.6,2.9,3.2
209,2023,2.9,2.8,2.4,2.8,3.3,3.0
210,2023,2.7,2.2,3.0,2.8,2.9,2.5
211,2023,2.8,2.7,2.7,3.0,2.9,3.0
216,2023,3.9,4.1,3.5,4.1,3.7,4.1
218,2023,3.7,4.3,3.2,3.7,3.7,3.5
220,2023,3.2,3.5,3.1,2.7,3.4,3.2
221,2023,3.7,3.3,4.4,3.4,3.6,3.7
226,2023,3.0,2.8,3.2,3.2,2.3,3.5
230,2023,3.2,3.0,3.5,3.6,2.8,3.0
231,2023,2.6,2.0,2.6,2.9,2.8,2.9
234,2023,2.0,2.6,1.4,2.5,1.8,1.8
236,2023,2.9,2.6,2.8,2.7,3.0,3.3
237,2023,2.5,2.2,2.8,2.1,2.9,2.7
239,2023,3.3,3.5,3.3,2.8,3.2,3.9
240,2023,2.9,2.8,3.1,2.5,2.8,3.1
242,2023,3.4,3.3,3.0,4.0,3.4,3.4
243,2023,2.9,2.6,3.1,2.7,3.2,3.0
245,2023,3.6,3.2,3.7,3.7,4.0,3.2
250,2023,3.1,3.0,3.0,3.6,3.0,2.9
252,2023,2.7,2.3,2.6,2.8,3.0,2.8
253,2023,3.5,3.1,3.3,4.1,3.9,3.3
255,2023,3.1,3.0,3.1,3.2,3.2,2.9
256,2023,2.8,2.5,2.8,2.5,3.2,2.9
257,2023,1.9,1.5,2.4,2.0,1.5,2.0
261,2023,3.7,3.5,3.3,4.0,4.0,3.5
262,2023,3.2,3.3,2.8,3.4,3.0,3.3
263,2023,4.4,4.6,4.2,4.1,4.9,4.4
265,2023,3.6,4.0,3.2,3.7,3.6,3.3
266,2023,3.9,4.2,3.7,4.1,3.3,4.4
267,2023,3.2,3.2,3.4,3.0,3.5,2.8
269,2023,4.1,4.4,3.8,4.2,4.0,4.2
272,2023,2.6,2.6,3.0,2.4,2.6,2.5
273,2023,2.9,3.4,2.7,2.5,2.9,3.2
275,2023,3.0,3.1,3.8,3.1,2.4,2.6
278,2023,2.8,3.0,2.7,3.0,2.8,2.6
279,2023,3.9,3.6,4.1,3.8,4.2,3.7
281,2023,3.1,2.7,3.0,3.1,3.4,3.3
282,2023,3.7,3.4,4.1,3.5,3.5,4.3
283,2023,3.1,2.9,3.0,3.4,3.3,2.8
284,2023,3.3,2.8,3.4,3.4,2.9,3.9
287,2023,3.7,3.5,3.7,3.5,3.9,3.9
288,2023,3.9,4.3,3.9,4.0,3.6,3.8
291,2023,3.4,3.5,3.7,3.4,3.6,3.0
292,2023,3.5,3.4,3.3,3.6,3.5,4.0
293,2023,3.1,3.3,3.3,2.4,3.2,3.4
295,2023,2.7,2.8,2.7,2.7,2.8,2.4
297,2023,3.6,3.3,4.0,3.3,4.0,3.5
299,2023,2.6,2.2,2.6,3.0,2.8,2.3
302,2023,2.6,2.7,2.4,2.6,2.7,2.5
303,2023,3.8,3.5,4.2,4.0,3.6,3.9
305,2023,3.7,4.1,3.8,3.7,3.5,3.5
307,2023,4.0,3.9,4.2,4.0,3.8,4.1
308,2023,3.4,3.2,3.3,3.3,3.6,3.5
310,2023,3.3,3.5,3.7,2.9,3.3,3.4
311,2023,3.3,3.3,3.7,3.4,2.9,3.4
312,2023,2.8,2.2,3.0,2.7,2.7,3.3
313,2023,3.2,3.2,3.2,3.4,2.8,3.4
315,2023,2.1,2.1,2.3,1.8,2.4,1.7
319,2023,2.7,2.9,2.9,2.1,3.0,2.6
320,2023,4.0,3.7,3.7,4.1,3.8,4.6
323,2023,3.6,4.0,3.5,3.2,3.8,3.6
327,2023,4.2,4.6,4.0,4.1,3.9,4.5
328,2023,3.1,3.4,2.9,3.0,3.0,3.3
331,2023,3.3,3.5,2.9,3.4,3.7,3.1
333,2023,3.5,3.6,3.3,3.3,3.6,3.7
334,2023,3.6,3.4,3.8,3.7,3.9,3.0
338,2023,3.3,3.2,3.5,2.9,3.2,3.7
3,2023,3.3,3.2,3.3,3.7,3.4,3.0
14,2023,3.0,3.1,3.0,3.1,3.0,2.7
18,2023,2.6,2.8,2.0,2.4,2.8,3.1
20,2023,2.6,2.4,2.8,2.2,2.4,3.2
24,2023,3.5,3.6,3.4,3.4,3.7,3.6
25,2023,3.7,3.4,3.8,3.9,3.7,3.5
26,2023,3.7,3.4,3.6,3.9,3.7,3.6
29,2023,3.6,3.6,3.5,3.8,3.9,3.3
30,2023,2.8,2.3,3.1,2.9,2.9,2.7
32,2023,3.5,3.6,3.6,3.5,3.6,3.2
33,2023,3.9,3.5,3.9,3.7,3.9,4.4
34,2023,3.7,3.6,3.7,3.5,4.1,3.6
37,2023,3.0,3.2,2.8,3.0,3.2,2.9
40,2023,3.3,3.6,2.9,2.9,3.4,3.4
45,2023,2.3,2.2,2.1,2.8,2.3,2.2
46,2023,3.3,3.3,3.3,3.1,3.3,3.3
48,2023,2.8,3.1,3.0,2.5,2.6,2.9
50,2023,3.1,3.5,3.1,3.1,2.8,2.9
52,2023,4.8,5,4.9,4.9,4.6,4.8
55,2023,2.0,1.9,2.1,1.5,1.9,2.3
56,2023,2.8,2.9,3.1,2.7,2.7,2.8
60,2023,3.3,2.9,3.9,3.1,3.5,3.0
61,2023,2.7,2.9,2.6,3.1,2.2,2.4
62,2023,2.8,3.0,2.7,3.0,2.8,2.6
71,2023,2.7,3.3,2.3,2.7,2.7,2.4
78,2023,2.1,1.5,2.5,2.3,1.8,2.2
81,2023,2.8,2.7,2.8,3.2,2.3,2.9
82,2023,3.2,3.1,3.7,3.5,2.8,3.1
84,2023,3.8,3.5,3.7,3.4,4.5,3.8
88,2023,3.4,2.8,3.5,4.0,3.5,3.2
89,2023,2.9,2.6,3.1,2.8,3.3,2.5
90,2023,3.1,2.7,3.3,3.5,3.4,2.5
95,2023,3.3,3.0,3.3,3.4,3.3,3.6
106,2023,2.7,2.1,2.4,2.7,3.2,2.8
107,2023,3.4,2.9,4.4,3.2,3.0,3.6
111,2023,3.0,2.8,2.9,2.7,3.5,3.2
115,2023,3.3,3.3,3.2,2.9,3.2,3.7
116,2023,3.1,3.4,2.8,3.2,3.0,3.3
119,2023,3.2,2.9,2.9,3.4,3.2,3.8
125,2023,2.3,2.4,2.6,1.9,2.8,2.1
130,2023,2.8,2.4,2.6,2.6,3.0,3.3
131,2023,3.3,3.6,3.4,2.6,3.8,3.1
141,2023,3.6,3.6,3.4,3.9,3.5,3.5
145,2023,2.8,2.9,2.9,2.5,3.1,2.9
148,2023,2.9,3.0,3.0,3.0,2.6,3.1
153,2023,3.8,3.6,3.3,4.2,4.1,3.9
154,2023,3.5,3.3,3.4,3.7,3.9,3.2
155,2023,2.5,2.4,2.9,2.0,2.4,2.6
158,2023,2.4,2.2,2.2,2.4,2.7,2.7
159,2023,2.4,2.4,2.1,2.4,2.8,2.0
163,2023,3.2,3.4,3.5,3.5,2.8,2.7
175,2023,3.0,2.9,3.1,2.9,3.1,3.0
182,2023,2.6,2.6,3.0,2.2,2.8,2.7
185,2023,3.0,2.9,3.0,3.3,2.8,3.0
187,2023,2.8,2.9,2.7,2.5,3.0,2.9
189,2023,3.0,3.4,2.5,2.8,2.9,3.2
196,2023,3.4,3.1,3.4,3.1,3.7,3.8
205,2023,3.7,3.0,3.5,4.2,3.8,3.8
212,2023,3.0,2.9,3.0,3.5,2.9,2.6
215,2023,3.3,3.2,3.3,3.9,3.2,2.7
219,2023,3.0,3.0,3.1,2.8,3.7,2.6
222,2023,3.7,4.2,3.1,3.7,3.3,3.9
223,2023,3.2,2.8,2.9,3.1,3.7,3.5
227,2023,2.4,2.3,2.6,2.6,1.9,2.6
232,2023,2.7,2.1,3.2,3.0,3.1,2.2
233,2023,1.8,2.0,1.9,1.9,1.2,2.1
238,2023,3.4,3.7,3.5,3.2,3.4,3.4
247,2023,3.4,3.2,3.2,3.7,4.1,2.8
254,2023,3.0,3.2,3.1,3.1,2.7,2.9
258,2023,3.0,3.3,2.6,2.9,3.3,3.1
264,2023,3.4,3.1,3.4,3.7,3.5,3.5
268,2023,3.3,3.7,2.8,3.4,3.4,3.0
270,2023,3.1,3.1,3.6,2.6,2.8,3.2
276,2023,2.3,2.1,2.2,2.3,2.3,2.5
277,2023,3.3,2.7,3.8,3.6,3.3,2.9
289,2023,3.2,3.2,3.1,3.1,3.5,3.1
290,2023,3.0,3.2,3.2,2.9,2.9,2.9
296,2023,3.2,3.4,3.4,3.1,2.9,3.4
300,2023,3.8,3.7,4.0,4.1,3.2,3.9
301,2023,2.9,2.7,3.0,2.6,3.2,3.1
304,2023,2.6,3.3,2.5,2.5,2.5,2.4
306,2023,2.9,3.0,2.6,2.9,3.3,2.9
314,2023,2.8,2.7,2.8,2.8,3.2,2.4
318,2023,3.1,3.5,2.8,3.1,3.1,2.9
321,2023,3.2,3.3,3.3,2.6,2.8,4.1
322,2023,3.1,3.5,3.1,3.2,3.2,2.5
324,2023,3.5,3.3,3.8,3.8,3.4,3.4
326,2023,3.3,3.1,3.6,3.4,2.7,3.6
330,2023,3.1,2.9,2.8,2.9,3.3,3.4
332,2023,3.6,3.4,3.5,3.3,3.9,3.7
336,2023,2.8,2.7,3.0,2.5,3.0,2.7
337,2023,3.2,2.9,3.1,3.4,3.2,3.5
1,2024,2.5,2.7,2.6,2.2,2.7,2.4
2,2024,3.9,3.8,3.7,4.0,4.2,3.8
4,2024,3.8,4.2,3.8,3.6,3.9,3.7
6,2024,3.0,2.6,3.2,3.5,2.5,3.2
7,2024,3.7,3.7,3.7,4.1,3.7,3.5
9,2024,2.6,2.3,3.2,3.0,1.9,2.5
12,2024,2.6,2.7,2.2,2.8,3.2,2.2
15,2024,4.2,4.0,4.2,4.6,3.9,4.3
16,2024,2.5,2.3,2.4,2.7,2.8,2.4
17,2024,3.0,3.0,3.1,2.9,2.9,2.9
19,2024,3.4,3.8,3.3,3.4,2.7,3.6
23,2024,2.9,3.0,3.0,2.9,3.1,2.5
27,2024,3.8,3.7,4.0,3.7,3.7,3.8
28,2024,2.9,3.0,2.5,2.7,3.0,3.1
35,2024,3.1,3.0,2.5,3.4,3.5,3.0
36,2024,2.9,3.1,2.8,3.0,2.8,2.9
38,2024,3.9,3.5,4.3,3.8,3.8,4.1
41,2024,3.1,2.9,3.8,2.1,3.2,3.2
42,2024,3.1,2.8,3.1,2.9,3.0,3.6
44,2024,4.4,4.3,4.2,4.9,4.0,4.7
47,2024,2.8,3.2,2.9,2.6,2.8,2.8
49,2024,3.0,3.1,2.5,3.0,2.9,3.3
53,2024,3.9,3.6,4.2,4.2,4.1,3.4
54,2024,2.9,3.1,3.3,2.6,2.9,2.6
57,2024,2.7,2.7,2.7,3.3,2.2,2.7
58,2024,3.4,3.8,3.7,3.1,3.0,3.6
59,2024,3.2,3.7,3.1,2.8,3.0,3.7
63,2024,3.0,2.4,2.7,3.6,3.0,3.3
64,2024,3.7,3.6,3.9,3.5,3.7,3.7
65,2024,3.3,3.1,3.8,3.5,3.0,3.2
66,2024,2.7,3.1,2.7,2.8,2.6,2.2
70,2024,3.0,3.6,2.8,3.0,2.8,2.6
73,2024,3.3,3.5,3.5,3.1,3.0,3.3
75,2024,3.3,3.7,3.2,2.8,3.4,3.2
76,2024,2.6,3.2,2.0,2.6,2.4,2.8
79,2024,3.8,3.5,4.0,4.7,3.4,3.5
80,2024,3.3,3.2,3.1,3.3,3.4,3.4
85,2024,3.3,3.0,2.7,3.4,3.5,3.6
86,2024,4.3,4.0,4.4,3.8,5,4.1
87,2024,2.9,3.1,3.4,2.5,2.5,3.1
91,2024,2.8,2.9,2.6,2.8,2.6,3.0
92,2024,4.0,3.9,4.1,4.3,4.0,3.6
93,2024,3.0,2.8,3.4,3.1,3.2,2.7
97,2024,3.1,3.4,2.9,2.6,3.2,3.4
98,2024,3.4,3.7,3.5,3.7,3.1,3.0
99,2024,3.3,2.8,3.3,3.0,4.0,3.7
100,2024,3.4,3.2,4.0,3.2,3.1,3.5
101,2024,2.7,2.7,2.2,3.0,2.8,3.1
103,2024,3.9,4.3,4.1,4.0,4.0,3.2
104,2024,3.4,3.7,3.4,3.7,3.0,3.5
105,2024,3.3,3.5,3.3,3.5,3.2,3.1
109,2024,2.9,3.0,2.7,2.4,3.1,3.3
110,2024,3.6,3.8,3.5,4.3,3.3,3.4
112,2024,3.2,4.0,2.9,3.2,2.8,3.1
113,2024,2.8,2.7,2.2,2.9,2.8,3.5
114,2024,3.5,4.0,3.7,3.4,3.2,3.3
117,2024,4.2,4.2,4.3,4.3,4.0,4.4
120,2024,3.5,3.4,3.4,2.9,3.9,3.8
122,2024,3.3,3.5,3.1,3.2,3.8,3.0
123,2024,3.8,4.3,3.5,4.0,3.9,3.5
124,2024,2.9,2.8,2.7,3.5,3.2,2.6
129,2024,3.3,3.6,2.7,3.3,3.1,3.7
132,2024,3.0,3.3,3.4,2.6,3.0,2.8
133,2024,3.5,3.5,3.9,3.5,3.0,3.8
134,2024,3.3,3.4,3.0,3.5,3.3,3.5
135,2024,3.5,3.4,3.9,3.5,2.9,3.6
137,2024,3.8,3.7,3.7,4.1,3.6,3.9
138,2024,3.5,3.5,3.7,3.6,3.3,3.4
139,2024,4.2,4.3,4.1,4.3,4.4,3.9
144,2024,3.8,3.4,3.3,4.2,3.8,4.1
146,2024,2.8,2.3,2.7,2.9,2.7,3.3
147,2024,3.1,3.4,3.5,2.9,2.8,2.8
150,2024,3.3,3.0,3.5,3.2,3.5,3.4
151,2024,3.2,3.1,3.0,2.7,3.6,3.6
156,2024,3.1,3.5,3.2,2.9,3.2,2.5
157,2024,3.2,3.4,3.0,3.0,3.3,3.1
160,2024,3.0,3.7,2.5,3.1,2.9,2.6
161,2024,3.4,2.9,3.3,3.8,3.4,3.6
162,2024,2.8,2.8,3.1,2.6,2.6,3.0
164,2024,4.0,4.1,4.6,3.6,4.1,3.9
166,2024,2.6,2.7,3.1,2.5,2.1,2.5
167,2024,2.9,2.8,3.0,2.6,3.3,3.0
168,2024,3.6,3.4,3.8,3.3,3.7,3.5
169,2024,3.2,3.2,3.1,3.4,3.2,3.2
174,2024,3.7,3.8,3.7,3.8,3.5,3.9
176,2024,2.9,2.9,2.4,3.3,2.7,3.1
177,2024,3.0,3.2,3.1,2.8,3.0,3.1
178,2024,3.8,3.9,4.0,3.4,3.2,4.3
179,2024,3.9,4.3,3.1,3.9,4.0,4.3
181,2024,3.1,3.3,3.2,2.8,2.7,3.3
183,2024,3.7,4.0,3.4,3.9,3.3,3.8
184,2024,3.5,3.7,3.0,3.9,3.5,3.3
186,2024,4.1,4.6,4.0,4.0,4.0,3.9
188,2024,3.1,3.0,2.9,3.3,3.3,3.2
191,2024,3.4,3.1,4.1,3.3,3.6,3.1
193,2024,3.6,3.5,3.0,3.6,4.0,4.0
195,2024,3.8,4.2,3.7,3.2,3.9,4.2
197,2024,4.3,4.5,4.1,4.4,4.5,4.1
200,2024,3.6,3.6,3.9,3.0,3.5,3.7
201,2024,3.6,3.7,3.7,3.6,3.6,3.7
202,2024,3.8,4.0,3.8,3.5,3.9,3.8
203,2024,3.7,3.5,3.8,3.6,4.0,3.7
206,2024,2.7,3.1,2.9,2.2,2.0,3.1
207,2024,3.8,3.7,3.7,4.2,3.5,3.9
209,2024,3.4,3.3,3.9,3.2,3.7,3.1
210,2024,3.8,4.2,4.1,3.4,3.3,4.0
211,2024,4.2,3.8,4.8,3.9,4.0,4.2
214,2024,3.3,3.5,3.3,3.8,2.9,2.9
216,2024,2.7,3.0,3.1,2.7,2.1,2.8
218,2024,2.3,2.0,2.2,2.2,2.7,2.3
220,2024,3.7,3.2,3.4,4.0,4.0,3.8
221,2024,2.6,2.7,2.6,2.7,2.2,2.9
225,2024,4.1,4.3,4.0,4.2,4.1,4.1
226,2024,3.4,3.3,3.4,3.5,3.6,3.2
228,2024,3.4,3.0,3.1,4.0,3.4,3.3
230,2024,3.9,4.2,3.1,3.6,4.7,3.8
231,2024,3.5,3.7,3.2,3.5,3.8,3.4
234,2024,2.6,2.0,2.6,2.7,2.6,3.1
236,2024,3.6,3.6,3.2,3.5,3.8,3.7
237,2024,3.2,3.6,2.6,3.5,3.5,2.9
239,2024,3.0,3.2,3.4,2.4,2.9,3.1
240,2024,3.5,3.4,3.7,3.4,3.6,3.5
243,2024,3.0,3.1,2.7,3.2,3.0,3.0
245,2024,2.6,2.8,2.9,2.8,2.0,2.7
248,2024,3.7,3.9,2.9,4.2,4.1,3.4
250,2024,3.4,3.6,3.7,3.3,2.6,3.8
253,2024,3.1,3.0,3.4,3.3,2.7,3.1
255,2024,3.7,4.1,3.7,3.3,3.8,3.4
256,2024,2.9,3.3,2.4,2.9,2.8,3.2
257,2024,4.0,4.3,4.2,3.9,3.8,3.9
261,2024,3.0,3.2,2.8,3.4,2.9,2.9
262,2024,2.4,2.5,2.5,2.6,2.5,2.2
263,2024,3.3,3.3,3.0,3.4,3.5,3.3
265,2024,3.9,4.2,4.0,3.4,4.1,3.6
266,2024,2.2,2.7,2.0,1.7,2.0,2.9
267,2024,2.4,2.0,2.9,2.5,2.6,2.3
269,2024,3.6,3.7,3.4,3.4,3.6,4.1
271,2024,4.1,3.8,4.2,3.9,4.0,4.5
272,2024,3.2,3.6,3.2,3.0,3.0,3.5
273,2024,3.6,3.5,3.9,3.6,3.7,3.4
275,2024,3.3,3.0,3.3,4.0,3.2,3.2
278,2024,4.7,4.6,4.4,4.9,4.4,4.9
279,2024,3.8,3.8,3.9,3.5,4.3,3.7
280,2024,4.0,3.8,4.0,3.7,4.1,4.3
281,2024,4.0,3.6,3.9,4.1,4.4,4.0
282,2024,3.3,3.8,3.3,3.0,3.2,3.5
283,2024,3.8,3.3,4.1,3.9,3.8,3.8
284,2024,3.2,2.8,3.2,3.2,3.7,3.2
287,2024,3.6,3.4,3.4,4.0,3.9,3.6
288,2024,3.3,3.2,3.9,2.7,2.9,3.7
291,2024,3.1,2.8,2.8,3.3,3.1,3.4
292,2024,4.0,4.1,3.6,4.2,3.8,4.3
293,2024,2.6,2.6,2.5,2.5,2.6,2.9
295,2024,2.7,2.2,2.6,2.3,2.9,3.3
297,2024,3.4,2.9,3.3,3.6,3.2,4.1
298,2024,4.0,4.0,3.7,3.8,4.2,4.1
299,2024,2.5,2.2,2.7,2.7,2.4,2.5
302,2024,3.3,3.4,3.2,3.8,3.1,3.0
303,2024,2.7,2.7,2.4,3.1,3.0,2.6
305,2024,3.5,3.3,3.8,3.4,3.4,3.5
307,2024,4.0,4.2,3.7,4.1,4.5,3.4
309,2024,3.5,3.5,3.4,3.6,3.9,3.1
310,2024,3.0,3.0,3.5,3.0,2.8,2.8
311,2024,3.7,3.6,3.2,3.8,3.7,4.2
312,2024,3.3,3.4,3.3,3.1,3.8,3.1
313,2024,3.4,3.1,3.1,3.9,3.4,3.7
315,2024,3.5,3.6,3.7,3.0,3.4,4.0
317,2024,2.6,2.2,2.6,2.4,2.9,3.0
320,2024,2.8,2.9,2.2,3.1,2.7,3.0
323,2024,3.9,3.3,4.1,4.4,3.7,3.8
325,2024,3.3,3.5,3.6,2.9,3.4,2.8
328,2024,3.3,3.1,3.7,3.2,3.1,3.3
331,2024,3.4,3.6,3.4,3.8,3.5,3.0
333,2024,3.1,3.0,3.1,2.9,3.3,3.4
334,2024,3.7,3.6,4.0,3.4,3.8,3.6
335,2024,3.4,3.3,3.0,4.2,3.3,3.4
338,2024,4.0,4.3,4.3,4.0,4.0,3.4
341,2024,3.5,3.8,2.9,3.5,3.8,3.6
342,2024,2.4,2.3,2.9,2.5,2.2,2.1
343,2024,2.5,2.2,3.0,2.6,2.8,2.1
345,2024,3.3,3.1,3.1,3.2,3.5,3.5
346,2024,3.7,4.4,3.9,3.5,3.3,3.5
347,2024,3.5,3.8,3.7,3.4,3.4,3.1
348,2024,3.1,2.9,3.1,3.0,3.2,3.1
349,2024,3.0,2.4,3.3,3.5,2.9,3.1
351,2024,3.0,2.7,3.3,3.2,2.8,3.1
353,2024,4.0,3.8,3.6,4.2,4.2,4.1
354,2024,3.8,4.1,3.6,4.0,3.6,3.7
355,2024,4.0,3.4,4.1,4.4,3.9,4.3
356,2024,3.3,3.4,3.3,3.5,3.3,3.0
358,2024,2.9,2.9,2.7,3.2,2.7,3.2
360,2024,3.8,4.1,3.7,3.6,3.5,4.2
362,2024,3.6,3.6,3.5,3.8,3.9,3.2
363,2024,3.2,3.1,3.0,3.8,3.0,3.0
365,2024,4.1,4.2,4.0,4.2,4.2,3.9
367,2024,3.1,3.0,3.2,3.1,2.8,3.5
368,2024,3.2,3.7,3.2,2.6,3.0,3.7
370,2024,2.3,2.7,2.0,2.0,2.3,2.6
373,2024,2.0,2.0,1.7,1.8,2.2,2.5
374,2024,2.8,2.6,3.0,2.7,2.9,2.6
377,2024,4.0,3.8,4.2,3.7,3.7,4.6
378,2024,3.4,3.3,3.1,3.7,3.3,3.4
379,2024,3.0,3.3,2.6,2.6,3.5,3.1
381,2024,3.7,3.5,3.4,3.8,3.7,4.0
389,2024,3.3,3.6,2.9,3.3,3.3,3.5
394,2024,3.1,2.7,3.6,3.0,2.7,3.3
395,2024,3.8,3.8,3.9,3.3,4.0,3.9
398,2024,3.5,3.7,3.2,3.6,3.7,3.1
400,2024,3.7,3.6,3.1,4.0,3.7,3.9
401,2024,3.5,3.3,3.6,3.5,3.8,3.1
403,2024,2.9,2.7,2.6,3.1,2.7,3.2
406,2024,3.0,2.8,2.9,3.1,3.1,3.1
407,2024,3.4,3.7,3.9,3.5,3.0,2.9
411,2024,3.3,3.1,3.4,3.5,3.1,3.3
412,2024,3.1,3.1,3.1,3.3,3.1,2.9
413,2024,3.8,3.7,4.0,4.2,3.7,3.3
414,2024,3.6,3.9,3.9,3.5,3.5,3.2
415,2024,3.4,3.6,4.1,3.0,3.4,3.0
417,2024,3.2,3.1,3.3,3.3,3.2,3.3
419,2024,3.1,3.2,3.3,2.8,3.0,3.2
422,2024,3.9,3.2,4.1,4.7,3.1,4.2
423,2024,2.8,3.1,2.6,2.5,2.6,3.3
429,2024,3.8,3.7,3.8,4.6,3.5,3.4
431,2024,3.9,4.6,3.8,3.6,3.9,3.6
432,2024,3.8,3.7,3.6,3.9,3.8,4.1
433,2024,3.0,2.9,3.2,2.9,3.0,3.1
434,2024,3.1,3.2,3.0,2.8,3.3,3.0
435,2024,3.3,3.2,3.8,2.5,3.8,3.1
437,2024,2.8,2.8,2.9,2.4,3.1,2.9
443,2024,3.5,3.8,3.3,3.0,3.7,3.6
445,2024,2.7,2.9,2.4,2.9,2.8,2.6
447,2024,3.9,4.2,4.5,4.0,3.5,3.4
448,2024,4.2,4.1,4.2,4.2,4.2,4.3
449,2024,4.0,3.7,4.0,4.0,4.3,3.7
450,2024,3.4,4.2,3.5,2.7,3.1,3.3
453,2024,3.7,4.2,3.2,4.2,3.1,4.0
456,2024,3.4,3.2,3.1,3.1,3.7,3.9
457,2024,3.1,2.8,3.4,3.0,3.1,3.0
459,2024,3.6,3.6,3.4,3.6,3.3,3.9
461,2024,3.3,3.1,3.4,3.5,2.9,3.5
462,2024,3.0,2.9,3.5,3.0,3.0,2.9
464,2024,3.2,3.6,3.2,3.2,3.2,3.1
466,2024,3.4,2.7,4.3,3.1,3.7,3.2
3,2024,2.9,2.8,2.4,3.1,3.0,3.1
24,2024,3.0,2.8,3.3,3.3,3.0,2.7
25,2024,3.2,2.9,3.3,3.5,3.4,3.1
29,2024,3.4,3.7,3.4,3.3,3.2,3.4
33,2024,3.5,3.0,3.8,3.3,2.7,4.4
34,2024,3.0,2.8,3.4,3.2,2.7,2.8
40,2024,3.1,3.1,2.9,3.2,3.3,2.9
46,2024,3.8,4.2,3.6,3.9,3.5,4.0
52,2024,2.2,2.5,2.4,2.2,2.0,2.0
56,2024,3.9,3.7,4.2,3.7,4.2,3.4
60,2024,3.2,3.3,3.0,3.1,3.8,2.8
95,2024,3.5,3.0,3.5,3.7,4.0,3.3
107,2024,3.0,3.1,2.7,2.9,3.0,3.3
115,2024,2.7,2.5,2.6,3.2,2.7,2.6
126,2024,2.3,1.9,2.4,2.3,2.8,2.3
127,2024,3.0,2.6,3.0,3.0,3.1,3.4
141,2024,2.7,2.8,2.5,2.6,2.7,2.7
148,2024,2.8,3.1,3.0,2.5,2.5,3.0
154,2024,3.4,3.0,3.7,3.3,3.5,3.5
158,2024,2.7,2.9,2.1,2.7,3.3,2.4
171,2024,3.7,3.3,4.1,3.7,3.9,3.8
180,2024,3.0,3.4,2.6,2.9,2.9,3.3
182,2024,3.9,3.7,4.1,3.8,4.2,3.6
187,2024,2.1,2.4,1.7,2.7,1.5,2.0
194,2024,3.1,3.0,2.8,3.3,3.6,2.9
196,2024,3.4,3.1,4.0,3.1,3.8,3.2
205,2024,3.2,3.3,3.6,2.7,3.2,2.9
213,2024,4.2,4.7,4.4,4.0,3.6,4.2
215,2024,2.3,2.4,2.1,2.0,2.6,2.5
219,2024,2.8,2.4,3.0,3.2,2.9,2.5
224,2024,3.4,3.3,3.5,3.6,3.4,3.1
232,2024,3.8,3.7,3.7,4.1,3.6,3.7
251,2024,3.1,2.9,2.7,3.3,3.3,3.2
258,2024,2.2,2.2,2.1,2.8,2.1,1.8
260,2024,1.9,2.0,1.1,2.2,2.3,1.9
264,2024,3.7,3.8,3.7,3.5,3.9,3.5
268,2024,3.8,3.7,3.9,3.2,3.6,4.4
285,2024,4.1,4.1,4.9,3.5,4.2,3.8
289,2024,3.4,3.7,2.8,3.8,3.0,3.8
296,2024,3.2,3.4,3.0,3.3,2.7,3.6
300,2024,2.3,1.8,2.5,2.3,2.7,2.3
321,2024,2.8,2.9,2.9,2.5,2.7,2.9
324,2024,2.6,3.0,2.4,2.7,2.3,2.6
329,2024,3.1,2.9,3.2,3.4,3.0,3.2
330,2024,3.5,3.5,3.3,3.6,3.1,3.9
332,2024,3.2,2.8,3.2,3.3,3.5,3.3
339,2024,3.3,3.9,3.1,2.7,3.5,3.5
359,2024,3.3,3.2,3.3,3.4,3.6,3.3
361,2024,3.1,2.5,3.5,3.0,2.9,3.5
364,2024,2.2,2.0,2.3,1.9,1.7,3.0
369,2024,1.8,2.2,1.8,1.9,1.2,2.0
371,2024,2.8,3.1,3.2,2.7,2.6,2.3
372,2024,2.4,2.4,2.0,2.7,2.3,2.7
375,2024,2.7,2.7,2.5,2.8,2.8,2.5
376,2024,3.8,3.7,3.9,3.9,3.9,3.9
385,2024,3.7,3.8,3.9,3.5,3.8,3.7
386,2024,3.9,3.4,4.1,4.3,3.9,3.8
391,2024,3.4,4.1,3.7,2.8,3.2,3.0
396,2024,3.2,3.5,3.1,3.7,2.9,3.1
404,2024,2.7,2.8,2.3,2.6,2.4,3.1
405,2024,3.2,3.5,2.9,3.4,3.1,3.0
416,2024,2.4,2.0,2.4,2.8,2.7,2.3
418,2024,2.6,2.5,2.7,3.2,2.4,2.0
424,2024,3.1,3.2,3.4,2.7,2.8,3.4
425,2024,1.9,1.8,2.1,1.8,2.2,1.4
426,2024,3.2,3.2,3.4,2.8,3.1,3.5
427,2024,2.9,3.3,3.3,2.5,3.0,2.5
428,2024,2.3,2.3,2.1,2.4,2.0,2.5
436,2024,3.2,3.2,3.2,2.7,3.5,3.2
438,2024,2.6,2.1,2.9,2.4,2.7,2.9
439,2024,3.1,3.1,3.4,3.1,2.7,2.9
440,2024,2.7,2.7,2.7,2.5,3.6,2.2
442,2024,4.2,4.5,4.1,4.3,4.5,3.7
444,2024,2.6,2.8,2.4,2.3,2.5,2.8
446,2024,3.0,3.4,2.7,2.7,2.5,3.5
451,2024,1.9,1.9,2.0,1.7,2.2,2.1
452,2024,2.4,2.3,2.6,2.3,2.5,2.3
454,2024,2.0,1.8,1.9,2.2,2.0,2.2
463,2024,3.4,3.5,3.5,3.9,2.8,3.3
468,2024,2.5,2.6,2.8,2.3,2.8,2.0
1,2025,3.8,4.0,3.8,3.8,3.6,3.9
4,2025,3.5,3.7,3.0,3.5,3.5,3.6
5,2025,4.3,4.1,4.3,4.2,4.7,4.4
6,2025,3.3,3.4,3.2,3.5,3.5,3.2
7,2025,4.1,4.0,3.9,4.4,4.6,3.6
9,2025,3.6,3.9,3.6,3.7,3.5,3.4
10,2025,3.0,2.9,3.1,3.4,2.8,2.7
12,2025,3.7,3.7,3.8,3.7,4.0,3.2
15,2025,3.2,3.5,3.3,2.7,3.4,3.3
16,2025,3.1,3.5,3.1,3.1,2.8,3.2
17,2025,3.3,3.3,3.3,3.1,3.4,3.6
21,2025,4.0,4.4,4.4,3.7,3.5,4.0
23,2025,2.9,2.8,2.7,2.9,3.0,3.0
27,2025,3.5,3.8,3.4,3.3,3.3,3.6
28,2025,3.2,3.2,3.0,3.1,2.9,3.7
31,2025,2.8,3.0,3.1,2.8,2.6,2.4
35,2025,3.5,3.7,3.7,3.6,3.4,3.2
38,2025,3.0,2.8,3.1,3.0,2.9,3.2
41,2025,3.6,3.3,3.7,3.7,3.5,3.8
42,2025,3.4,3.8,3.2,3.3,3.1,3.5
44,2025,3.4,3.3,3.4,3.0,3.5,3.7
47,2025,3.8,3.3,4.1,3.9,4.3,3.6
49,2025,3.6,3.6,3.5,3.6,3.6,3.8
53,2025,2.8,2.8,3.1,3.0,2.7,2.4
54,2025,3.5,3.5,3.6,3.7,3.7,2.9
57,2025,3.6,3.3,3.9,3.6,3.5,3.6
58,2025,3.8,4.2,4.2,3.3,3.3,4.1
59,2025,2.2,1.9,1.9,2.9,2.2,2.1
63,2025,3.4,2.8,3.4,3.0,3.6,4.0
64,2025,3.3,3.2,3.2,3.1,3.2,3.6
65,2025,3.4,3.6,3.2,3.3,3.1,4.0
67,2025,3.7,3.4,3.6,3.8,4.1,3.6
70,2025,3.8,4.0,4.0,3.5,3.9,3.7
73,2025,3.2,3.3,2.8,3.7,3.4,3.0
74,2025,2.8,2.4,2.1,2.7,3.8,2.8
75,2025,3.2,3.4,3.1,3.5,3.0,3.1
76,2025,3.6,3.4,4.1,3.7,3.4,3.4
79,2025,3.6,3.5,3.4,3.9,3.9,3.4
80,2025,3.5,3.2,3.7,3.5,3.7,3.4
85,2025,4.3,4.7,4.3,4.3,4.1,4.3
86,2025,3.3,3.0,3.3,3.9,3.1,3.0
87,2025,3.5,3.4,3.3,4.1,3.0,3.5
91,2025,3.7,4.2,4.3,3.2,3.6,3.4
92,2025,3.2,3.2,2.9,3.2,3.0,3.5
93,2025,3.5,3.3,4.0,3.4,3.5,3.5
97,2025,2.7,2.8,2.8,2.9,2.0,2.7
98,2025,4.2,4.7,4.0,4.0,4.4,4.1
99,2025,3.5,3.5,3.4,3.6,3.6,3.3
100,2025,3.1,2.7,2.5,3.4,3.7,2.9
101,2025,3.5,3.3,3.8,3.1,3.4,4.0
102,2025,3.2,3.0,3.2,3.2,3.2,3.6
103,2025,3.7,3.5,4.0,3.6,3.5,3.7
105,2025,3.3,3.2,3.0,3.3,3.6,3.6
108,2025,3.5,3.0,3.7,3.5,3.6,3.6
109,2025,3.4,3.4,3.4,3.6,3.4,3.3
110,2025,2.9,2.7,3.1,2.9,2.9,2.9
112,2025,3.0,3.1,2.9,3.5,2.8,2.7
113,2025,2.7,2.6,2.8,2.8,2.9,2.6
114,2025,2.6,2.4,2.5,2.8,2.8,2.3
117,2025,3.1,3.1,3.0,3.1,3.4,3.0
120,2025,3.4,3.9,3.4,3.3,2.9,3.5
121,2025,4.0,4.1,3.9,3.9,4.0,4.1
124,2025,3.4,3.1,3.5,3.3,3.3,3.8
128,2025,3.1,2.8,3.4,3.0,3.2,2.9
129,2025,3.3,2.7,3.6,3.4,3.9,2.7
132,2025,3.2,3.5,3.4,3.3,3.2,2.7
133,2025,3.3,3.2,3.2,3.1,3.6,3.5
134,2025,2.9,2.8,2.7,2.8,3.2,2.9
135,2025,3.8,3.4,3.9,3.6,3.8,4.2
137,2025,2.5,2.8,2.4,2.5,2.0,2.6
138,2025,2.2,2.2,2.6,2.1,2.1,2.3
139,2025,3.6,3.8,3.3,3.6,4.2,3.3
142,2025,3.0,2.9,3.0,2.9,2.9,3.1
143,2025,3.5,3.2,3.8,3.9,3.6,3.2
144,2025,3.8,3.6,4.0,3.2,4.0,4.0
146,2025,3.1,3.2,3.1,3.0,2.9,3.5
147,2025,3.3,3.3,3.2,3.4,3.4,3.3
149,2025,3.7,4.0,3.9,2.8,3.6,4.0
150,2025,3.0,2.2,3.5,2.9,3.4,3.1
151,2025,3.6,3.5,3.6,3.5,3.6,3.7
156,2025,3.7,3.6,3.3,3.7,3.4,4.3
157,2025,3.5,3.6,4.0,3.3,3.2,3.4
160,2025,4.6,4.4,4.4,5,4.6,4.4
161,2025,3.5,3.5,3.4,3.4,3.5,3.6
162,2025,2.9,2.8,3.1,2.9,2.6,3.0
165,2025,3.6,3.2,3.8,3.5,3.5,3.8
167,2025,3.1,3.2,3.2,3.0,3.1,3.1
168,2025,2.8,2.9,2.9,3.1,2.3,3.0
169,2025,2.3,1.9,2.6,2.6,2.1,2.3
174,2025,3.4,3.5,3.4,3.6,3.0,3.4
176,2025,3.4,3.3,3.9,2.9,3.7,3.1
177,2025,3.2,3.1,3.4,3.4,3.1,2.9
178,2025,3.4,3.1,3.1,4.2,3.1,3.7
179,2025,3.3,2.8,3.8,3.1,3.8,3.3
183,2025,3.1,3.1,3.5,2.6,2.9,3.3
184,2025,2.9,2.8,3.5,2.7,2.6,3.1
186,2025,2.7,2.8,3.0,2.9,2.6,2.1
188,2025,3.3,3.3,3.2,3.3,3.1,3.7
190,2025,2.9,2.8,2.9,2.5,3.4,3.0
191,2025,3.0,2.5,3.5,2.7,3.2,3.2
195,2025,3.7,3.7,3.5,4.0,3.5,3.9
201,2025,4.4,4.3,4.6,4.2,4.8,4.2
202,2025,3.2,2.9,3.4,3.0,3.2,3.3
203,2025,3.4,3.0,3.8,3.1,3.3,3.5
207,2025,2.7,2.5,2.6,2.8,2.8,2.6
208,2025,3.4,2.9,3.5,3.5,4.0,3.2
209,2025,3.1,3.2,3.2,3.0,2.9,3.0
210,2025,3.8,3.6,3.6,4.2,3.8,3.7
214,2025,3.3,3.0,2.9,3.4,3.6,3.3
216,2025,3.2,3.3,3.4,3.3,3.4,2.7
218,2025,3.2,3.0,3.7,2.8,2.9,3.8
220,2025,3.0,2.6,2.9,2.6,3.5,3.4
221,2025,3.6,3.2,3.5,4.1,4.0,3.3
225,2025,2.5,2.4,3.2,2.6,2.3,2.1
226,2025,4.4,4.3,4.6,4.4,4.6,4.0
228,2025,3.5,3.7,3.5,3.1,3.3,3.8
230,2025,3.4,3.5,3.7,3.1,3.5,3.1
231,2025,2.3,2.2,2.0,2.3,2.6,2.6
234,2025,2.8,3.5,2.8,2.2,2.5,3.0
236,2025,3.3,3.4,3.8,3.1,3.4,3.0
237,2025,3.3,3.1,2.9,3.4,3.2,3.7
240,2025,3.2,3.4,3.1,2.9,3.4,3.1
242,2025,2.2,2.5,1.7,2.5,2.2,2.2
245,2025,3.5,3.3,3.4,3.9,3.5,3.5
250,2025,3.3,2.9,3.2,3.4,3.4,3.4
252,2025,3.6,3.7,3.3,3.5,3.4,4.0
255,2025,3.3,3.1,3.3,3.3,3.6,3.3
257,2025,3.0,3.0,2.5,3.4,2.9,3.4
261,2025,3.4,3.2,3.7,3.5,3.8,3.0
262,2025,3.1,2.9,2.9,3.2,3.3,3.3
263,2025,3.9,3.5,3.6,4.3,3.9,4.0
265,2025,3.6,3.3,3.7,3.4,3.8,3.8
266,2025,3.1,2.9,3.4,3.6,2.7,3.1
267,2025,3.3,3.0,3.5,3.5,2.9,3.7
271,2025,2.7,2.7,3.2,2.7,2.7,2.4
272,2025,3.4,3.8,3.1,3.5,3.4,3.2
275,2025,3.3,2.9,3.2,3.5,3.3,3.6
278,2025,3.4,3.2,3.5,3.3,3.6,3.2
279,2025,4.5,4.2,4.6,4.4,4.5,4.5
280,2025,3.0,3.1,2.9,3.1,3.2,2.9
281,2025,3.5,3.5,3.5,3.5,3.1,4.0
282,2025,3.4,3.1,3.4,3.6,3.4,3.4
287,2025,3.6,4.1,3.8,3.3,3.8,3.1
288,2025,3.2,3.3,2.8,3.4,3.0,3.3
291,2025,3.5,3.4,3.6,3.1,3.4,3.9
292,2025,3.3,3.3,3.2,3.1,3.2,3.4
293,2025,3.4,3.2,3.0,3.3,3.7,3.8
295,2025,4.4,4.5,4.2,4.5,4.9,4.2
297,2025,3.3,3.2,3.5,3.8,2.7,3.1
299,2025,3.0,2.6,2.8,3.3,3.0,3.2
303,2025,3.6,3.6,3.6,3.4,3.3,3.8
305,2025,3.7,3.8,3.5,3.7,3.6,4.0
307,2025,3.4,3.6,2.6,3.6,3.3,3.9
308,2025,2.7,2.7,2.6,2.5,2.9,2.7
309,2025,3.8,3.7,3.7,3.7,3.9,3.9
310,2025,3.8,3.9,3.6,3.6,3.9,3.9
311,2025,3.4,3.4,2.9,3.9,3.7,2.9
313,2025,3.3,3.8,2.9,3.8,3.1,2.9
315,2025,3.7,3.8,4.1,4.0,3.2,3.6
316,2025,4.3,4.2,4.4,4.3,4.3,4.1
317,2025,3.2,3.0,3.3,3.5,3.6,2.6
319,2025,3.1,2.9,2.9,3.6,2.7,3.3
320,2025,2.3,2.8,2.3,2.0,2.2,2.4
323,2025,3.3,3.1,3.3,3.1,3.4,3.4
325,2025,3.4,3.0,3.5,3.5,3.5,3.2
327,2025,3.5,3.5,3.6,3.6,3.6,3.4
328,2025,3.9,3.9,3.8,3.9,4.3,3.6
331,2025,3.0,2.9,3.0,2.7,3.5,2.7
333,2025,3.7,3.9,3.5,3.7,3.8,3.8
334,2025,3.4,3.9,3.3,3.4,3.4,3.2
335,2025,4.4,4.4,5.0,4.1,3.9,4.4
338,2025,2.6,2.2,2.7,2.9,2.8,2.3
341,2025,3.5,3.3,3.8,3.0,3.7,3.6
342,2025,4.0,4.1,4.1,3.8,3.6,4.4
343,2025,2.8,2.1,2.6,2.8,3.2,3.1
346,2025,3.2,3.1,3.0,3.4,3.2,3.3
348,2025,3.3,3.3,3.4,3.1,2.9,3.6
349,2025,3.6,3.7,3.3,4.2,3.5,3.5
350,2025,3.6,3.2,3.8,3.8,3.7,3.3
354,2025,3.6,3.7,3.1,3.4,3.9,3.8
355,2025,2.9,2.7,3.5,2.9,2.7,2.6
357,2025,3.0,3.4,2.8,3.0,3.1,3.0
358,2025,3.8,4.0,3.9,3.8,3.8,3.7
360,2025,2.9,2.8,3.4,2.4,2.7,3.1
362,2025,4.6,4.7,4.2,5,4.7,4.5
363,2025,3.6,3.9,3.8,3.1,3.0,4.0
366,2025,3.7,3.9,3.6,3.8,3.9,3.5
367,2025,3.6,3.4,3.4,3.9,4.2,3.4
368,2025,3.7,4.0,3.8,3.4,3.8,3.7
373,2025,3.9,3.9,3.8,3.7,4.9,3.2
374,2025,3.2,3.1,3.0,3.4,2.9,3.4
378,2025,2.6,2.7,2.4,2.2,3.0,2.6
379,2025,3.1,3.6,2.7,2.7,3.5,3.1
384,2025,4.2,4.5,4.0,4.2,4.1,4.0
389,2025,3.7,3.9,3.8,3.8,3.9,3.4
394,2025,3.1,3.2,3.2,3.1,3.0,3.0
395,2025,4.0,3.8,4.4,3.5,4.5,3.9
398,2025,4.1,4.3,3.7,4.0,4.1,4.3
400,2025,3.5,2.9,3.3,3.7,3.9,3.5
401,2025,3.2,3.4,3.4,3.0,2.9,3.2
403,2025,3.7,3.9,3.6,3.8,3.7,3.8
406,2025,3.5,3.7,3.4,3.2,3.8,3.4
407,2025,3.1,3.1,3.0,3.1,3.0,3.4
411,2025,3.3,3.4,3.7,3.1,3.4,2.8
413,2025,4.2,3.7,4.4,4.6,3.8,4.4
414,2025,3.1,3.0,3.0,3.4,3.2,2.8
415,2025,2.7,2.3,3.0,2.7,2.5,2.9
417,2025,3.3,3.2,3.4,3.7,3.1,3.3
419,2025,3.1,2.9,3.6,3.4,2.8,2.9
420,2025,4.3,4.2,4.7,4.7,3.7,4.2
422,2025,3.7,3.3,3.5,4.2,4.0,3.6
423,2025,3.0,3.7,2.9,2.5,3.2,2.7
429,2025,3.3,3.5,3.6,3.1,3.2,3.2
432,2025,3.7,3.5,3.7,3.9,4.0,3.4
433,2025,2.9,2.6,2.8,2.9,3.2,3.2
434,2025,3.9,4.0,3.4,3.8,4.2,4.0
435,2025,3.3,3.2,3.7,3.2,3.6,2.7
437,2025,3.4,3.2,3.6,3.4,3.6,3.2
443,2025,3.4,3.7,3.0,3.7,3.2,3.5
445,2025,4.0,3.8,3.7,4.1,3.8,4.4
449,2025,2.9,2.7,2.7,3.0,2.9,3.1
450,2025,3.1,3.2,3.5,3.1,3.3,2.5
453,2025,3.8,3.2,4.5,3.2,3.8,4.5
456,2025,3.8,3.6,3.6,3.9,4.2,3.7
457,2025,4.1,4.4,3.7,4.4,3.8,4.1
458,2025,3.5,3.6,3.5,3.8,3.7,3.1
460,2025,3.4,3.5,3.3,3.3,3.6,3.4
461,2025,3.5,3.3,3.5,3.2,3.4,3.8
462,2025,3.1,2.7,2.9,3.3,3.2,3.2
464,2025,3.2,3.2,3.6,2.9,3.5,2.7
466,2025,3.9,4.1,3.7,3.8,4.1,3.8
469,2025,3.2,3.0,3.2,3.4,3.0,3.3
470,2025,3.7,4.1,3.9,3.6,3.5,3.3
471,2025,3.7,3.5,3.6,3.6,4.2,3.6
472,2025,3.5,3.5,4.0,3.2,3.5,3.3
473,2025,3.8,4.5,3.9,3.7,3.6,3.3
476,2025,3.6,3.1,3.4,4.1,3.8,3.3
477,2025,3.5,3.7,3.8,3.3,3.6,3.3
479,2025,2.6,2.5,3.0,2.5,2.7,2.5
483,2025,3.6,4.0,3.4,3.1,3.6,3.7
487,2025,3.3,3.4,2.4,3.7,3.9,3.0
489,2025,3.8,3.9,3.9,3.5,4.1,3.7
490,2025,2.1,1.8,1.9,2.3,2.3,2.2
491,2025,3.4,3.6,2.8,3.7,3.2,3.6
492,2025,4.2,4.1,4.2,4.4,3.6,4.5
493,2025,4.4,4.0,4.2,4.7,4.9,4.4
494,2025,3.3,3.4,3.0,3.5,3.1,3.4
499,2025,3.6,3.5,3.9,3.4,3.6,3.7
502,2025,4.0,4.2,4.3,3.8,3.6,4.3
503,2025,3.4,4.0,2.8,3.5,3.5,3.3
504,2025,3.5,3.6,3.1,3.6,4.1,3.4
507,2025,3.3,3.1,3.4,3.2,3.2,3.7
508,2025,3.4,3.8,3.4,3.6,3.3,2.9
509,2025,3.1,2.7,3.5,3.3,3.0,3.1
510,2025,3.9,3.8,3.9,3.5,4.2,4.2
512,2025,2.5,2.7,2.5,2.4,2.1,2.8
513,2025,2.7,3.4,2.8,2.4,2.6,2.4
514,2025,3.4,3.5,3.1,3.7,3.2,3.5
515,2025,4.0,4.3,4.1,3.6,4.4,3.7
516,2025,3.6,3.6,3.2,3.4,4.0,3.6
519,2025,3.3,3.8,3.5,3.5,2.9,3.0
522,2025,3.6,3.6,3.8,3.5,3.0,4.1
526,2025,3.0,3.1,2.7,3.5,2.9,2.9
527,2025,4.0,4.2,4.0,4.0,3.9,3.7
528,2025,3.4,2.9,3.7,3.5,3.1,3.7
529,2025,3.0,3.0,3.5,2.6,3.4,2.5
533,2025,3.9,4.0,3.7,3.9,3.9,4.1
536,2025,3.5,3.8,3.7,3.5,3.5,3.2
537,2025,2.6,2.7,2.5,2.6,2.7,2.5
538,2025,3.0,2.8,3.2,2.8,2.9,3.6
541,2025,3.1,3.1,3.1,3.2,3.0,3.0
542,2025,2.9,2.8,2.6,2.8,3.3,2.8
543,2025,3.3,3.1,3.6,3.1,3.7,3.2
546,2025,3.2,3.4,3.2,3.5,2.9,3.3
548,2025,3.5,3.5,3.7,3.2,3.3,3.8
549,2025,3.3,2.9,3.5,2.9,3.6,3.7
550,2025,3.6,3.2,3.8,3.0,4.1,4.0
551,2025,3.1,3.2,3.1,2.8,3.2,3.1
552,2025,2.6,2.9,2.6,2.7,2.7,2.2
554,2025,3.8,3.5,3.6,4.0,3.7,4.2
556,2025,3.9,4.1,3.9,4.0,3.6,3.6
558,2025,2.9,2.8,2.5,3.3,2.8,3.1
559,2025,3.0,3.0,3.0,3.4,3.0,2.8
562,2025,3.4,3.4,3.4,3.4,3.4,3.5
563,2025,2.9,2.9,2.8,2.9,2.8,3.1
565,2025,3.4,3.0,3.1,3.4,4.1,3.4
566,2025,3.2,3.2,3.9,3.0,2.9,3.0
567,2025,3.3,3.0,3.3,3.2,3.6,3.4
569,2025,3.7,3.6,4.0,3.3,4.0,3.7
574,2025,3.6,3.3,4.0,3.2,3.9,3.8
575,2025,2.6,2.4,2.6,2.8,2.2,3.1
576,2025,3.9,4.2,3.8,4.1,4.4,3.1
580,2025,3.6,2.8,3.5,3.7,3.8,4.1
581,2025,2.2,2.5,1.8,2.0,2.5,2.4
582,2025,3.4,3.3,3.5,3.5,3.3,3.2
583,2025,3.5,4.2,3.5,3.0,3.6,3.5
584,2025,3.3,3.3,3.7,3.3,3.2,3.0
586,2025,3.8,4.3,3.8,3.7,3.4,3.8
590,2025,3.8,3.6,3.9,4.1,3.5,3.9
591,2025,4.0,3.7,3.9,3.7,4.3,4.2
592,2025,2.7,2.7,2.7,2.8,3.0,2.4
593,2025,4.2,4.4,4.8,3.8,3.9,4.1
595,2025,3.1,3.0,3.1,3.4,2.9,3.1
596,2025,3.0,2.8,2.9,2.9,3.4,3.3
597,2025,3.7,4.0,4.1,3.2,3.1,3.9
601,2025,4.0,4.0,3.9,4.0,4.3,3.7
602,2025,3.5,3.7,3.1,3.8,3.8,3.2
3,2025,4.1,3.9,4.3,3.7,4.3,4.3
24,2025,3.5,3.3,3.8,3.0,3.7,3.8
29,2025,2.8,2.4,3.1,2.9,2.8,2.8
40,2025,2.7,2.4,2.7,3.2,2.9,2.5
46,2025,4.0,4.8,3.7,4.2,3.6,3.8
48,2025,1.9,2.0,2.5,1.7,1.5,1.8
50,2025,2.5,2.4,2.1,2.8,2.6,2.6
56,2025,2.5,2.2,2.5,2.5,2.7,2.5
111,2025,3.0,2.7,2.8,3.3,2.9,3.1
115,2025,2.3,2.1,1.7,2.7,2.4,2.7
154,2025,3.0,3.4,3.3,2.5,2.4,3.3
158,2025,3.0,3.1,3.3,2.6,2.8,3.2
171,2025,2.1,2.6,1.9,2.3,1.8,1.9
180,2025,3.3,3.7,3.0,3.2,3.5,3.3
182,2025,1.1,1.1,1.5,1,1,1
205,2025,3.1,3.7,3.0,2.6,3.0,3.1
213,2025,3.7,3.6,3.7,3.1,4.3,3.6
215,2025,2.4,2.4,2.6,3.0,2.1,2.1
224,2025,2.5,3.1,2.8,2.4,2.4,1.9
232,2025,3.7,4.1,3.3,3.8,3.7,3.5
264,2025,3.4,3.4,3.4,3.4,3.8,3.2
268,2025,3.6,3.2,3.7,3.5,3.6,3.8
285,2025,3.0,3.3,3.2,2.4,3.1,2.8
289,2025,3.1,3.2,3.1,3.6,2.8,2.9
321,2025,3.3,3.4,3.2,3.3,3.2,3.3
329,2025,3.8,3.7,3.7,3.6,3.9,3.9
339,2025,3.9,3.8,4.2,4.1,3.3,4.0
352,2025,2.6,2.8,2.2,2.8,2.6,2.5
359,2025,3.6,3.7,3.5,3.6,3.4,3.5
369,2025,3.1,2.9,3.3,3.0,3.5,3.0
376,2025,3.4,3.3,3.9,3.4,3.4,3.0
385,2025,1.7,1.6,1.7,2.2,1.4,1.6
386,2025,2.6,2.6,2.6,2.6,2.6,2.6
391,2025,2.1,2.3,1.8,2.4,2.1,1.9
392,2025,2.5,2.6,1.9,2.6,2.2,3.3
402,2025,3.3,3.0,3.6,3.1,3.3,3.6
424,2025,2.7,2.2,3.3,2.9,2.4,2.6
426,2025,3.6,3.2,4.2,3.5,3.6,3.4
439,2025,3.3,3.5,2.8,3.2,3.3,3.7
441,2025,3.0,2.9,2.9,2.9,3.1,3.0
442,2025,2.7,2.9,3.0,2.7,2.4,2.6
480,2025,3.6,4.1,4.2,3.3,3.2,3.2
484,2025,2.8,3.1,2.4,3.0,2.9,2.9
511,2025,2.7,2.7,2.1,2.8,3.0,3.1
532,2025,3.4,3.1,3.2,3.3,3.7,3.6
535,2025,3.8,3.8,3.8,3.7,3.9,3.9
539,2025,3.3,3.4,3.3,3.1,3.3,3.5
540,2025,3.0,2.9,3.5,2.7,2.4,3.7
545,2025,3.3,3.5,3.3,3.0,3.1,3.5
555,2025,2.4,2.5,2.4,2.4,2.4,2.2
560,2025,3.3,3.3,3.7,2.6,3.5,3.2
564,2025,3.2,3.1,3.3,3.6,3.5,2.7
568,2025,2.6,2.5,2.6,2.1,2.8,2.9
570,2025,2.8,2.6,2.7,3.0,3.5,2.2
571,2025,3.1,3.2,3.5,3.0,3.1,3.0
572,2025,3.0,3.3,3.0,2.8,2.8,3.0
573,2025,3.4,3.3,3.8,3.2,3.3,3.5
577,2025,2.3,1.5,2.2,2.6,2.8,2.2
588,2025,2.2,2.4,2.6,2.0,2.4,1.9
589,2025,2.7,2.0,2.5,2.9,2.6,3.3
594,2025,2.9,3.0,2.6,3.1,2.8,3.1
1,2026,2.6,2.5,2.6,2.8,2.8,2.2
2,2026,3.8,3.7,3.7,4.2,3.5,3.7
4,2026,2.8,2.8,3.1,2.9,2.3,3.1
5,2026,4.0,4.3,4.3,3.9,3.4,4.4
6,2026,3.7,3.6,3.4,3.6,3.8,4.0
7,2026,3.3,3.5,2.5,3.6,3.5,3.4
9,2026,2.3,2.1,1.9,2.4,2.5,2.5
10,2026,3.7,3.9,3.5,3.7,3.6,4.0
11,2026,2.7,3.0,2.4,2.7,2.4,2.8
12,2026,2.8,2.9,2.5,2.9,3.0,2.7
15,2026,3.0,2.5,3.2,3.3,2.7,3.3
16,2026,2.9,3.0,2.9,2.8,2.5,3.4
17,2026,3.0,3.0,2.6,3.0,3.2,3.4
19,2026,2.6,2.9,2.2,2.5,2.8,2.7
21,2026,2.8,2.9,2.8,3.1,2.9,2.3
23,2026,2.5,2.5,2.5,2.3,2.5,2.9
27,2026,3.6,4.0,3.4,3.5,3.7,3.2
28,2026,3.2,3.7,3.4,3.0,3.3,2.7
31,2026,4.1,4.0,4.2,4.2,4.2,4.1
36,2026,3.2,3.6,3.1,2.7,3.2,3.4
38,2026,2.0,2.9,1.7,2.0,2.0,1.5
41,2026,2.8,3.0,2.5,2.8,2.8,3.0
42,2026,3.3,3.2,3.6,2.8,3.8,3.3
44,2026,2.4,2.3,2.5,2.3,2.6,2.5
47,2026,3.1,3.1,3.2,3.3,3.0,2.8
49,2026,2.8,2.7,3.0,2.9,2.5,2.9
53,2026,3.3,3.0,3.1,3.2,3.5,3.5
54,2026,3.9,3.7,3.6,4.2,4.0,4.0
57,2026,3.6,3.6,3.8,3.7,3.6,3.3
58,2026,4.1,4.7,3.7,4.2,4.0,4.1
59,2026,2.9,2.5,3.1,3.1,2.9,2.9
64,2026,2.8,2.9,2.7,2.9,3.0,2.5
65,2026,2.7,2.7,2.3,2.8,3.1,2.3
66,2026,3.4,3.5,2.9,3.2,3.7,3.5
67,2026,3.5,3.6,3.9,3.1,3.4,3.7
70,2026,3.0,3.5,3.1,3.2,2.8,2.6
73,2026,3.5,3.4,3.3,3.4,3.6,3.6
74,2026,2.7,2.7,2.9,3.1,2.4,2.1
75,2026,3.3,3.2,3.6,3.2,3.1,3.1
76,2026,3.5,3.3,3.2,4.2,3.4,3.4
79,2026,2.4,2.3,1.7,2.6,2.5,3.0
80,2026,2.3,2.2,2.7,2.2,2.2,2.0
85,2026,3.4,2.8,4.6,3.5,2.7,3.2
86,2026,3.3,4.0,3.3,2.9,3.4,2.9
87,2026,3.4,3.1,3.7,3.4,3.2,3.7
91,2026,2.9,2.8,2.9,2.9,3.0,2.9
92,2026,3.2,3.3,3.2,3.7,2.5,3.1
93,2026,3.0,2.8,2.8,3.3,3.1,3.2
97,2026,3.0,3.0,2.7,3.6,2.4,3.2
98,2026,3.4,3.7,3.4,3.3,3.2,3.2
99,2026,3.7,4.0,4.2,3.6,3.1,3.7
100,2026,4.0,4.0,3.9,3.9,4.0,4.0
101,2026,3.3,3.2,3.3,2.9,3.9,3.4
103,2026,2.6,2.5,2.6,2.5,2.5,2.6
104,2026,3.4,3.3,3.3,3.4,3.7,3.2
105,2026,3.1,3.4,3.0,3.1,2.7,3.3
108,2026,3.8,3.9,3.6,3.6,3.6,4.2
112,2026,3.7,2.9,4.4,3.9,4.0,3.1
113,2026,3.1,3.0,3.1,2.8,3.4,3.0
114,2026,3.2,3.2,3.8,3.2,3.2,2.8
117,2026,3.1,3.5,3.1,2.8,3.5,2.8
120,2026,3.6,3.3,3.6,3.2,4.3,3.7
121,2026,3.1,3.5,2.6,3.5,2.9,3.1
122,2026,3.8,3.7,3.9,4.0,3.9,3.7
123,2026,3.1,3.3,3.4,2.4,3.1,3.3
124,2026,2.8,3.5,3.0,2.8,2.4,2.3
128,2026,3.0,3.0,3.5,3.1,2.8,2.7
129,2026,4.0,4.2,3.6,4.1,4.4,3.9
133,2026,3.3,2.9,3.6,2.9,3.7,3.2
134,2026,3.5,3.5,3.6,3.2,3.4,3.8
135,2026,2.6,3.0,2.4,2.6,2.5,2.8
137,2026,3.7,4.1,3.6,3.6,4.1,3.2
138,2026,2.9,2.7,3.1,2.7,3.0,3.0
139,2026,2.5,2.5,2.7,2.2,2.6,2.5
142,2026,3.6,3.3,3.9,4.1,3.4,3.4
143,2026,3.0,3.0,2.8,3.2,2.8,3.3
144,2026,2.9,3.0,2.8,3.1,2.8,2.8
146,2026,3.3,3.8,3.1,2.9,3.3,3.1
147,2026,3.4,3.4,3.7,3.0,3.4,3.5
149,2026,3.2,3.4,3.0,3.5,3.0,2.9
150,2026,3.6,3.7,3.8,3.7,3.8,3.1
151,2026,3.3,2.8,3.7,3.6,3.2,3.3
156,2026,3.6,3.7,3.8,3.3,3.1,4.1
160,2026,2.8,2.5,3.2,2.5,2.7,2.8
161,2026,3.4,3.5,3.4,3.4,3.2,3.5
162,2026,4.3,4.4,4.0,4.1,4.4,4.4
164,2026,3.8,3.8,4.3,3.4,3.9,3.5
165,2026,2.9,3.0,2.9,2.7,2.7,3.1
166,2026,3.4,3.8,3.4,3.0,3.2,3.5
167,2026,3.5,3.4,3.0,4.0,3.5,3.8
169,2026,3.4,3.1,3.7,3.4,3.6,3.1
174,2026,3.8,3.1,4.0,3.7,3.5,4.4
177,2026,2.7,2.7,2.6,2.5,2.8,3.2
178,2026,3.4,3.4,2.9,4.0,3.3,3.2
179,2026,3.5,3.0,3.5,3.8,3.6,3.4
181,2026,2.6,3.3,2.3,2.6,2.5,2.5
183,2026,2.8,2.7,2.8,2.7,3.1,2.8
184,2026,3.6,3.7,3.1,3.5,3.8,3.9
186,2026,4.0,4.5,3.9,3.7,4.2,3.7
188,2026,3.7,3.7,3.3,4.2,4.0,3.4
190,2026,3.1,3.5,3.2,2.7,3.1,3.3
191,2026,3.7,3.5,3.7,3.2,3.6,4.4
193,2026,3.0,2.4,3.4,3.1,3.3,2.9
195,2026,2.8,2.6,2.4,2.7,3.2,2.9
197,2026,3.1,3.0,3.5,2.7,2.6,3.5
200,2026,3.7,3.8,3.8,3.3,3.8,3.6
202,2026,3.2,3.0,3.4,3.4,3.1,3.1
203,2026,2.7,3.1,2.6,2.7,2.5,2.8
206,2026,2.6,2.5,2.7,2.4,2.6,3.0
207,2026,2.7,2.7,2.9,2.9,2.2,2.6
208,2026,3.0,2.5,3.2,3.0,3.2,3.1
209,2026,3.3,3.4,3.1,3.5,3.5,3.0
210,2026,3.8,3.8,3.2,4.1,3.9,4.0
211,2026,2.4,2.2,3.1,1.8,2.4,2.5
214,2026,2.8,2.3,2.8,3.1,2.9,2.8
216,2026,3.4,3.5,3.7,3.7,2.5,3.5
217,2026,2.9,3.2,2.9,3.0,2.7,2.7
218,2026,3.3,3.6,3.2,3.1,3.5,3.0
221,2026,4.1,3.8,4.2,4.3,4.5,3.8
225,2026,3.0,3.3,3.3,2.7,3.2,2.5
226,2026,2.9,2.9,3.1,3.0,2.5,2.9
230,2026,3.3,3.0,3.9,3.1,3.6,2.9
231,2026,2.7,2.8,3.0,2.8,2.6,2.1
234,2026,3.1,2.5,3.7,3.0,2.9,3.3
236,2026,3.5,3.8,3.0,3.8,3.9,2.9
237,2026,3.6,3.6,3.7,3.3,3.4,3.9
239,2026,3.3,3.4,3.2,2.7,3.6,3.7
242,2026,2.5,2.7,2.4,2.3,2.6,2.6
243,2026,3.3,3.6,3.1,2.8,3.2,3.9
245,2026,3.9,3.7,4.2,3.7,3.6,4.1
248,2026,3.9,3.8,3.8,3.9,3.9,4.2
250,2026,2.8,2.9,3.2,2.8,2.7,2.5
252,2026,3.0,2.9,3.1,3.0,2.9,2.9
253,2026,4.0,3.6,4.3,3.7,4.1,4.4
255,2026,3.0,2.9,3.1,3.0,3.1,2.7
256,2026,3.7,3.8,3.8,4.0,3.4,3.5
257,2026,3.6,4.2,3.8,3.0,3.5,3.4
261,2026,2.9,3.0,3.3,3.1,3.0,2.2
263,2026,4.2,4.3,4.7,4.2,4.2,3.7
266,2026,3.3,3.2,3.2,3.6,3.6,3.0
267,2026,3.3,3.7,3.5,3.1,3.3,3.1
269,2026,2.3,2.5,1.9,2.2,2.3,2.4
271,2026,2.7,2.8,2.7,2.5,2.8,2.6
273,2026,4.5,4.3,5.0,4.3,4.6,4.3
275,2026,3.5,3.6,3.1,3.6,3.5,3.8
278,2026,3.0,3.3,2.8,2.9,2.8,2.9
279,2026,3.1,3.3,3.1,3.2,2.9,3.0
280,2026,2.7,2.8,2.7,2.6,2.6,2.7
281,2026,3.1,3.3,3.0,3.2,3.0,2.8
282,2026,3.9,4.0,3.8,3.7,4.1,3.7
283,2026,3.1,3.1,3.3,2.4,2.8,4.0
284,2026,2.8,2.5,3.1,2.8,2.7,2.8
287,2026,2.9,3.4,2.9,2.1,3.3,2.9
288,2026,4.1,4.0,4.1,4.3,4.5,3.9
291,2026,3.7,3.7,3.3,4.2,3.5,3.6
292,2026,3.6,3.7,3.7,3.7,3.6,3.2
293,2026,2.9,2.8,2.9,2.5,3.8,2.4
295,2026,2.8,2.7,3.3,3.0,2.4,2.8
297,2026,3.1,3.2,3.1,2.9,3.3,3.3
298,2026,3.6,3.6,3.2,3.6,3.9,3.9
299,2026,3.0,2.9,2.8,3.3,2.8,3.2
302,2026,3.2,2.9,2.5,3.8,3.5,3.3
303,2026,3.7,3.8,3.2,4.0,4.5,3.2
305,2026,2.4,2.4,2.7,2.6,2.2,2.3
307,2026,2.9,2.8,2.8,2.8,3.0,2.9
309,2026,3.2,3.4,3.0,3.3,3.2,3.3
310,2026,3.0,3.3,2.9,2.9,3.2,2.9
311,2026,3.6,3.5,3.2,3.7,3.4,4.1
312,2026,2.7,2.8,2.5,2.6,3.0,2.9
313,2026,2.8,2.8,3.3,3.0,2.8,2.1
315,2026,3.2,3.0,3.3,3.2,3.1,3.1
316,2026,3.0,3.4,2.5,3.1,3.2,2.6
319,2026,3.1,3.0,2.9,3.3,3.1,3.2
320,2026,4.0,4.0,3.7,4.0,4.0,4.0
323,2026,3.7,3.5,3.6,3.1,3.9,4.6
325,2026,3.6,3.7,3.2,3.4,3.7,4.1
327,2026,3.3,3.2,3.6,3.2,2.9,3.8
328,2026,3.3,3.1,3.4,3.2,3.7,3.4
334,2026,2.9,3.2,3.2,3.1,2.4,2.6
338,2026,3.2,3.5,3.4,3.5,2.7,3.0
341,2026,4.1,4.1,4.1,3.9,4.5,4.0
342,2026,3.5,3.2,3.7,3.7,3.4,3.6
343,2026,3.5,3.4,3.6,3.4,3.2,3.8
345,2026,3.8,3.9,4.1,3.8,3.7,3.4
346,2026,3.4,3.7,3.5,3.7,2.6,3.6
347,2026,3.7,3.7,3.8,3.4,3.7,3.8
350,2026,2.8,3.1,2.4,2.4,2.7,3.6
351,2026,4.3,4.6,4.1,4.1,3.9,4.6
353,2026,2.9,2.6,3.7,2.4,3.0,2.6
354,2026,3.7,3.3,4.2,3.1,4.0,3.9
355,2026,3.2,3.1,3.9,2.8,3.3,2.8
356,2026,3.6,3.7,3.8,2.9,3.8,3.7
357,2026,3.2,3.7,2.9,3.0,3.1,3.2
358,2026,3.4,3.6,3.5,2.8,4.3,2.9
360,2026,3.6,3.4,3.5,4.1,3.4,3.7
362,2026,3.4,3.7,3.6,3.3,3.4,3.2
363,2026,3.5,2.9,3.9,3.6,4.0,2.9
365,2026,3.5,3.2,4.0,3.6,3.0,3.7
366,2026,3.1,3.3,3.2,3.0,3.3,2.5
367,2026,3.4,3.0,3.9,4.0,3.2,2.8
368,2026,3.9,4.2,3.7,3.9,3.8,3.9
370,2026,4.4,4.4,3.9,4.6,4.3,4.8
373,2026,4.3,3.8,4.6,4.8,4.3,3.9
374,2026,3.6,3.8,4.1,3.2,3.4,3.5
377,2026,3.0,2.5,3.4,2.8,3.0,3.4
378,2026,3.7,4.1,3.2,4.0,4.0,3.5
379,2026,4.1,4.1,4.2,3.9,4.2,3.9
381,2026,3.5,3.3,3.3,3.4,3.8,3.6
384,2026,3.7,3.3,3.7,3.7,3.8,3.9
389,2026,3.1,3.1,3.0,2.9,3.3,3.3
395,2026,3.7,3.9,3.4,4.0,3.5,4.0
398,2026,2.8,3.0,2.5,2.9,2.6,2.9
400,2026,2.8,2.7,2.7,3.0,2.6,2.7
401,2026,4.0,4.1,4.0,4.2,3.8,3.6
403,2026,3.4,3.5,3.5,3.8,3.2,3.1
406,2026,3.5,3.3,3.6,3.3,3.6,3.6
407,2026,3.5,3.4,2.9,3.7,3.9,3.4
411,2026,3.3,3.8,3.4,3.1,3.1,3.1
412,2026,3.1,3.6,3.2,2.7,2.8,3.1
413,2026,2.8,3.2,2.6,2.6,2.9,2.7
414,2026,2.9,2.6,2.5,3.3,3.3,2.6
415,2026,3.1,3.3,3.2,2.8,2.9,3.3
417,2026,3.1,3.0,3.4,3.5,3.1,2.3
419,2026,3.6,3.5,3.0,3.7,3.9,3.8
420,2026,3.6,4.0,3.1,3.6,3.8,3.7
422,2026,3.6,3.9,3.6,3.9,2.8,3.9
430,2026,4.1,3.9,4.3,3.8,4.3,4.1
431,2026,2.8,2.8,2.7,3.0,2.6,3.1
433,2026,2.9,2.6,3.4,2.7,3.3,2.6
434,2026,2.3,2.2,2.6,2.2,2.4,2.5
435,2026,3.7,3.7,3.4,3.9,3.6,3.8
437,2026,3.4,3.6,3.5,3.3,3.3,3.4
443,2026,3.5,3.8,3.5,3.0,3.5,3.9
447,2026,3.6,3.9,3.5,4.0,3.1,3.7
449,2026,3.4,3.7,3.1,3.6,3.1,3.5
450,2026,4.0,3.9,4.5,3.9,3.4,4.4
453,2026,3.0,3.0,3.2,3.1,2.8,3.2
456,2026,3.7,3.4,3.7,3.6,3.8,4.0
457,2026,2.9,2.8,3.0,3.2,2.6,2.9
458,2026,4.3,4.3,4.6,4.8,3.9,3.9
459,2026,3.4,3.3,3.1,3.5,3.3,3.6
460,2026,2.8,2.9,2.7,3.0,2.6,3.0
461,2026,3.2,3.2,3.4,3.2,3.0,3.4
466,2026,4.0,4.3,3.9,4.3,3.5,3.8
469,2026,2.9,3.1,2.5,2.5,2.6,3.5
470,2026,3.7,3.8,3.4,3.4,3.7,4.0
471,2026,3.1,3.0,2.6,3.6,3.3,3.2
472,2026,3.3,4.0,3.1,3.2,3.2,3.0
473,2026,3.1,2.8,2.9,3.4,3.2,3.4
474,2026,3.3,3.3,3.0,3.3,3.5,3.6
476,2026,3.0,2.8,3.3,3.2,2.6,3.3
477,2026,3.0,3.0,3.3,3.0,2.6,3.1
479,2026,3.5,3.7,3.1,3.3,4.1,3.5
487,2026,3.2,3.5,3.0,3.4,3.3,2.8
490,2026,2.8,2.8,2.2,3.2,3.2,2.5
491,2026,3.1,3.4,3.1,2.8,2.7,3.4
492,2026,2.7,2.7,2.9,2.6,2.3,2.8
493,2026,2.6,2.4,2.9,2.6,2.7,2.5
494,2026,3.0,3.3,2.1,3.2,3.5,2.9
496,2026,3.4,3.5,3.2,3.6,3.4,3.3
497,2026,2.9,3.1,3.1,2.7,2.8,3.0
498,2026,3.6,3.2,3.4,4.1,3.4,3.7
499,2026,2.6,3.2,2.0,2.9,2.7,2.3
502,2026,3.0,3.1,3.4,2.4,3.1,3.2
503,2026,3.2,3.5,2.9,3.6,3.0,3.2
504,2026,3.1,2.8,2.9,3.2,3.3,3.4
507,2026,3.2,3.5,3.4,3.3,2.8,3.0
508,2026,3.4,3.2,3.9,3.1,2.9,3.7
509,2026,3.9,4.4,3.7,4.5,3.4,3.7
510,2026,3.4,3.4,4.0,3.2,3.0,3.6
512,2026,3.9,3.9,3.9,4.2,3.7,3.9
513,2026,3.0,3.3,2.8,3.1,2.8,3.0
514,2026,3.6,3.5,3.1,3.5,4.1,3.5
515,2026,3.9,4.2,4.3,3.3,3.9,3.7
516,2026,3.2,3.9,3.3,2.8,3.0,3.2
519,2026,3.8,3.2,3.9,4.2,3.6,4.3
522,2026,3.3,3.3,3.6,3.0,3.4,3.2
526,2026,3.5,3.5,3.6,3.4,3.3,3.7
528,2026,2.8,2.3,2.9,3.0,2.8,2.9
529,2026,2.9,2.8,3.1,3.1,3.2,2.6
533,2026,3.3,3.6,3.5,3.2,2.9,3.4
536,2026,2.8,3.3,2.9,2.7,2.6,2.5
537,2026,4.0,4.5,4.1,3.7,4.4,3.6
538,2026,2.9,3.0,2.7,3.1,3.5,2.1
542,2026,3.2,3.2,2.6,3.0,3.7,3.5
543,2026,3.9,4.3,3.8,4.0,4.2,3.5
544,2026,3.5,3.7,3.6,3.3,3.4,3.6
546,2026,3.2,3.1,3.1,2.5,3.7,3.4
547,2026,2.9,2.6,2.7,3.0,3.1,3.1
549,2026,3.7,3.5,3.5,3.7,4.3,3.5
550,2026,2.7,2.5,2.8,2.4,3.0,2.7
551,2026,2.6,2.4,2.9,2.1,3.2,2.6
552,2026,3.5,3.3,3.6,3.8,3.5,3.1
553,2026,3.1,3.0,3.5,3.0,3.0,2.8
556,2026,3.2,3.4,3.5,3.3,3.0,3.0
557,2026,3.6,4.0,3.2,3.7,3.5,3.5
558,2026,2.8,2.7,3.4,2.6,2.9,2.4
559,2026,3.4,3.5,3.5,3.1,3.7,3.4
562,2026,2.3,2.2,2.6,2.4,1.9,2.3
563,2026,3.3,3.5,3.7,3.7,3.0,2.8
565,2026,2.9,2.6,2.8,3.2,2.9,2.9
566,2026,2.9,3.2,2.6,3.1,2.9,2.5
567,2026,3.3,3.5,3.1,3.9,3.2,2.9
569,2026,3.3,3.0,3.5,3.3,3.2,3.2
575,2026,3.0,2.9,3.0,3.0,3.3,3.0
580,2026,4.2,4.0,4.1,4.0,4.4,4.5
581,2026,4.0,3.7,4.4,4.2,3.8,3.7
582,2026,2.9,2.9,2.3,2.9,3.1,3.1
583,2026,3.4,3.1,3.2,3.8,3.4,3.6
585,2026,3.4,2.7,3.5,4.2,3.2,3.3
586,2026,3.3,3.2,3.0,3.3,3.3,3.6
590,2026,3.5,3.1,3.1,3.9,3.7,3.6
591,2026,3.2,3.3,3.0,3.1,3.0,3.4
592,2026,3.0,2.5,3.1,2.8,2.8,3.6
593,2026,3.1,2.9,3.4,3.1,3.1,3.1
595,2026,2.8,3.4,2.3,2.7,2.6,2.9
596,2026,3.2,2.7,3.4,3.3,3.1,3.3
597,2026,3.2,3.0,3.3,3.2,3.3,3.2
599,2026,3.4,3.3,3.2,3.5,4.0,3.1
600,2026,3.5,3.7,3.6,3.0,3.7,3.6
601,2026,3.4,3.2,3.1,3.4,3.4,3.7
602,2026,3.8,3.6,3.8,4.1,3.6,3.7
603,2026,3.6,4.4,3.4,3.7,3.0,3.3
605,2026,3.1,3.0,3.4,2.6,3.2,3.2
606,2026,3.6,3.2,4.0,3.2,3.8,3.7
607,2026,3.4,4.0,3.1,3.0,3.5,3.7
609,2026,3.5,3.6,3.7,3.5,3.2,3.4
610,2026,3.7,3.7,4.0,3.8,3.5,3.3
611,2026,2.5,2.9,2.7,2.1,2.7,2.3
614,2026,3.1,3.1,3.6,2.9,3.1,3.0
619,2026,2.6,2.9,2.1,2.3,3.1,2.3
620,2026,3.5,4.1,3.2,3.7,3.3,3.3
621,2026,3.7,3.5,3.9,3.7,3.4,3.9
622,2026,3.3,2.8,3.6,3.4,3.7,2.9
623,2026,3.1,3.0,3.2,2.8,3.1,3.2
625,2026,2.7,2.8,2.8,2.8,2.7,2.3
627,2026,3.1,2.8,2.7,3.2,3.5,3.2
628,2026,2.7,2.6,2.4,2.4,2.8,3.1
630,2026,2.8,3.0,2.6,2.5,2.9,3.0
632,2026,2.8,2.9,2.8,2.5,2.8,2.9
633,2026,2.5,2.1,2.6,2.8,2.6,2.6
634,2026,3.6,3.9,3.4,3.8,3.6,3.3
635,2026,3.3,3.3,3.4,3.2,2.9,3.8
636,2026,3.2,3.2,3.0,3.7,3.0,3.1
637,2026,3.7,3.7,3.8,4.2,3.6,3.2
638,2026,3.3,3.1,3.3,3.3,3.1,3.3
639,2026,3.2,2.9,3.0,3.7,3.1,3.1
641,2026,3.9,4.2,3.7,3.4,4.1,3.9
642,2026,2.9,2.6,2.9,2.8,3.3,2.9
643,2026,3.5,3.1,3.6,3.5,3.1,4.2
647,2026,3.3,3.4,3.2,3.2,3.6,3.3
648,2026,3.7,3.8,3.6,3.8,3.5,3.5
649,2026,3.1,2.9,2.7,3.4,3.3,3.2
650,2026,3.4,3.5,4.1,3.0,3.3,3.3
651,2026,3.5,3.6,3.4,3.5,3.1,3.8
656,2026,2.6,2.0,2.9,2.4,2.8,3.0
657,2026,2.6,2.5,3.1,2.6,2.7,2.1
660,2026,4.1,3.5,4.0,4.1,4.2,4.6
661,2026,3.0,3.0,3.5,2.9,2.7,2.8
662,2026,3.9,3.9,3.6,3.7,4.3,4.1
663,2026,3.7,4.0,3.6,4.2,3.2,3.4
664,2026,3.0,3.7,2.4,2.4,3.3,3.4
665,2026,3.5,3.2,2.9,3.8,4.2,3.4
666,2026,2.4,2.4,2.1,2.3,2.7,2.6
668,2026,3.4,3.9,3.0,3.6,3.6,2.8
669,2026,3.2,3.3,3.0,2.6,3.6,3.4
670,2026,3.9,3.9,4.0,3.8,3.7,3.8
671,2026,3.2,3.3,2.9,3.3,3.5,2.8
672,2026,4.0,4.1,4.0,3.8,4.3,3.7
673,2026,2.4,2.5,2.5,1.8,2.8,2.5
674,2026,3.1,2.8,3.3,3.1,3.0,3.1
677,2026,2.3,1.9,2.1,1.9,2.8,2.7
679,2026,2.3,2.1,2.5,2.2,2.5,2.3
680,2026,3.3,3.5,3.2,3.2,3.0,3.6
681,2026,2.6,2.5,2.8,2.5,2.7,2.5
682,2026,3.4,3.7,3.4,2.5,3.7,3.6
683,2026,3.3,3.7,2.5,3.5,3.4,3.3
686,2026,2.6,2.8,2.8,2.5,2.5,2.3
688,2026,3.8,4.3,3.1,4.0,4.0,3.7
689,2026,2.8,2.5,3.0,2.6,2.9,2.8
690,2026,3.7,3.9,3.4,4.1,3.3,3.7
691,2026,3.5,3.6,3.4,4.0,2.9,3.4
692,2026,3.7,3.6,3.3,4.0,3.8,3.7
693,2026,3.2,3.1,3.4,3.1,3.5,2.7
694,2026,3.4,3.3,3.3,3.4,3.4,3.6
696,2026,3.8,3.7,3.4,4.2,3.8,3.7
698,2026,3.7,3.4,3.6,3.7,3.4,4.2
699,2026,3.9,4.0,4.0,3.9,3.4,4.4
700,2026,3.3,3.6,2.9,3.1,3.6,3.0
701,2026,3.6,3.3,3.4,4.0,3.4,3.9
702,2026,3.5,3.1,3.5,3.4,4.0,3.4
703,2026,3.0,3.2,3.2,3.2,2.8,2.8
704,2026,3.4,3.5,3.7,3.4,3.3,3.2
705,2026,4.3,4.3,4.3,4.4,4.4,4.1
707,2026,3.3,3.2,2.7,3.4,3.8,3.5
709,2026,3.1,3.1,3.2,3.1,3.2,3.0
710,2026,3.2,3.0,3.1,3.3,3.8,2.6
711,2026,3.4,3.4,3.7,3.2,3.4,3.2
713,2026,2.9,2.9,2.9,3.0,2.9,2.8
715,2026,2.8,3.1,2.1,2.9,3.1,3.0
716,2026,2.4,2.6,2.3,2.8,2.3,2.1
717,2026,3.6,3.5,3.5,3.6,4.0,3.4
719,2026,2.7,3.3,2.0,2.8,3.0,2.5
720,2026,3.4,3.3,3.8,3.8,3.4,2.9
721,2026,2.5,2.5,2.6,2.3,2.0,3.0
722,2026,3.6,3.7,3.4,3.8,3.3,3.8
724,2026,3.2,3.3,3.2,3.4,2.9,3.3
725,2026,2.7,2.5,2.8,2.7,3.0,2.5
726,2026,3.3,3.4,3.4,3.9,2.9,3.1
727,2026,3.1,3.3,3.1,3.0,2.9,3.2
729,2026,3.6,3.0,3.5,3.6,3.9,4.0
730,2026,3.4,3.6,2.9,3.4,3.5,3.6
731,2026,3.2,3.0,3.0,3.3,3.4,3.2
732,2026,4.3,4.6,4.2,4.5,4.0,4.2
734,2026,2.7,2.6,1.9,3.0,3.3,2.6
736,2026,3.2,3.3,3.5,2.9,3.3,3.1
738,2026,3.4,3.4,3.5,3.4,3.6,2.9
739,2026,2.8,3.4,2.1,3.1,2.4,3.1
740,2026,3.0,2.9,2.8,3.0,3.4,3.1
741,2026,3.7,4.0,3.6,3.4,3.9,3.8
742,2026,3.3,3.3,2.9,3.3,3.2,3.5
743,2026,3.5,3.9,3.6,3.3,4.0,3.0
745,2026,2.7,2.8,2.4,2.6,3.0,2.8
746,2026,2.7,2.5,2.7,2.6,2.4,3.1
747,2026,3.6,3.7,3.6,3.9,3.5,3.5
749,2026,2.1,1.9,1.9,2.1,2.8,2.1
750,2026,3.3,3.4,3.4,2.9,3.0,3.6
751,2026,3.1,3.0,3.0,3.6,2.8,3.0
752,2026,4.2,4.5,4.1,3.9,4.0,4.4
3,2026,2.9,3.5,2.6,3.3,2.9,2.3
46,2026,3.0,2.6,3.0,3.0,3.2,3.3
268,2026,3.0,2.9,2.6,3.2,3.2,3.3
339,2026,2.0,1.6,1.9,2.1,1.9,2.5
359,2026,2.6,3.0,2.6,2.4,2.4,2.6
426,2026,3.0,2.8,3.1,3.1,2.8,3.4
481,2026,2.4,2.2,2.5,2.7,2.3,2.5
535,2026,2.2,2.1,2.1,2.3,2.9,1.7
560,2026,2.9,2.6,3.2,3.4,2.0,3.3
561,2026,2.1,2.4,2.3,1.8,2.3,1.7
617,2026,2.9,2.6,2.7,3.0,3.4,2.9
654,2026,3.1,3.5,2.6,3.6,3.5,2.5
667,2026,3.4,3.1,3.3,3.5,3.2,4.1
675,2026,2.1,1.8,1.5,2.2,2.4,2.8
695,2026,1.6,1.7,1.8,1.6,1.3,1.7
706,2026,2.5,2.5,2.2,2.8,2.6,2.2
712,2026,2.6,2.5,3.2,3.1,2.0,2.0
755,2026,2.5,2.5,2.6,2.4,2.7,2.5
