plan_year,dept_id,planned_headcount,budget_labor_cost,approved_at
2023,1,112,35420000.0,2022-11-17
2023,2,20,7640000.0,2022-11-08
2023,3,44,14680000.0,2022-11-14
2023,4,70,22600000.0,2022-11-24
2023,5,29,9120000.0,2022-11-25
2023,6,40,11120000.0,2022-11-20
2023,7,16,4560000.0,2022-11-04
2023,8,14,5070000.0,2022-11-22
2023,9,1,290000.0,2022-11-13
2024,1,145,55950000.0,2023-11-12
2024,2,29,11270000.0,2023-11-17
2024,3,48,16720000.0,2023-11-03
2024,4,77,21990000.0,2023-11-15
2024,5,24,8090000.0,2023-11-23
2024,6,46,11340000.0,2023-11-23
2024,7,23,7140000.0,2023-11-03
2024,8,17,5580000.0,2023-11-16
2024,9,1,310000.0,2023-11-26
2025,1,218,72050000.0,2024-11-16
2025,2,36,11500000.0,2024-11-28
2025,3,47,17770000.0,2024-11-16
2025,4,81,29190000.0,2024-11-19
2025,5,29,7590000.0,2024-11-02
2025,6,55,17560000.0,2024-11-22
2025,7,20,6670000.0,2024-11-16
2025,8,18,6690000.0,2024-11-28
2025,9,1,330000.0,2024-11-15
2026,1,224,77770000.0,2025-11-18
2026,2,38,11460000.0,2025-11-10
2026,3,52,17540000.0,2025-11-23
2026,4,85,31620000.0,2025-11-14
2026,5,35,12750000.0,2025-11-01
2026,6,49,16590000.0,2025-11-20
2026,7,28,10080000.0,2025-11-16
2026,8,23,6260000.0,2025-11-23
2026,9,1,320000.0,2025-11-27
