cand_id,offer_date,offer_salary,status,response_date,reject_reason
1,2023-01-11,15100.0,已接受,2023-01-13,
2,2023-01-13,13500.0,已接受,2023-01-18,
3,2023-01-04,10500.0,已接受,2023-01-09,
4,2022-12-18,11500.0,已接受,2022-12-21,
5,2023-01-10,21700.0,已接受,2023-01-13,
6,2022-12-11,24100.0,已接受,2022-12-14,
7,2023-01-26,26300.0,已接受,2023-01-29,
8,2023-02-06,10900.0,已接受,2023-02-07,
9,2023-01-17,16200.0,已接受,2023-01-19,
10,2023-02-02,13800.0,已接受,2023-02-06,
11,2023-02-26,46600.0,已接受,2023-03-03,
12,2023-02-06,48900.0,已接受,2023-02-07,
13,2023-02-26,47000.0,已接受,2023-02-28,
14,2023-03-28,11100.0,已接受,2023-03-29,
15,2023-03-15,14700.0,已接受,2023-03-16,
16,2023-03-11,19100.0,已接受,2023-03-16,
17,2023-03-04,9900.0,已接受,2023-03-06,
18,2023-03-15,34600.0,已接受,2023-03-18,
19,2023-02-08,34500.0,已接受,2023-02-09,
20,2023-02-25,37400.0,已接受,2023-03-01,
21,2023-01-31,25800.0,已接受,2023-02-04,
22,2023-03-01,20000.0,已接受,2023-03-02,
23,2023-02-27,27800.0,已接受,2023-03-04,
24,2023-02-17,28400.0,已接受,2023-02-20,
25,2023-03-01,24200.0,已接受,2023-03-06,
26,2023-02-17,26200.0,已接受,2023-02-22,
27,2023-03-04,47400.0,已接受,2023-03-08,
28,2023-02-23,56400.0,已接受,2023-02-28,
29,2023-02-27,49200.0,已接受,2023-03-04,
30,2023-03-29,21200.0,已接受,2023-04-03,
31,2023-04-07,9900.0,已接受,2023-04-09,
32,2023-04-14,9000.0,已接受,2023-04-18,
33,2023-03-14,11100.0,已接受,2023-03-16,
34,2023-04-21,11200.0,已接受,2023-04-26,
35,2023-04-07,13200.0,已接受,2023-04-09,
36,2023-04-10,10000.0,已接受,2023-04-11,
37,2023-04-06,8900.0,已接受,2023-04-08,
38,2023-04-12,10600.0,已接受,2023-04-17,
39,2023-03-27,10400.0,已接受,2023-03-28,
40,2023-04-04,21400.0,已接受,2023-04-06,
41,2023-04-06,18700.0,已接受,2023-04-10,
42,2023-03-31,15400.0,已接受,2023-04-04,
43,2023-04-15,14100.0,已接受,2023-04-18,
44,2023-03-22,18200.0,已接受,2023-03-27,
45,2023-03-30,17300.0,已接受,2023-04-02,
46,2023-03-14,18900.0,已接受,2023-03-18,
47,2023-05-09,14400.0,已接受,2023-05-10,
48,2023-04-26,11800.0,已接受,2023-05-01,
49,2023-04-12,17700.0,已接受,2023-04-15,
50,2023-04-28,16400.0,已接受,2023-04-30,
51,2023-05-14,13000.0,已接受,2023-05-15,
52,2023-04-30,28100.0,已接受,2023-05-02,
53,2023-05-02,21000.0,已接受,2023-05-06,
54,2023-05-08,28500.0,已接受,2023-05-10,
55,2023-04-07,9200.0,已接受,2023-04-09,
56,2023-04-24,10600.0,已接受,2023-04-25,
57,2023-06-09,20800.0,已接受,2023-06-10,
58,2023-05-13,8700.0,已接受,2023-05-15,
59,2023-06-23,11200.0,已接受,2023-06-26,
60,2023-06-28,11300.0,已接受,2023-07-02,
61,2023-05-25,14100.0,已接受,2023-05-28,
62,2023-06-03,12300.0,已接受,2023-06-05,
63,2023-05-30,11600.0,已接受,2023-05-31,
64,2023-06-11,32500.0,已接受,2023-06-12,
65,2023-06-03,34500.0,已接受,2023-06-05,
66,2023-07-03,9400.0,已接受,2023-07-07,
67,2023-07-05,14600.0,已接受,2023-07-09,
68,2023-07-04,14000.0,已接受,2023-07-07,
69,2023-07-10,10400.0,已接受,2023-07-14,
70,2023-06-07,22900.0,已接受,2023-06-10,
71,2023-07-28,20000.0,已接受,2023-08-02,
72,2023-06-28,19400.0,已接受,2023-07-01,
73,2023-06-22,22600.0,已接受,2023-06-26,
74,2023-07-30,13100.0,已接受,2023-08-04,
75,2023-06-11,14200.0,已接受,2023-06-15,
76,2023-08-14,11600.0,已接受,2023-08-16,
77,2023-08-15,10400.0,已接受,2023-08-18,
78,2023-07-24,40600.0,已接受,2023-07-28,
79,2023-08-07,33700.0,已接受,2023-08-12,
80,2023-07-17,32000.0,已接受,2023-07-21,
81,2023-08-04,15300.0,已接受,2023-08-06,
82,2023-07-19,13600.0,已接受,2023-07-23,
83,2023-08-10,14900.0,已接受,2023-08-12,
84,2023-07-22,33200.0,已接受,2023-07-23,
85,2023-09-01,37900.0,已接受,2023-09-05,
86,2023-09-13,16000.0,已接受,2023-09-15,
87,2023-08-12,16700.0,已接受,2023-08-13,
88,2023-09-17,18000.0,已接受,2023-09-20,
89,2023-09-11,15800.0,已接受,2023-09-15,
90,2023-09-16,15600.0,已接受,2023-09-17,
91,2023-08-25,36600.0,已接受,2023-08-26,
92,2023-09-08,30100.0,已接受,2023-09-13,
93,2023-09-06,13100.0,已接受,2023-09-10,
94,2023-08-31,12500.0,已接受,2023-09-03,
95,2023-08-29,34700.0,已接受,2023-09-03,
96,2023-08-29,30100.0,已接受,2023-09-03,
97,2023-09-06,34900.0,已接受,2023-09-07,
98,2023-08-29,30400.0,已接受,2023-08-31,
99,2023-09-18,35000.0,已接受,2023-09-21,
100,2023-09-01,38500.0,已接受,2023-09-06,
101,2023-10-06,34700.0,已接受,2023-10-11,
102,2023-10-18,10200.0,已接受,2023-10-22,
103,2023-09-23,9000.0,已接受,2023-09-24,
104,2023-10-14,9000.0,已接受,2023-10-18,
105,2023-10-19,10700.0,已接受,2023-10-23,
106,2023-09-24,9400.0,已接受,2023-09-27,
107,2023-09-24,10900.0,已接受,2023-09-28,
108,2023-09-27,9500.0,已接受,2023-10-02,
109,2023-09-28,11200.0,已接受,2023-10-03,
110,2023-09-22,29200.0,已接受,2023-09-25,
111,2023-09-18,9700.0,已接受,2023-09-19,
112,2023-09-30,8400.0,已接受,2023-10-04,
113,2023-11-18,14200.0,已接受,2023-11-20,
114,2023-10-17,10600.0,已接受,2023-10-21,
115,2023-11-03,12000.0,已接受,2023-11-06,
116,2023-10-17,6800.0,已接受,2023-10-19,
117,2023-10-18,6000.0,已接受,2023-10-20,
118,2023-11-04,20400.0,已接受,2023-11-05,
119,2023-10-28,20400.0,已接受,2023-10-30,
120,2023-11-27,15900.0,已接受,2023-11-29,
121,2023-11-28,11800.0,已接受,2023-12-01,
122,2023-11-28,13100.0,已接受,2023-12-03,
123,2023-12-11,22800.0,已接受,2023-12-12,
124,2023-11-14,23000.0,已接受,2023-11-19,
125,2023-11-26,21000.0,已接受,2023-11-30,
126,2023-11-19,19800.0,已接受,2023-11-24,
127,2023-11-06,21900.0,已接受,2023-11-10,
128,2023-11-14,18200.0,已接受,2023-11-16,
129,2023-12-06,19100.0,已接受,2023-12-11,
130,2023-11-20,24300.0,已接受,2023-11-22,
131,2023-12-24,38400.0,已接受,2023-12-28,
132,2024-01-17,18800.0,已接受,2024-01-19,
133,2023-12-11,16700.0,已接受,2023-12-15,
134,2023-12-11,16800.0,已接受,2023-12-12,
135,2023-12-28,18300.0,已接受,2024-01-02,
136,2023-12-20,11900.0,已接受,2023-12-24,
137,2024-02-16,34100.0,已接受,2024-02-21,
138,2024-01-30,9900.0,已接受,2024-02-04,
139,2024-01-25,33900.0,已接受,2024-01-27,
140,2024-02-13,37700.0,已接受,2024-02-16,
141,2024-02-06,15300.0,已接受,2024-02-07,
142,2024-03-12,25100.0,已接受,2024-03-13,
143,2024-03-08,12200.0,已接受,2024-03-12,
144,2024-02-22,23600.0,已接受,2024-02-25,
145,2024-03-14,19300.0,已接受,2024-03-16,
146,2024-03-05,23200.0,已接受,2024-03-08,
147,2024-03-01,9000.0,已接受,2024-03-04,
148,2024-02-17,13300.0,已接受,2024-02-20,
149,2024-02-28,19600.0,已接受,2024-02-29,
150,2024-03-11,24200.0,已接受,2024-03-12,
151,2024-03-01,22700.0,已接受,2024-03-04,
152,2024-03-06,16800.0,已接受,2024-03-07,
153,2024-02-14,12000.0,已接受,2024-02-18,
154,2024-02-22,27400.0,已接受,2024-02-25,
155,2024-02-13,20900.0,已接受,2024-02-18,
156,2024-02-27,26900.0,已接受,2024-03-01,
157,2024-03-15,10300.0,已接受,2024-03-20,
158,2024-02-27,10300.0,已接受,2024-02-29,
159,2024-02-06,24600.0,已接受,2024-02-07,
160,2024-04-15,27400.0,已接受,2024-04-18,
161,2024-03-20,23600.0,已接受,2024-03-25,
162,2024-03-29,18100.0,已接受,2024-04-03,
163,2024-04-07,14900.0,已接受,2024-04-11,
164,2024-04-11,16100.0,已接受,2024-04-12,
165,2024-04-07,10900.0,已接受,2024-04-10,
166,2024-03-24,14600.0,已接受,2024-03-25,
167,2024-04-09,13200.0,已接受,2024-04-11,
168,2024-04-02,6700.0,已接受,2024-04-07,
169,2024-03-24,6000.0,已接受,2024-03-28,
170,2024-04-04,15700.0,已接受,2024-04-06,
171,2024-04-11,13500.0,已接受,2024-04-15,
172,2024-03-27,12100.0,已接受,2024-03-31,
173,2024-03-12,13200.0,已接受,2024-03-15,
174,2024-04-13,39300.0,已接受,2024-04-14,
175,2024-03-30,51400.0,已接受,2024-04-01,
176,2024-03-26,44300.0,已接受,2024-03-31,
177,2024-03-29,19300.0,已接受,2024-03-30,
178,2024-03-31,22500.0,已接受,2024-04-01,
179,2024-05-28,26300.0,已接受,2024-05-30,
180,2024-05-05,47500.0,已接受,2024-05-06,
181,2024-04-12,47400.0,已接受,2024-04-16,
182,2024-04-29,42600.0,已接受,2024-05-01,
183,2024-05-04,7900.0,已接受,2024-05-08,
184,2024-04-25,7800.0,已接受,2024-04-27,
185,2024-05-02,12500.0,已接受,2024-05-05,
186,2024-04-19,13800.0,已接受,2024-04-21,
187,2024-04-26,10400.0,已接受,2024-04-29,
188,2024-06-13,19100.0,已接受,2024-06-15,
189,2024-06-02,24100.0,已接受,2024-06-07,
190,2024-06-17,19700.0,已接受,2024-06-19,
191,2024-06-08,25200.0,已接受,2024-06-12,
192,2024-05-15,13900.0,已接受,2024-05-19,
193,2024-05-13,14600.0,已接受,2024-05-18,
194,2024-06-03,6000.0,已接受,2024-06-06,
195,2024-05-11,36100.0,已接受,2024-05-12,
196,2024-06-07,38100.0,已接受,2024-06-09,
197,2024-05-28,19100.0,已接受,2024-05-30,
198,2024-07-06,16100.0,已接受,2024-07-09,
199,2024-07-12,12900.0,已接受,2024-07-13,
200,2024-06-20,14200.0,已接受,2024-06-21,
201,2024-06-22,19000.0,已接受,2024-06-25,
202,2024-06-12,17700.0,已接受,2024-06-16,
203,2024-06-14,22900.0,已接受,2024-06-15,
204,2024-07-07,23400.0,已接受,2024-07-09,
205,2024-08-22,19300.0,已接受,2024-08-27,
206,2024-07-25,9800.0,已接受,2024-07-29,
207,2024-07-23,10300.0,已接受,2024-07-27,
208,2024-08-10,8800.0,已接受,2024-08-12,
209,2024-07-09,11700.0,已接受,2024-07-14,
210,2024-07-25,13300.0,已接受,2024-07-26,
211,2024-07-27,16400.0,已接受,2024-07-31,
212,2024-08-01,15400.0,已接受,2024-08-05,
213,2024-08-09,24700.0,已接受,2024-08-11,
214,2024-08-18,10500.0,已接受,2024-08-21,
215,2024-08-23,28000.0,已接受,2024-08-26,
216,2024-08-15,29200.0,已接受,2024-08-20,
217,2024-09-09,22000.0,已接受,2024-09-11,
218,2024-09-01,21900.0,已接受,2024-09-04,
219,2024-08-29,15400.0,已接受,2024-09-03,
220,2024-09-11,12100.0,已接受,2024-09-14,
221,2024-09-16,23200.0,已接受,2024-09-20,
222,2024-09-02,22300.0,已接受,2024-09-03,
223,2024-08-28,22300.0,已接受,2024-09-01,
224,2024-08-27,18900.0,已接受,2024-08-29,
225,2024-09-05,17000.0,已接受,2024-09-06,
226,2024-08-22,16700.0,已接受,2024-08-23,
227,2024-09-16,13700.0,已接受,2024-09-20,
228,2024-08-06,15900.0,已接受,2024-08-11,
229,2024-10-07,9100.0,已接受,2024-10-08,
230,2024-09-29,12100.0,已接受,2024-10-04,
231,2024-10-01,13500.0,已接受,2024-10-04,
232,2024-09-30,8800.0,已接受,2024-10-04,
233,2024-10-05,11300.0,已接受,2024-10-10,
234,2024-09-14,12600.0,已接受,2024-09-19,
235,2024-10-15,12800.0,已接受,2024-10-20,
236,2024-09-14,11900.0,已接受,2024-09-18,
237,2024-09-20,9900.0,已接受,2024-09-22,
238,2024-09-16,17700.0,已接受,2024-09-19,
239,2024-09-24,15000.0,已接受,2024-09-27,
240,2024-09-16,25600.0,已接受,2024-09-17,
241,2024-10-05,24200.0,已接受,2024-10-09,
242,2024-11-07,10900.0,已接受,2024-11-10,
243,2024-11-15,12500.0,已接受,2024-11-19,
244,2024-10-19,22300.0,已接受,2024-10-22,
245,2024-11-13,27200.0,已接受,2024-11-14,
246,2024-10-21,25800.0,已接受,2024-10-22,
247,2024-10-28,27900.0,已接受,2024-10-31,
248,2024-11-17,31000.0,已接受,2024-11-19,
249,2024-10-27,28700.0,已接受,2024-11-01,
250,2024-12-10,22200.0,已接受,2024-12-12,
251,2024-12-06,9800.0,已接受,2024-12-10,
252,2024-11-27,13600.0,已接受,2024-11-29,
253,2024-12-11,21700.0,已接受,2024-12-13,
254,2024-12-14,14600.0,已接受,2024-12-18,
255,2024-11-25,19000.0,已接受,2024-11-28,
256,2024-11-28,16300.0,已接受,2024-12-01,
257,2024-12-07,25000.0,已接受,2024-12-08,
258,2024-12-01,24300.0,已接受,2024-12-04,
259,2024-12-26,22600.0,已接受,2024-12-29,
260,2024-12-20,25000.0,已接受,2024-12-23,
261,2024-12-30,19100.0,已接受,2024-12-31,
262,2025-01-01,20700.0,已接受,2025-01-05,
263,2024-12-30,20600.0,已接受,2024-12-31,
264,2024-12-31,21700.0,已接受,2025-01-01,
265,2024-12-28,12400.0,已接受,2024-12-30,
266,2025-02-03,15600.0,已接受,2025-02-04,
267,2025-01-27,12600.0,已接受,2025-02-01,
268,2025-01-28,14000.0,已接受,2025-01-29,
269,2025-01-23,11700.0,已接受,2025-01-24,
270,2025-03-01,10800.0,已接受,2025-03-03,
271,2025-02-08,10900.0,已接受,2025-02-09,
272,2025-03-23,16500.0,已接受,2025-03-28,
273,2025-02-09,14900.0,已接受,2025-02-10,
274,2025-02-13,18600.0,已接受,2025-02-14,
275,2025-02-16,27200.0,已接受,2025-02-17,
276,2025-03-26,11700.0,已接受,2025-03-29,
277,2025-03-20,9800.0,已接受,2025-03-23,
278,2025-03-13,37100.0,已接受,2025-03-17,
279,2025-02-24,29600.0,已接受,2025-02-27,
280,2025-02-28,35600.0,已接受,2025-03-04,
281,2025-02-12,11200.0,已接受,2025-02-13,
282,2025-03-27,15200.0,已接受,2025-03-31,
283,2025-03-12,15300.0,已接受,2025-03-17,
284,2025-02-21,30800.0,已接受,2025-02-24,
285,2025-02-15,10400.0,已接受,2025-02-16,
286,2025-01-31,12800.0,已接受,2025-02-02,
287,2025-03-25,12100.0,已接受,2025-03-28,
288,2025-03-07,14300.0,已接受,2025-03-09,
289,2025-03-11,12800.0,已接受,2025-03-12,
290,2025-03-17,11000.0,已接受,2025-03-22,
291,2025-03-25,13500.0,已接受,2025-03-30,
292,2025-04-10,14000.0,已接受,2025-04-13,
293,2025-04-05,25900.0,已接受,2025-04-06,
294,2025-04-13,23900.0,已接受,2025-04-18,
295,2025-03-26,9400.0,已接受,2025-03-28,
296,2025-03-27,24300.0,已接受,2025-03-30,
297,2025-03-28,32300.0,已接受,2025-04-02,
298,2025-04-23,13000.0,已接受,2025-04-26,
299,2025-04-18,9900.0,已接受,2025-04-23,
300,2025-04-01,10900.0,已接受,2025-04-05,
301,2025-04-16,11800.0,已接受,2025-04-21,
302,2025-04-07,16400.0,已接受,2025-04-10,
303,2025-04-04,15400.0,已接受,2025-04-09,
304,2025-03-17,8100.0,已接受,2025-03-22,
305,2025-03-28,7600.0,已接受,2025-03-31,
306,2025-04-14,12000.0,已接受,2025-04-17,
307,2025-04-10,26100.0,已接受,2025-04-11,
308,2025-03-25,30100.0,已接受,2025-03-28,
309,2025-04-11,25600.0,已接受,2025-04-15,
310,2025-04-29,13300.0,已接受,2025-05-02,
311,2025-05-02,7100.0,已接受,2025-05-07,
312,2025-05-12,13500.0,已接受,2025-05-13,
313,2025-04-24,16100.0,已接受,2025-04-28,
314,2025-04-26,34800.0,已接受,2025-05-01,
315,2025-05-06,38500.0,已接受,2025-05-10,
316,2025-04-12,26000.0,已接受,2025-04-15,
317,2025-05-13,19300.0,已接受,2025-05-18,
318,2025-05-09,18900.0,已接受,2025-05-13,
319,2025-05-11,11700.0,已接受,2025-05-15,
320,2025-05-14,13100.0,已接受,2025-05-19,
321,2025-06-27,22500.0,已接受,2025-07-02,
322,2025-05-24,18300.0,已接受,2025-05-26,
323,2025-06-18,16800.0,已接受,2025-06-23,
324,2025-05-16,17000.0,已接受,2025-05-20,
325,2025-05-30,20300.0,已接受,2025-06-01,
326,2025-05-29,28400.0,已接受,2025-06-01,
327,2025-06-16,31100.0,已接受,2025-06-18,
328,2025-05-28,20400.0,已接受,2025-05-31,
329,2025-07-06,23800.0,已接受,2025-07-09,
330,2025-07-18,17200.0,已接受,2025-07-20,
331,2025-07-19,17200.0,已接受,2025-07-22,
332,2025-06-11,41200.0,已接受,2025-06-16,
333,2025-07-18,7300.0,已接受,2025-07-20,
334,2025-07-23,13900.0,已接受,2025-07-25,
335,2025-07-01,19300.0,已接受,2025-07-03,
336,2025-06-23,17300.0,已接受,2025-06-27,
337,2025-07-24,32100.0,已接受,2025-07-25,
338,2025-08-13,13600.0,已接受,2025-08-14,
339,2025-08-16,8400.0,已接受,2025-08-18,
340,2025-07-14,34400.0,已接受,2025-07-17,
341,2025-08-15,15900.0,已接受,2025-08-20,
342,2025-08-13,16000.0,已接受,2025-08-16,
343,2025-07-20,22500.0,已接受,2025-07-23,
344,2025-08-08,6100.0,已接受,2025-08-12,
345,2025-07-26,5500.0,已接受,2025-07-31,
346,2025-07-27,7700.0,已接受,2025-07-29,
347,2025-07-24,9900.0,已接受,2025-07-26,
348,2025-08-12,10600.0,已接受,2025-08-17,
349,2025-09-11,46700.0,已接受,2025-09-13,
350,2025-09-02,47700.0,已接受,2025-09-03,
351,2025-08-31,40700.0,已接受,2025-09-02,
352,2025-08-24,41100.0,已接受,2025-08-26,
353,2025-09-18,8500.0,已接受,2025-09-20,
354,2025-09-05,33600.0,已接受,2025-09-06,
355,2025-09-22,37100.0,已接受,2025-09-26,
356,2025-08-26,32600.0,已接受,2025-08-27,
357,2025-09-11,52300.0,已接受,2025-09-15,
358,2025-09-25,16300.0,已接受,2025-09-26,
359,2025-09-09,12600.0,已接受,2025-09-10,
360,2025-08-23,13000.0,已接受,2025-08-28,
361,2025-08-15,13000.0,已接受,2025-08-17,
362,2025-09-22,5600.0,已接受,2025-09-24,
363,2025-09-01,7100.0,已接受,2025-09-02,
364,2025-09-08,13100.0,已接受,2025-09-12,
365,2025-08-29,13100.0,已接受,2025-08-30,
366,2025-08-26,10300.0,已接受,2025-08-30,
367,2025-10-04,23500.0,已接受,2025-10-08,
368,2025-08-26,25800.0,已接受,2025-08-30,
369,2025-08-29,18800.0,已接受,2025-09-03,
370,2025-10-07,9500.0,已接受,2025-10-11,
371,2025-10-05,13400.0,已接受,2025-10-06,
372,2025-10-17,22600.0,已接受,2025-10-20,
373,2025-09-30,24200.0,已接受,2025-10-04,
374,2025-10-05,14400.0,已接受,2025-10-10,
375,2025-09-28,14300.0,已接受,2025-10-03,
376,2025-09-15,8300.0,已接受,2025-09-19,
377,2025-09-27,11800.0,已接受,2025-10-01,
378,2025-09-11,10900.0,已接受,2025-09-16,
379,2025-09-30,30800.0,已接受,2025-10-01,
380,2025-10-15,9500.0,已接受,2025-10-19,
381,2025-10-23,34700.0,已接受,2025-10-26,
382,2025-09-27,32100.0,已接受,2025-09-30,
383,2025-09-23,36300.0,已接受,2025-09-26,
384,2025-10-03,16600.0,已接受,2025-10-06,
385,2025-09-30,8300.0,已接受,2025-10-03,
386,2025-10-13,7700.0,已接受,2025-10-16,
387,2025-11-19,6200.0,已接受,2025-11-24,
388,2025-10-18,12700.0,已接受,2025-10-20,
389,2025-11-13,12400.0,已接受,2025-11-18,
390,2025-11-02,42100.0,已接受,2025-11-04,
391,2025-11-07,42400.0,已接受,2025-11-10,
392,2025-11-04,12700.0,已接受,2025-11-08,
393,2025-10-29,14300.0,已接受,2025-10-30,
394,2025-11-01,13200.0,已接受,2025-11-04,
395,2025-11-04,21500.0,已接受,2025-11-06,
396,2025-10-09,11700.0,已接受,2025-10-11,
397,2025-11-07,10400.0,已接受,2025-11-12,
398,2025-11-15,10200.0,已接受,2025-11-18,
399,2025-12-02,12400.0,已接受,2025-12-04,
400,2025-12-10,23200.0,已接受,2025-12-11,
401,2025-12-04,9900.0,已接受,2025-12-07,
402,2025-12-04,11700.0,已接受,2025-12-06,
403,2025-12-21,10400.0,已接受,2025-12-24,
404,2025-12-19,10900.0,已接受,2025-12-21,
405,2025-11-21,10300.0,已接受,2025-11-25,
406,2025-12-22,18600.0,已接受,2025-12-23,
407,2025-11-30,19900.0,已接受,2025-12-05,
408,2025-12-20,14900.0,已接受,2025-12-24,
409,2026-01-04,16600.0,已接受,2026-01-06,
410,2025-12-23,18500.0,已接受,2025-12-27,
411,2026-01-02,5500.0,已接受,2026-01-06,
412,2025-12-24,8800.0,已接受,2025-12-27,
413,2026-01-04,11800.0,已接受,2026-01-05,
414,2026-01-01,9300.0,已接受,2026-01-06,
415,2025-12-29,50000.0,已接受,2026-01-02,
416,2026-01-11,45300.0,已接受,2026-01-14,
417,2026-02-21,56600.0,已接受,2026-02-26,
418,2026-02-12,21200.0,已接受,2026-02-14,
419,2026-02-12,20000.0,已接受,2026-02-17,
420,2026-02-24,14300.0,已接受,2026-02-28,
421,2026-02-02,9700.0,已接受,2026-02-03,
422,2026-03-10,11400.0,已接受,2026-03-12,
423,2026-03-02,12600.0,已接受,2026-03-03,
424,2026-03-11,6200.0,已接受,2026-03-12,
425,2026-02-22,6800.0,已接受,2026-02-24,
426,2026-03-09,9600.0,已接受,2026-03-12,
427,2026-02-28,10700.0,已接受,2026-03-05,
428,2026-02-13,8600.0,已接受,2026-02-16,
429,2026-02-25,16500.0,已接受,2026-03-02,
430,2026-03-04,16500.0,已接受,2026-03-09,
431,2026-03-19,29000.0,已接受,2026-03-22,
432,2026-02-17,25800.0,已接受,2026-02-22,
433,2026-02-01,16000.0,已接受,2026-02-02,
434,2026-03-13,19900.0,已接受,2026-03-17,
435,2026-02-18,19900.0,已接受,2026-02-23,
436,2026-03-05,32900.0,已接受,2026-03-08,
437,2026-02-16,36900.0,已接受,2026-02-17,
438,2026-02-15,35000.0,已接受,2026-02-20,
439,2026-03-23,18000.0,已接受,2026-03-26,
440,2026-03-05,19500.0,已接受,2026-03-07,
441,2026-03-05,21400.0,已接受,2026-03-08,
442,2026-03-29,25900.0,已接受,2026-04-01,
443,2026-02-27,21600.0,已接受,2026-03-04,
444,2026-02-14,40100.0,已接受,2026-02-17,
445,2026-02-16,37400.0,已接受,2026-02-17,
446,2026-03-22,36600.0,已接受,2026-03-26,
447,2026-04-15,12000.0,已接受,2026-04-18,
448,2026-04-21,12400.0,已接受,2026-04-23,
449,2026-04-22,11800.0,已接受,2026-04-23,
450,2026-03-22,10200.0,已接受,2026-03-24,
451,2026-03-30,7600.0,已接受,2026-03-31,
452,2026-04-13,10300.0,已接受,2026-04-15,
453,2026-04-25,6800.0,已接受,2026-04-29,
454,2026-04-09,6800.0,已接受,2026-04-12,
455,2026-04-06,6600.0,已接受,2026-04-11,
456,2026-04-29,13100.0,已接受,2026-05-04,
457,2026-03-31,12400.0,已接受,2026-04-03,
458,2026-04-13,12800.0,已接受,2026-04-16,
459,2026-03-24,13700.0,已接受,2026-03-28,
460,2026-04-07,16300.0,已接受,2026-04-12,
461,2026-04-06,15200.0,已接受,2026-04-10,
462,2026-03-16,20800.0,已接受,2026-03-17,
463,2026-04-21,22100.0,已接受,2026-04-23,
464,2026-04-08,20900.0,已接受,2026-04-09,
465,2026-05-12,10400.0,已接受,2026-05-17,
466,2026-04-08,10800.0,已接受,2026-04-11,
467,2026-05-08,31800.0,已接受,2026-05-10,
468,2026-04-26,9700.0,已接受,2026-04-27,
469,2026-05-04,12500.0,已接受,2026-05-07,
470,2026-05-18,37600.0,已接受,2026-05-22,
471,2026-04-27,32800.0,已接受,2026-04-28,
472,2026-04-26,35300.0,已接受,2026-04-30,
473,2026-04-25,35400.0,已接受,2026-04-27,
474,2026-06-18,7900.0,已接受,2026-06-21,
475,2026-05-04,16200.0,已接受,2026-05-07,
476,2026-06-02,15900.0,已接受,2026-06-06,
477,2026-05-23,8700.0,已接受,2026-05-25,
478,2026-05-02,34500.0,已接受,2026-05-06,
479,2026-06-20,37300.0,已接受,2026-06-24,
480,2026-06-02,30600.0,已接受,2026-06-03,
481,2026-05-13,9900.0,已接受,2026-05-16,
482,2026-06-12,12600.0,已接受,2026-06-14,
483,2026-06-17,15800.0,已接受,2026-06-20,
484,2026-05-12,14200.0,已接受,2026-05-15,
485,2026-06-15,19900.0,已接受,2026-06-16,
486,2026-07-10,15000.0,已接受,2026-07-14,
487,2026-07-06,16200.0,已接受,2026-07-09,
488,2026-07-14,10200.0,已接受,2026-07-19,
489,2026-07-04,8300.0,已接受,2026-07-07,
490,2026-07-13,16000.0,已接受,2026-07-17,
491,2026-07-03,13600.0,已接受,2026-07-04,
492,2026-08-03,10600.0,已接受,2026-08-05,
493,2026-06-23,11300.0,已接受,2026-06-25,
494,2026-07-13,14300.0,已接受,2026-07-18,
495,2026-06-26,16600.0,已接受,2026-06-29,
496,2026-08-03,15300.0,已接受,2026-08-08,
497,2026-07-31,16500.0,已接受,2026-08-01,
498,2026-07-25,18800.0,已接受,2026-07-26,
499,2026-07-26,22300.0,已接受,2026-07-29,
500,2026-07-11,18300.0,已接受,2026-07-12,
501,2026-08-13,15100.0,已接受,2026-08-14,
502,2026-07-27,16000.0,已接受,2026-07-30,
503,2026-07-31,10000.0,已接受,2026-08-01,
504,2026-08-11,12400.0,已接受,2026-08-16,
529,2023-04-22,11900.0,已拒绝,2023-04-29,已接其他offer
543,2023-07-30,10800.0,已拒绝,2023-08-04,薪酬不匹配
552,2024-01-11,30200.0,已拒绝,2024-01-16,薪酬不匹配
568,2024-03-30,27600.0,已拒绝,2024-04-07,薪酬不匹配
570,2024-03-30,25900.0,已拒绝,2024-04-05,薪酬不匹配
586,2024-08-27,27500.0,已拒绝,2024-08-31,已接其他offer
609,2025-01-11,15200.0,已拒绝,2025-01-17,薪酬不匹配
612,2025-01-28,15200.0,已拒绝,2025-02-01,已接其他offer
633,2025-05-21,21900.0,已拒绝,2025-05-25,已接其他offer
638,2025-07-16,7700.0,已拒绝,2025-07-20,薪酬不匹配
664,2025-10-15,23900.0,已拒绝,2025-10-18,家庭原因
677,2026-04-30,9500.0,已拒绝,2026-05-06,已接其他offer
688,2026-05-16,34700.0,已拒绝,2026-05-23,家庭原因
693,2023-01-13,15200.0,已拒绝,2023-01-18,其他
698,2023-01-09,11000.0,已拒绝,2023-01-11,薪酬不匹配
721,2023-03-16,22300.0,已拒绝,2023-03-21,薪酬不匹配
735,2023-04-04,20900.0,已拒绝,2023-04-11,已接其他offer
751,2023-05-05,25500.0,已拒绝,2023-05-08,薪酬不匹配
753,2023-05-12,22600.0,已拒绝,2023-05-17,薪酬不匹配
785,2023-08-13,36300.0,已拒绝,2023-08-19,薪酬不匹配
805,2023-08-31,16400.0,已拒绝,2023-09-05,已接其他offer
819,2023-09-07,29000.0,已拒绝,2023-09-15,家庭原因
823,2023-08-25,33200.0,已拒绝,2023-08-29,已接其他offer
848,2023-09-30,11800.0,已拒绝,2023-10-08,家庭原因
858,2023-10-31,11300.0,已拒绝,2023-11-05,已接其他offer
876,2023-12-07,17000.0,已拒绝,2023-12-11,其他
889,2024-02-16,12200.0,已拒绝,2024-02-24,薪酬不匹配
899,2024-03-07,19400.0,已拒绝,2024-03-13,已接其他offer
908,2024-03-14,28200.0,已拒绝,2024-03-19,其他
931,2024-03-19,7600.0,已拒绝,2024-03-24,其他
961,2024-05-09,10800.0,已拒绝,2024-05-13,已接其他offer
970,2024-05-25,6800.0,已拒绝,2024-05-29,已接其他offer
997,2024-07-24,9200.0,已拒绝,2024-07-26,薪酬不匹配
1007,2024-08-09,22300.0,已拒绝,2024-08-15,薪酬不匹配
1029,2024-09-14,14800.0,已拒绝,2024-09-17,其他
1067,2025-01-08,12800.0,已拒绝,2025-01-12,已接其他offer
1086,2025-02-22,12000.0,已拒绝,2025-03-01,其他
1087,2025-03-05,8600.0,已拒绝,2025-03-08,家庭原因
1114,2025-03-09,15000.0,已拒绝,2025-03-14,薪酬不匹配
1146,2025-03-27,9800.0,已拒绝,2025-03-31,薪酬不匹配
1174,2025-05-11,15600.0,已拒绝,2025-05-14,薪酬不匹配
1181,2025-04-25,23800.0,已拒绝,2025-04-30,已接其他offer
1183,2025-05-06,23800.0,已拒绝,2025-05-09,已接其他offer
1186,2025-04-28,14700.0,已拒绝,2025-05-01,薪酬不匹配
1204,2025-06-18,46900.0,已拒绝,2025-06-24,已接其他offer
1206,2025-07-06,43900.0,已拒绝,2025-07-14,薪酬不匹配
1219,2025-07-05,31100.0,已拒绝,2025-07-08,薪酬不匹配
1256,2025-09-01,11300.0,已拒绝,2025-09-05,其他
1262,2025-08-31,25100.0,已拒绝,2025-09-05,已接其他offer
1276,2025-10-19,10800.0,已拒绝,2025-10-26,家庭原因
1287,2025-09-17,18800.0,已拒绝,2025-09-25,已接其他offer
1290,2025-10-13,5600.0,已拒绝,2025-10-18,家庭原因
1312,2025-10-30,9000.0,已拒绝,2025-11-05,家庭原因
1337,2025-12-12,8100.0,已拒绝,2025-12-19,已接其他offer
1344,2026-01-05,44000.0,已拒绝,2026-01-09,其他
1351,2026-01-31,11800.0,已拒绝,2026-02-08,薪酬不匹配
1363,2026-02-23,11200.0,已拒绝,2026-02-25,薪酬不匹配
1370,2026-03-02,31600.0,已拒绝,2026-03-09,家庭原因
1385,2026-03-25,22200.0,已拒绝,2026-03-30,薪酬不匹配
1438,2026-03-20,14000.0,已拒绝,2026-03-25,家庭原因
1447,2026-04-28,39100.0,已拒绝,2026-05-06,已接其他offer
1456,2026-05-18,12200.0,已拒绝,2026-05-21,已接其他offer
1469,2026-05-20,10600.0,已拒绝,2026-05-22,薪酬不匹配
1474,2026-06-13,20400.0,已拒绝,2026-06-18,已接其他offer
1479,2026-06-21,8400.0,已拒绝,2026-06-23,薪酬不匹配
1483,2026-06-13,11400.0,已拒绝,2026-06-21,已接其他offer
1501,2026-06-20,16900.0,已拒绝,2026-06-23,家庭原因
1508,2026-07-24,20700.0,已拒绝,2026-08-01,薪酬不匹配
1517,2026-07-22,19300.0,已拒绝,2026-07-28,家庭原因
