channel,cost_month,amount,notes
招聘网站,2023-01,12468.7,年度框架会员费分摊
校园招聘,2023-01,7089.47,宣讲会与双选会费用
内推奖励,2023-01,8000.0,内推入职4人×2000元
招聘网站,2023-02,8835.81,年度框架会员费分摊
校园招聘,2023-02,2100.73,宣讲会与双选会费用
内推奖励,2023-02,2000.0,内推入职1人×2000元
招聘网站,2023-03,14313.63,年度框架会员费分摊
猎头,2023-03,18827.04,按到岗候选人服务费
校园招聘,2023-03,13884.95,宣讲会与双选会费用
内推奖励,2023-03,8000.0,内推入职4人×2000元
招聘网站,2023-04,12272.67,年度框架会员费分摊
校园招聘,2023-04,14676.76,宣讲会与双选会费用
内推奖励,2023-04,8000.0,内推入职4人×2000元
招聘网站,2023-05,13223.63,年度框架会员费分摊
校园招聘,2023-05,2843.45,宣讲会与双选会费用
内推奖励,2023-05,6000.0,内推入职3人×2000元
招聘网站,2023-06,12576.61,年度框架会员费分摊
校园招聘,2023-06,7907.18,宣讲会与双选会费用
内推奖励,2023-06,4000.0,内推入职2人×2000元
招聘网站,2023-07,9827.24,年度框架会员费分摊
猎头,2023-07,15441.56,按到岗候选人服务费
校园招聘,2023-07,7622.88,宣讲会与双选会费用
内推奖励,2023-07,4000.0,内推入职2人×2000元
招聘网站,2023-08,11951.86,年度框架会员费分摊
校园招聘,2023-08,5801.21,宣讲会与双选会费用
内推奖励,2023-08,2000.0,内推入职1人×2000元
招聘网站,2023-09,13640.25,年度框架会员费分摊
猎头,2023-09,33497.17,按到岗候选人服务费
校园招聘,2023-09,15204.44,宣讲会与双选会费用
内推奖励,2023-09,14000.0,内推入职7人×2000元
招聘网站,2023-10,10271.76,年度框架会员费分摊
校园招聘,2023-10,15053.96,宣讲会与双选会费用
内推奖励,2023-10,6000.0,内推入职3人×2000元
招聘网站,2023-11,13946.71,年度框架会员费分摊
猎头,2023-11,29186.68,按到岗候选人服务费
校园招聘,2023-11,2741.29,宣讲会与双选会费用
招聘网站,2023-12,14087.2,年度框架会员费分摊
猎头,2023-12,33612.23,按到岗候选人服务费
校园招聘,2023-12,2979.93,宣讲会与双选会费用
内推奖励,2023-12,10000.0,内推入职5人×2000元
招聘网站,2024-01,10256.68,年度框架会员费分摊
猎头,2024-01,23007.55,按到岗候选人服务费
校园招聘,2024-01,3084.7,宣讲会与双选会费用
内推奖励,2024-01,2000.0,内推入职1人×2000元
招聘网站,2024-02,11252.72,年度框架会员费分摊
校园招聘,2024-02,6309.99,宣讲会与双选会费用
内推奖励,2024-02,4000.0,内推入职2人×2000元
招聘网站,2024-03,11365.17,年度框架会员费分摊
校园招聘,2024-03,6240.08,宣讲会与双选会费用
内推奖励,2024-03,8000.0,内推入职4人×2000元
招聘网站,2024-04,9378.05,年度框架会员费分摊
校园招聘,2024-04,17016.61,宣讲会与双选会费用
内推奖励,2024-04,16000.0,内推入职8人×2000元
招聘网站,2024-05,8261.61,年度框架会员费分摊
校园招聘,2024-05,2023.61,宣讲会与双选会费用
招聘网站,2024-06,12619.37,年度框架会员费分摊
校园招聘,2024-06,4397.39,宣讲会与双选会费用
内推奖励,2024-06,6000.0,内推入职3人×2000元
招聘网站,2024-07,8852.05,年度框架会员费分摊
校园招聘,2024-07,5967.7,宣讲会与双选会费用
内推奖励,2024-07,6000.0,内推入职3人×2000元
招聘网站,2024-08,11942.61,年度框架会员费分摊
校园招聘,2024-08,5094.78,宣讲会与双选会费用
内推奖励,2024-08,6000.0,内推入职3人×2000元
招聘网站,2024-09,9920.68,年度框架会员费分摊
校园招聘,2024-09,7361.12,宣讲会与双选会费用
内推奖励,2024-09,8000.0,内推入职4人×2000元
招聘网站,2024-10,11639.45,年度框架会员费分摊
校园招聘,2024-10,9680.05,宣讲会与双选会费用
内推奖励,2024-10,12000.0,内推入职6人×2000元
招聘网站,2024-11,13211.71,年度框架会员费分摊
校园招聘,2024-11,3007.98,宣讲会与双选会费用
招聘网站,2024-12,9592.68,年度框架会员费分摊
校园招聘,2024-12,3332.01,宣讲会与双选会费用
内推奖励,2024-12,4000.0,内推入职2人×2000元
招聘网站,2025-01,9135.26,年度框架会员费分摊
校园招聘,2025-01,2678.47,宣讲会与双选会费用
内推奖励,2025-01,4000.0,内推入职2人×2000元
招聘网站,2025-02,12558.66,年度框架会员费分摊
校园招聘,2025-02,5109.63,宣讲会与双选会费用
内推奖励,2025-02,6000.0,内推入职3人×2000元
招聘网站,2025-03,8856.28,年度框架会员费分摊
校园招聘,2025-03,13311.2,宣讲会与双选会费用
内推奖励,2025-03,6000.0,内推入职3人×2000元
招聘网站,2025-04,8050.83,年度框架会员费分摊
校园招聘,2025-04,16898.11,宣讲会与双选会费用
内推奖励,2025-04,16000.0,内推入职8人×2000元
招聘网站,2025-05,12451.08,年度框架会员费分摊
校园招聘,2025-05,5934.08,宣讲会与双选会费用
内推奖励,2025-05,6000.0,内推入职3人×2000元
招聘网站,2025-06,8669.07,年度框架会员费分摊
校园招聘,2025-06,3806.3,宣讲会与双选会费用
内推奖励,2025-06,6000.0,内推入职3人×2000元
招聘网站,2025-07,13978.5,年度框架会员费分摊
校园招聘,2025-07,2196.74,宣讲会与双选会费用
内推奖励,2025-07,10000.0,内推入职5人×2000元
招聘网站,2025-08,13974.45,年度框架会员费分摊
校园招聘,2025-08,3282.36,宣讲会与双选会费用
内推奖励,2025-08,4000.0,内推入职2人×2000元
招聘网站,2025-09,13501.59,年度框架会员费分摊
校园招聘,2025-09,19507.6,宣讲会与双选会费用
内推奖励,2025-09,14000.0,内推入职7人×2000元
招聘网站,2025-10,10224.3,年度框架会员费分摊
校园招聘,2025-10,16174.35,宣讲会与双选会费用
内推奖励,2025-10,4000.0,内推入职2人×2000元
招聘网站,2025-11,14604.81,年度框架会员费分摊
猎头,2025-11,35442.17,按到岗候选人服务费
校园招聘,2025-11,4763.43,宣讲会与双选会费用
招聘网站,2025-12,8936.07,年度框架会员费分摊
猎头,2025-12,15272.46,按到岗候选人服务费
校园招聘,2025-12,2321.83,宣讲会与双选会费用
内推奖励,2025-12,12000.0,内推入职6人×2000元
招聘网站,2026-01,9421.78,年度框架会员费分摊
校园招聘,2026-01,5203.26,宣讲会与双选会费用
内推奖励,2026-01,2000.0,内推入职1人×2000元
招聘网站,2026-02,14884.1,年度框架会员费分摊
校园招聘,2026-02,5924.18,宣讲会与双选会费用
招聘网站,2026-03,8086.97,年度框架会员费分摊
校园招聘,2026-03,12560.42,宣讲会与双选会费用
内推奖励,2026-03,16000.0,内推入职8人×2000元
招聘网站,2026-04,14913.82,年度框架会员费分摊
校园招聘,2026-04,10556.79,宣讲会与双选会费用
内推奖励,2026-04,12000.0,内推入职6人×2000元
招聘网站,2026-05,14586.55,年度框架会员费分摊
校园招聘,2026-05,6335.21,宣讲会与双选会费用
内推奖励,2026-05,6000.0,内推入职3人×2000元
招聘网站,2026-06,10266.35,年度框架会员费分摊
猎头,2026-06,18393.91,按到岗候选人服务费
校园招聘,2026-06,7187.57,宣讲会与双选会费用
内推奖励,2026-06,4000.0,内推入职2人×2000元
招聘网站,2026-07,9120.67,年度框架会员费分摊
校园招聘,2026-07,5567.75,宣讲会与双选会费用
内推奖励,2026-07,8000.0,内推入职4人×2000元
招聘网站,2026-08,9363.39,年度框架会员费分摊
猎头,2026-08,22885.02,按到岗候选人服务费
校园招聘,2026-08,2236.2,宣讲会与双选会费用
内推奖励,2026-08,6000.0,内推入职3人×2000元
