emp_id,effective_date,salary_before,salary_after,change_pct,change_type
1,2023-04-13,84900.0,87700.0,3.3,年度调薪
2,2023-04-13,65800.0,71000.0,7.9,年度调薪
5,2023-04-13,60100.0,63800.0,6.16,年度调薪
6,2023-04-13,44700.0,45800.0,2.46,年度调薪
8,2023-04-13,34700.0,37400.0,7.78,年度调薪
9,2023-04-13,40600.0,42800.0,5.42,年度调薪
10,2023-04-13,36600.0,37600.0,2.73,年度调薪
11,2023-04-13,9900.0,10600.0,7.07,年度调薪
12,2023-04-13,10100.0,10400.0,2.97,年度调薪
14,2023-04-13,43600.0,46100.0,5.73,年度调薪
15,2023-04-13,10900.0,11200.0,2.75,年度调薪
16,2023-04-13,23900.0,25700.0,7.53,年度调薪
18,2023-04-13,13900.0,15000.0,7.91,年度调薪
20,2023-04-13,21200.0,22800.0,7.55,年度调薪
25,2023-04-13,12300.0,12600.0,2.44,年度调薪
27,2023-04-13,11000.0,11300.0,2.73,年度调薪
30,2023-04-13,10200.0,10500.0,2.94,年度调薪
31,2023-04-13,24600.0,25900.0,5.28,年度调薪
32,2023-04-13,12000.0,12300.0,2.5,年度调薪
33,2023-04-13,10200.0,10500.0,2.94,年度调薪
34,2023-04-13,27000.0,28200.0,4.44,年度调薪
36,2023-04-13,12400.0,13100.0,5.65,年度调薪
37,2023-04-13,18400.0,19100.0,3.8,年度调薪
40,2023-04-13,24200.0,25100.0,3.72,年度调薪
41,2023-04-13,12100.0,12600.0,4.13,年度调薪
42,2023-04-13,12300.0,12600.0,2.44,年度调薪
45,2023-04-13,31500.0,33500.0,6.35,年度调薪
48,2023-04-13,15000.0,15500.0,3.33,年度调薪
52,2023-04-13,14500.0,14900.0,2.76,年度调薪
56,2023-04-13,13600.0,14700.0,8.09,年度调薪
58,2023-04-13,22400.0,23900.0,6.7,年度调薪
64,2023-04-13,17600.0,18600.0,5.68,年度调薪
65,2023-04-13,17700.0,18400.0,3.95,年度调薪
66,2023-04-13,28500.0,30100.0,5.61,年度调薪
67,2023-04-13,15300.0,16000.0,4.58,年度调薪
68,2023-04-13,10200.0,10900.0,6.86,年度调薪
69,2023-04-13,17700.0,18300.0,3.39,年度调薪
70,2023-04-13,12800.0,13100.0,2.34,年度调薪
75,2023-04-13,11900.0,12400.0,4.2,年度调薪
78,2023-04-13,17100.0,17800.0,4.09,年度调薪
79,2023-04-13,21200.0,22100.0,4.25,年度调薪
81,2023-04-13,9700.0,10200.0,5.15,年度调薪
82,2023-04-13,6200.0,6600.0,6.45,年度调薪
90,2023-04-13,10600.0,11200.0,5.66,年度调薪
92,2023-04-13,17500.0,18100.0,3.43,年度调薪
94,2023-04-13,10900.0,11600.0,6.42,年度调薪
95,2023-04-13,42700.0,44100.0,3.28,年度调薪
101,2023-04-13,10500.0,10800.0,2.86,年度调薪
102,2023-04-13,9300.0,9900.0,6.45,年度调薪
103,2023-04-13,12600.0,13400.0,6.35,年度调薪
104,2023-04-13,11800.0,12400.0,5.08,年度调薪
110,2023-04-13,11700.0,12200.0,4.27,年度调薪
111,2023-04-13,34700.0,35400.0,2.02,年度调薪
113,2023-04-13,12500.0,12900.0,3.2,年度调薪
115,2023-04-13,15700.0,16300.0,3.82,年度调薪
119,2023-04-13,9900.0,10500.0,6.06,年度调薪
120,2023-04-13,14700.0,15700.0,6.8,年度调薪
121,2023-04-13,14800.0,15700.0,6.08,年度调薪
122,2023-04-13,12200.0,13100.0,7.38,年度调薪
123,2023-04-13,25100.0,26300.0,4.78,年度调薪
124,2023-04-13,9300.0,9800.0,5.38,年度调薪
126,2023-04-13,15800.0,16200.0,2.53,年度调薪
129,2023-04-13,19200.0,19800.0,3.12,年度调薪
130,2023-04-13,24000.0,25500.0,6.25,年度调薪
133,2023-04-13,9800.0,10200.0,4.08,年度调薪
134,2023-04-13,16800.0,18100.0,7.74,年度调薪
135,2023-04-13,5900.0,6200.0,5.08,年度调薪
137,2023-04-13,8000.0,8300.0,3.75,年度调薪
139,2023-04-13,5900.0,6100.0,3.39,年度调薪
140,2023-04-13,29800.0,31800.0,6.71,年度调薪
144,2023-04-13,24800.0,26100.0,5.24,年度调薪
145,2023-04-13,7800.0,8000.0,2.56,年度调薪
146,2023-04-13,12200.0,13100.0,7.38,年度调薪
147,2023-04-13,15300.0,15800.0,3.27,年度调薪
148,2023-04-13,22300.0,23500.0,5.38,年度调薪
150,2023-04-13,11200.0,11600.0,3.57,年度调薪
151,2023-04-13,10900.0,11300.0,3.67,年度调薪
153,2023-04-13,10500.0,11200.0,6.67,年度调薪
160,2023-04-13,35600.0,37800.0,6.18,年度调薪
161,2023-04-13,17800.0,18500.0,3.93,年度调薪
163,2023-04-13,10100.0,10900.0,7.92,年度调薪
164,2023-04-13,8900.0,9300.0,4.49,年度调薪
165,2023-04-13,7500.0,7700.0,2.67,年度调薪
166,2023-04-13,30900.0,31800.0,2.91,年度调薪
169,2023-04-13,10000.0,10300.0,3.0,年度调薪
170,2023-04-13,23900.0,25200.0,5.44,年度调薪
171,2023-04-13,8000.0,8400.0,5.0,年度调薪
172,2023-04-13,14500.0,15000.0,3.45,年度调薪
182,2023-04-13,10900.0,11200.0,2.75,年度调薪
183,2023-04-13,10000.0,10500.0,5.0,年度调薪
184,2023-04-13,10100.0,10600.0,4.95,年度调薪
186,2023-04-13,14700.0,15700.0,6.8,年度调薪
188,2023-04-13,6900.0,7000.0,1.45,年度调薪
190,2023-04-13,10200.0,11000.0,7.84,年度调薪
191,2023-04-13,9700.0,10400.0,7.22,年度调薪
194,2023-04-13,12800.0,13500.0,5.47,年度调薪
196,2023-04-13,14300.0,14700.0,2.8,年度调薪
199,2023-04-13,12900.0,13300.0,3.1,年度调薪
203,2023-04-13,13400.0,13900.0,3.73,年度调薪
206,2023-04-13,19000.0,19900.0,4.74,年度调薪
207,2023-04-13,31100.0,32500.0,4.5,年度调薪
210,2023-04-13,8800.0,9100.0,3.41,年度调薪
212,2023-04-13,17100.0,17900.0,4.68,年度调薪
213,2023-04-13,23000.0,24100.0,4.78,年度调薪
214,2023-04-13,21000.0,21500.0,2.38,年度调薪
215,2023-04-13,23100.0,24100.0,4.33,年度调薪
220,2023-04-13,38500.0,40300.0,4.68,年度调薪
223,2023-04-13,17000.0,17500.0,2.94,年度调薪
225,2023-04-13,9800.0,10100.0,3.06,年度调薪
226,2023-04-13,9600.0,10100.0,5.21,年度调薪
227,2023-04-13,17600.0,18200.0,3.41,年度调薪
228,2023-04-13,18400.0,18900.0,2.72,年度调薪
230,2023-04-13,21200.0,22100.0,4.25,年度调薪
231,2023-04-13,41500.0,43800.0,5.54,年度调薪
236,2023-04-13,13800.0,14800.0,7.25,年度调薪
237,2023-04-13,10900.0,11200.0,2.75,年度调薪
239,2023-04-13,12500.0,13200.0,5.6,年度调薪
241,2023-04-13,7200.0,7500.0,4.17,年度调薪
242,2023-04-13,23300.0,25100.0,7.73,年度调薪
243,2023-04-13,47500.0,50600.0,6.53,年度调薪
244,2023-04-13,9300.0,9600.0,3.23,年度调薪
245,2023-04-13,12300.0,12900.0,4.88,年度调薪
248,2023-04-13,19200.0,20000.0,4.17,年度调薪
250,2023-04-13,25200.0,26600.0,5.56,年度调薪
251,2023-04-13,7500.0,7700.0,2.67,年度调薪
253,2023-04-13,11900.0,12400.0,4.2,年度调薪
254,2023-04-13,25200.0,26900.0,6.75,年度调薪
257,2023-04-13,20200.0,20600.0,1.98,年度调薪
260,2023-04-13,23400.0,24400.0,4.27,年度调薪
262,2023-04-13,31700.0,32400.0,2.21,年度调薪
264,2023-04-13,10400.0,10800.0,3.85,年度调薪
266,2023-04-13,10600.0,11000.0,3.77,年度调薪
269,2023-04-13,12400.0,13100.0,5.65,年度调薪
272,2023-04-13,18800.0,20200.0,7.45,年度调薪
273,2023-04-13,18200.0,19600.0,7.69,年度调薪
275,2023-04-13,16700.0,17800.0,6.59,年度调薪
277,2023-04-13,26700.0,28500.0,6.74,年度调薪
278,2023-04-13,10600.0,11000.0,3.77,年度调薪
280,2023-04-13,9700.0,10400.0,7.22,年度调薪
282,2023-04-13,11600.0,12500.0,7.76,年度调薪
4,2024-04-11,57400.0,61700.0,7.49,年度调薪
5,2024-04-11,61900.0,63400.0,2.42,年度调薪
6,2024-04-11,46000.0,49600.0,7.83,年度调薪
12,2024-04-11,10400.0,10600.0,1.92,年度调薪
15,2024-04-11,11300.0,11800.0,4.42,年度调薪
16,2024-04-11,24600.0,26200.0,6.5,年度调薪
17,2024-04-11,13600.0,14400.0,5.88,年度调薪
19,2024-04-11,7600.0,7800.0,2.63,年度调薪
23,2024-04-11,12000.0,12700.0,5.83,年度调薪
27,2024-04-11,11400.0,12200.0,7.02,年度调薪
30,2024-04-11,10500.0,11000.0,4.76,年度调薪
34,2024-04-11,27800.0,29400.0,5.76,年度调薪
35,2024-04-11,14600.0,15000.0,2.74,年度调薪
36,2024-04-11,12800.0,13200.0,3.12,年度调薪
37,2024-04-11,18900.0,19500.0,3.17,年度调薪
38,2024-04-11,6500.0,6900.0,6.15,年度调薪
40,2024-04-11,24900.0,25900.0,4.02,年度调薪
42,2024-04-11,12700.0,13200.0,3.94,年度调薪
46,2024-04-11,13100.0,13700.0,4.58,年度调薪
47,2024-04-11,9700.0,10300.0,6.19,年度调薪
48,2024-04-11,15500.0,16400.0,5.81,年度调薪
50,2024-04-11,8800.0,9400.0,6.82,年度调薪
52,2024-04-11,14900.0,15700.0,5.37,年度调薪
53,2024-04-11,6000.0,6300.0,5.0,年度调薪
56,2024-04-11,14000.0,14600.0,4.29,年度调薪
57,2024-04-11,13200.0,13700.0,3.79,年度调薪
59,2024-04-11,7500.0,7900.0,5.33,年度调薪
64,2024-04-11,18200.0,19300.0,6.04,年度调薪
65,2024-04-11,18300.0,18900.0,3.28,年度调薪
66,2024-04-11,29400.0,30600.0,4.08,年度调薪
67,2024-04-11,15700.0,16700.0,6.37,年度调薪
70,2024-04-11,13100.0,13900.0,6.11,年度调薪
73,2024-04-11,14300.0,15000.0,4.9,年度调薪
74,2024-04-11,11900.0,12400.0,4.2,年度调薪
75,2024-04-11,12200.0,12500.0,2.46,年度调薪
76,2024-04-11,14200.0,15300.0,7.75,年度调薪
80,2024-04-11,11600.0,11900.0,2.59,年度调薪
82,2024-04-11,6400.0,6700.0,4.69,年度调薪
84,2024-04-11,20100.0,21300.0,5.97,年度调薪
86,2024-04-11,26300.0,27500.0,4.56,年度调薪
87,2024-04-11,49900.0,52500.0,5.21,年度调薪
88,2024-04-11,18800.0,20100.0,6.91,年度调薪
92,2024-04-11,18000.0,18800.0,4.44,年度调薪
93,2024-04-11,35600.0,38100.0,7.02,年度调薪
98,2024-04-11,17600.0,18900.0,7.39,年度调薪
99,2024-04-11,20300.0,21500.0,5.91,年度调薪
100,2024-04-11,8100.0,8400.0,3.7,年度调薪
102,2024-04-11,9600.0,10100.0,5.21,年度调薪
104,2024-04-11,12100.0,12500.0,3.31,年度调薪
105,2024-04-11,13100.0,14000.0,6.87,年度调薪
107,2024-04-11,15600.0,16600.0,6.41,年度调薪
109,2024-04-11,32200.0,33700.0,4.66,年度调薪
110,2024-04-11,12000.0,12600.0,5.0,年度调薪
112,2024-04-11,18400.0,19200.0,4.35,年度调薪
113,2024-04-11,12900.0,13300.0,3.1,年度调薪
114,2024-04-11,25100.0,27100.0,7.97,年度调薪
116,2024-04-11,8100.0,8700.0,7.41,年度调薪
117,2024-04-11,11600.0,11900.0,2.59,年度调薪
122,2024-04-11,12600.0,13000.0,3.17,年度调薪
123,2024-04-11,25800.0,27300.0,5.81,年度调薪
127,2024-04-11,8700.0,8900.0,2.3,年度调薪
128,2024-04-11,12800.0,13500.0,5.47,年度调薪
129,2024-04-11,19800.0,20500.0,3.54,年度调薪
132,2024-04-11,13500.0,14500.0,7.41,年度调薪
134,2024-04-11,17300.0,18300.0,5.78,年度调薪
135,2024-04-11,6100.0,6600.0,8.2,年度调薪
137,2024-04-11,8200.0,8600.0,4.88,年度调薪
138,2024-04-11,10100.0,10300.0,1.98,年度调薪
139,2024-04-11,6100.0,6600.0,8.2,年度调薪
141,2024-04-11,10900.0,11500.0,5.5,年度调薪
149,2024-04-11,16900.0,17300.0,2.37,年度调薪
150,2024-04-11,11600.0,12200.0,5.17,年度调薪
151,2024-04-11,11200.0,11500.0,2.68,年度调薪
156,2024-04-11,11200.0,11600.0,3.57,年度调薪
157,2024-04-11,24100.0,24700.0,2.49,年度调薪
158,2024-04-11,25000.0,26300.0,5.2,年度调薪
161,2024-04-11,18400.0,19100.0,3.8,年度调薪
164,2024-04-11,9100.0,9300.0,2.2,年度调薪
165,2024-04-11,7700.0,7900.0,2.6,年度调薪
166,2024-04-11,31900.0,32600.0,2.19,年度调薪
168,2024-04-11,17800.0,18200.0,2.25,年度调薪
169,2024-04-11,10300.0,10800.0,4.85,年度调薪
171,2024-04-11,8200.0,8600.0,4.88,年度调薪
176,2024-04-11,32000.0,33200.0,3.75,年度调薪
177,2024-04-11,9400.0,9600.0,2.13,年度调薪
178,2024-04-11,16500.0,17800.0,7.88,年度调薪
179,2024-04-11,16300.0,17500.0,7.36,年度调薪
180,2024-04-11,24600.0,26000.0,5.69,年度调薪
183,2024-04-11,10200.0,10700.0,4.9,年度调薪
186,2024-04-11,15200.0,16200.0,6.58,年度调薪
188,2024-04-11,7100.0,7400.0,4.23,年度调薪
189,2024-04-11,17300.0,18000.0,4.05,年度调薪
190,2024-04-11,10500.0,11100.0,5.71,年度调薪
191,2024-04-11,10000.0,10400.0,4.0,年度调薪
193,2024-04-11,6600.0,7000.0,6.06,年度调薪
195,2024-04-11,20500.0,21000.0,2.44,年度调薪
197,2024-04-11,7400.0,7600.0,2.7,年度调薪
199,2024-04-11,13300.0,14200.0,6.77,年度调薪
200,2024-04-11,18200.0,19600.0,7.69,年度调薪
205,2024-04-11,12100.0,12400.0,2.48,年度调薪
206,2024-04-11,19600.0,20500.0,4.59,年度调薪
207,2024-04-11,32100.0,34400.0,7.17,年度调薪
208,2024-04-11,7600.0,7900.0,3.95,年度调薪
209,2024-04-11,12100.0,12900.0,6.61,年度调薪
210,2024-04-11,9000.0,9500.0,5.56,年度调薪
211,2024-04-11,15900.0,17100.0,7.55,年度调薪
216,2024-04-11,14200.0,15000.0,5.63,年度调薪
218,2024-04-11,10200.0,10900.0,6.86,年度调薪
220,2024-04-11,39600.0,41100.0,3.79,年度调薪
221,2024-04-11,12200.0,12700.0,4.1,年度调薪
224,2024-04-11,29400.0,31500.0,7.14,年度调薪
226,2024-04-11,9900.0,10600.0,7.07,年度调薪
230,2024-04-11,21800.0,22500.0,3.21,年度调薪
232,2024-04-11,14600.0,15000.0,2.74,年度调薪
236,2024-04-11,14200.0,15200.0,7.04,年度调薪
239,2024-04-11,12900.0,13500.0,4.65,年度调薪
242,2024-04-11,24000.0,25500.0,6.25,年度调薪
247,2024-04-11,17100.0,18400.0,7.6,年度调薪
248,2024-04-11,19800.0,21400.0,8.08,年度调薪
250,2024-04-11,26000.0,27100.0,4.23,年度调薪
252,2024-04-11,13300.0,13600.0,2.26,年度调薪
253,2024-04-11,12200.0,12500.0,2.46,年度调薪
256,2024-04-11,13000.0,13700.0,5.38,年度调薪
258,2024-04-11,19800.0,20900.0,5.56,年度调薪
260,2024-04-11,24100.0,25000.0,3.73,年度调薪
261,2024-04-11,28800.0,30800.0,6.94,年度调薪
262,2024-04-11,32600.0,33400.0,2.45,年度调薪
264,2024-04-11,10700.0,11200.0,4.67,年度调薪
265,2024-04-11,26900.0,28100.0,4.46,年度调薪
268,2024-04-11,6400.0,6600.0,3.12,年度调薪
269,2024-04-11,12800.0,13700.0,7.03,年度调薪
270,2024-04-11,26100.0,27400.0,4.98,年度调薪
271,2024-04-11,23600.0,25400.0,7.63,年度调薪
272,2024-04-11,19400.0,20300.0,4.64,年度调薪
273,2024-04-11,18700.0,19800.0,5.88,年度调薪
275,2024-04-11,17200.0,18200.0,5.81,年度调薪
278,2024-04-11,10900.0,11300.0,3.67,年度调薪
280,2024-04-11,10000.0,10700.0,7.0,年度调薪
281,2024-04-11,10200.0,10900.0,6.86,年度调薪
283,2024-04-11,11200.0,11700.0,4.46,年度调薪
285,2024-04-11,10400.0,11100.0,6.73,年度调薪
287,2024-04-11,19900.0,20600.0,3.52,年度调薪
288,2024-04-11,24100.0,25400.0,5.39,年度调薪
289,2024-04-11,18800.0,19500.0,3.72,年度调薪
291,2024-04-11,16000.0,16600.0,3.75,年度调薪
292,2024-04-11,14200.0,15000.0,5.63,年度调薪
295,2024-04-11,53100.0,57100.0,7.53,年度调薪
297,2024-04-11,17400.0,18400.0,5.75,年度调薪
300,2024-04-11,30200.0,32500.0,7.62,年度调薪
302,2024-04-11,37900.0,39700.0,4.75,年度调薪
305,2024-04-11,18900.0,19700.0,4.23,年度调薪
306,2024-04-11,27300.0,29000.0,6.23,年度调薪
307,2024-04-11,24300.0,24800.0,2.06,年度调薪
308,2024-04-11,22400.0,23300.0,4.02,年度调薪
310,2024-04-11,54800.0,55900.0,2.01,年度调薪
311,2024-04-11,39000.0,41600.0,6.67,年度调薪
312,2024-04-11,23000.0,24500.0,6.52,年度调薪
313,2024-04-11,9300.0,9900.0,6.45,年度调薪
315,2024-04-11,9300.0,9600.0,3.23,年度调薪
319,2024-04-11,8900.0,9200.0,3.37,年度调薪
320,2024-04-11,11500.0,12300.0,6.96,年度调薪
325,2024-04-11,18400.0,19500.0,5.98,年度调薪
326,2024-04-11,16600.0,17700.0,6.63,年度调薪
327,2024-04-11,15400.0,15700.0,1.95,年度调薪
328,2024-04-11,15600.0,16000.0,2.56,年度调薪
329,2024-04-11,8900.0,9200.0,3.37,年度调薪
330,2024-04-11,10500.0,10800.0,2.86,年度调薪
331,2024-04-11,17400.0,18000.0,3.45,年度调薪
332,2024-04-11,18600.0,19300.0,3.76,年度调薪
333,2024-04-11,13100.0,13900.0,6.11,年度调薪
335,2024-04-11,18000.0,18500.0,2.78,年度调薪
338,2024-04-11,10000.0,10600.0,6.0,年度调薪
343,2024-04-11,10400.0,10900.0,4.81,年度调薪
345,2024-04-11,16900.0,17900.0,5.92,年度调薪
347,2024-04-11,29300.0,31600.0,7.85,年度调薪
2,2025-04-04,69700.0,71400.0,2.44,年度调薪
4,2025-04-04,59100.0,61700.0,4.4,年度调薪
6,2025-04-04,47400.0,51100.0,7.81,年度调薪
7,2025-04-04,46500.0,48600.0,4.52,年度调薪
9,2025-04-04,43100.0,45700.0,6.03,年度调薪
11,2025-04-04,10500.0,11000.0,4.76,年度调薪
12,2025-04-04,10700.0,11400.0,6.54,年度调薪
16,2025-04-04,25300.0,27000.0,6.72,年度调薪
17,2025-04-04,14000.0,14900.0,6.43,年度调薪
21,2025-04-04,20900.0,21400.0,2.39,年度调薪
23,2025-04-04,12400.0,13400.0,8.06,年度调薪
24,2025-04-04,15900.0,16700.0,5.03,年度调薪
29,2025-04-04,17900.0,18700.0,4.47,年度调薪
31,2025-04-04,26100.0,27400.0,4.98,年度调薪
34,2025-04-04,28600.0,30700.0,7.34,年度调薪
36,2025-04-04,13100.0,14100.0,7.63,年度调薪
38,2025-04-04,6700.0,7000.0,4.48,年度调薪
40,2025-04-04,25600.0,27300.0,6.64,年度调薪
41,2025-04-04,12900.0,13700.0,6.2,年度调薪
46,2025-04-04,13500.0,14000.0,3.7,年度调薪
47,2025-04-04,10000.0,10400.0,4.0,年度调薪
49,2025-04-04,23000.0,24800.0,7.83,年度调薪
50,2025-04-04,9000.0,9300.0,3.33,年度调薪
54,2025-04-04,17900.0,18700.0,4.47,年度调薪
56,2025-04-04,14400.0,15100.0,4.86,年度调薪
57,2025-04-04,13600.0,14700.0,8.09,年度调薪
58,2025-04-04,23800.0,25200.0,5.88,年度调薪
59,2025-04-04,7800.0,8000.0,2.56,年度调薪
63,2025-04-04,17500.0,18600.0,6.29,年度调薪
64,2025-04-04,18700.0,20100.0,7.49,年度调薪
65,2025-04-04,18800.0,20100.0,6.91,年度调薪
66,2025-04-04,30200.0,32300.0,6.95,年度调薪
67,2025-04-04,16200.0,16900.0,4.32,年度调薪
70,2025-04-04,13500.0,13800.0,2.22,年度调薪
75,2025-04-04,12600.0,12900.0,2.38,年度调薪
76,2025-04-04,14600.0,15700.0,7.53,年度调薪
79,2025-04-04,22400.0,22900.0,2.23,年度调薪
82,2025-04-04,6600.0,7000.0,6.06,年度调薪
85,2025-04-04,19000.0,19600.0,3.16,年度调薪
86,2025-04-04,27000.0,28400.0,5.19,年度调薪
87,2025-04-04,51300.0,53900.0,5.07,年度调薪
91,2025-04-04,8100.0,8700.0,7.41,年度调薪
92,2025-04-04,18500.0,19800.0,7.03,年度调薪
97,2025-04-04,16600.0,17400.0,4.82,年度调薪
98,2025-04-04,18100.0,18600.0,2.76,年度调薪
99,2025-04-04,20900.0,22300.0,6.7,年度调薪
100,2025-04-04,8300.0,8500.0,2.41,年度调薪
101,2025-04-04,11100.0,11500.0,3.6,年度调薪
103,2025-04-04,13300.0,13700.0,3.01,年度调薪
104,2025-04-04,12500.0,13100.0,4.8,年度调薪
109,2025-04-04,33200.0,34000.0,2.41,年度调薪
110,2025-04-04,12400.0,13300.0,7.26,年度调薪
111,2025-04-04,36700.0,39500.0,7.63,年度调薪
112,2025-04-04,19000.0,19900.0,4.74,年度调薪
113,2025-04-04,13200.0,14000.0,6.06,年度调薪
114,2025-04-04,25800.0,27000.0,4.65,年度调薪
115,2025-04-04,16600.0,17900.0,7.83,年度调薪
117,2025-04-04,11900.0,12500.0,5.04,年度调薪
120,2025-04-04,15500.0,16200.0,4.52,年度调薪
121,2025-04-04,15700.0,16800.0,7.01,年度调薪
122,2025-04-04,12900.0,13700.0,6.2,年度调薪
124,2025-04-04,9900.0,10600.0,7.07,年度调薪
128,2025-04-04,13100.0,13900.0,6.11,年度调薪
132,2025-04-04,13900.0,15000.0,7.91,年度调薪
134,2025-04-04,17800.0,18600.0,4.49,年度调薪
135,2025-04-04,6200.0,6400.0,3.23,年度调薪
138,2025-04-04,10400.0,10600.0,1.92,年度调薪
139,2025-04-04,6200.0,6700.0,8.06,年度调薪
142,2025-04-04,23000.0,24300.0,5.65,年度调薪
144,2025-04-04,26300.0,27600.0,4.94,年度调薪
146,2025-04-04,12900.0,13500.0,4.65,年度调薪
149,2025-04-04,17400.0,18100.0,4.02,年度调薪
150,2025-04-04,11900.0,12300.0,3.36,年度调薪
154,2025-04-04,15700.0,16900.0,7.64,年度调薪
156,2025-04-04,11500.0,11700.0,1.74,年度调薪
157,2025-04-04,24800.0,25500.0,2.82,年度调薪
158,2025-04-04,25700.0,26300.0,2.33,年度调薪
160,2025-04-04,37700.0,39000.0,3.45,年度调薪
162,2025-04-04,11900.0,12400.0,4.2,年度调薪
166,2025-04-04,32800.0,33500.0,2.13,年度调薪
168,2025-04-04,18300.0,19100.0,4.37,年度调薪
169,2025-04-04,10600.0,11000.0,3.77,年度调薪
171,2025-04-04,8400.0,8700.0,3.57,年度调薪
177,2025-04-04,9700.0,10400.0,7.22,年度调薪
178,2025-04-04,17000.0,17500.0,2.94,年度调薪
182,2025-04-04,11600.0,12000.0,3.45,年度调薪
186,2025-04-04,15600.0,16400.0,5.13,年度调薪
188,2025-04-04,7300.0,7700.0,5.48,年度调薪
190,2025-04-04,10800.0,11200.0,3.7,年度调薪
193,2025-04-04,6800.0,7200.0,5.88,年度调薪
195,2025-04-04,21100.0,22700.0,7.58,年度调薪
201,2025-04-04,10600.0,10900.0,2.83,年度调薪
202,2025-04-04,23000.0,24800.0,7.83,年度调薪
203,2025-04-04,14200.0,15300.0,7.75,年度调薪
206,2025-04-04,20100.0,21600.0,7.46,年度调薪
207,2025-04-04,33000.0,35300.0,6.97,年度调薪
208,2025-04-04,7900.0,8200.0,3.8,年度调薪
209,2025-04-04,12500.0,13400.0,7.2,年度调薪
210,2025-04-04,9300.0,9500.0,2.15,年度调薪
212,2025-04-04,18100.0,19100.0,5.52,年度调薪
213,2025-04-04,24400.0,25600.0,4.92,年度调薪
218,2025-04-04,10600.0,10800.0,1.89,年度调薪
219,2025-04-04,10300.0,10500.0,1.94,年度调薪
224,2025-04-04,30300.0,31800.0,4.95,年度调薪
225,2025-04-04,10400.0,10600.0,1.92,年度调薪
226,2025-04-04,10200.0,10500.0,2.94,年度调薪
230,2025-04-04,22400.0,23700.0,5.8,年度调薪
232,2025-04-04,15100.0,16200.0,7.28,年度调薪
234,2025-04-04,19100.0,20100.0,5.24,年度调薪
236,2025-04-04,14600.0,15000.0,2.74,年度调薪
239,2025-04-04,13200.0,13500.0,2.27,年度调薪
240,2025-04-04,12000.0,12400.0,3.33,年度调薪
242,2025-04-04,24700.0,26600.0,7.69,年度调薪
243,2025-04-04,50400.0,52700.0,4.56,年度调薪
248,2025-04-04,20300.0,21800.0,7.39,年度调薪
250,2025-04-04,26800.0,28800.0,7.46,年度调薪
252,2025-04-04,13700.0,14300.0,4.38,年度调薪
261,2025-04-04,29600.0,31400.0,6.08,年度调薪
262,2025-04-04,33600.0,35900.0,6.85,年度调薪
263,2025-04-04,26200.0,28200.0,7.63,年度调薪
264,2025-04-04,11000.0,11600.0,5.45,年度调薪
265,2025-04-04,27700.0,29500.0,6.5,年度调薪
266,2025-04-04,11200.0,11600.0,3.57,年度调薪
267,2025-04-04,10600.0,11300.0,6.6,年度调薪
268,2025-04-04,6600.0,7100.0,7.58,年度调薪
271,2025-04-04,24300.0,26200.0,7.82,年度调薪
272,2025-04-04,20000.0,20900.0,4.5,年度调薪
275,2025-04-04,17700.0,18900.0,6.78,年度调薪
278,2025-04-04,11200.0,12100.0,8.04,年度调薪
280,2025-04-04,10300.0,11000.0,6.8,年度调薪
282,2025-04-04,12300.0,12800.0,4.07,年度调薪
284,2025-04-04,13200.0,14100.0,6.82,年度调薪
285,2025-04-04,10700.0,11100.0,3.74,年度调薪
287,2025-04-04,20500.0,21400.0,4.39,年度调薪
288,2025-04-04,24800.0,26600.0,7.26,年度调薪
289,2025-04-04,19400.0,19900.0,2.58,年度调薪
291,2025-04-04,16500.0,17000.0,3.03,年度调薪
293,2025-04-04,39600.0,41000.0,3.54,年度调薪
297,2025-04-04,17900.0,19200.0,7.26,年度调薪
299,2025-04-04,12200.0,12600.0,3.28,年度调薪
308,2025-04-04,23000.0,23600.0,2.61,年度调薪
309,2025-04-04,41600.0,44900.0,7.93,年度调薪
311,2025-04-04,40200.0,43100.0,7.21,年度调薪
312,2025-04-04,23700.0,24600.0,3.8,年度调薪
313,2025-04-04,9600.0,9800.0,2.08,年度调薪
315,2025-04-04,9600.0,10200.0,6.25,年度调薪
316,2025-04-04,14600.0,15100.0,3.42,年度调薪
317,2025-04-04,9600.0,9900.0,3.12,年度调薪
319,2025-04-04,9100.0,9300.0,2.2,年度调薪
320,2025-04-04,11800.0,12700.0,7.63,年度调薪
323,2025-04-04,21000.0,21400.0,1.9,年度调薪
328,2025-04-04,16000.0,17000.0,6.25,年度调薪
329,2025-04-04,9200.0,9800.0,6.52,年度调薪
331,2025-04-04,17900.0,18900.0,5.59,年度调薪
334,2025-04-04,23600.0,25400.0,7.63,年度调薪
338,2025-04-04,10300.0,10500.0,1.94,年度调薪
341,2025-04-04,14100.0,15200.0,7.8,年度调薪
343,2025-04-04,10700.0,11000.0,2.8,年度调薪
345,2025-04-04,17400.0,18300.0,5.17,年度调薪
347,2025-04-04,30100.0,31300.0,3.99,年度调薪
348,2025-04-04,10500.0,11200.0,6.67,年度调薪
350,2025-04-04,9100.0,9300.0,2.2,年度调薪
351,2025-04-04,11300.0,12200.0,7.96,年度调薪
352,2025-04-04,24400.0,25200.0,3.28,年度调薪
353,2025-04-04,17800.0,19000.0,6.74,年度调薪
354,2025-04-04,16900.0,18200.0,7.69,年度调薪
355,2025-04-04,31000.0,32100.0,3.55,年度调薪
356,2025-04-04,10600.0,11200.0,5.66,年度调薪
359,2025-04-04,12200.0,12900.0,5.74,年度调薪
360,2025-04-04,35700.0,37500.0,5.04,年度调薪
362,2025-04-04,29100.0,31100.0,6.87,年度调薪
363,2025-04-04,10500.0,10800.0,2.86,年度调薪
368,2025-04-04,14300.0,15400.0,7.69,年度调薪
369,2025-04-04,21900.0,23200.0,5.94,年度调薪
373,2025-04-04,39200.0,41100.0,4.85,年度调薪
374,2025-04-04,30400.0,31500.0,3.62,年度调薪
376,2025-04-04,12800.0,13500.0,5.47,年度调薪
377,2025-04-04,27100.0,27800.0,2.58,年度调薪
379,2025-04-04,39100.0,40000.0,2.3,年度调薪
384,2025-04-04,12500.0,13500.0,8.0,年度调薪
385,2025-04-04,12900.0,13700.0,6.2,年度调薪
386,2025-04-04,11700.0,12600.0,7.69,年度调薪
389,2025-04-04,8900.0,9400.0,5.62,年度调薪
394,2025-04-04,7600.0,7800.0,2.63,年度调薪
395,2025-04-04,14200.0,14700.0,3.52,年度调薪
398,2025-04-04,8200.0,8400.0,2.44,年度调薪
401,2025-04-04,25300.0,26900.0,6.32,年度调薪
402,2025-04-04,10600.0,10900.0,2.83,年度调薪
403,2025-04-04,12900.0,13600.0,5.43,年度调薪
407,2025-04-04,26800.0,27700.0,3.36,年度调薪
410,2025-04-04,15600.0,16300.0,4.49,年度调薪
413,2025-04-04,29300.0,30100.0,2.73,年度调薪
414,2025-04-04,18600.0,19600.0,5.38,年度调薪
415,2025-04-04,12100.0,13000.0,7.44,年度调薪
417,2025-04-04,18500.0,19900.0,7.57,年度调薪
423,2025-04-04,14400.0,15000.0,4.17,年度调薪
424,2025-04-04,25600.0,27000.0,5.47,年度调薪
429,2025-04-04,9600.0,9800.0,2.08,年度调薪
430,2025-04-04,10800.0,11300.0,4.63,年度调薪
432,2025-04-04,22000.0,22800.0,3.64,年度调薪
433,2025-04-04,25000.0,26400.0,5.6,年度调薪
434,2025-04-04,9900.0,10400.0,5.05,年度调薪
437,2025-04-04,28100.0,28900.0,2.85,年度调薪
443,2025-04-04,28700.0,30300.0,5.57,年度调薪
445,2025-04-04,16200.0,17200.0,6.17,年度调薪
447,2025-04-04,16600.0,17700.0,6.63,年度调薪
448,2025-04-04,14700.0,15500.0,5.44,年度调薪
449,2025-04-04,13300.0,14000.0,5.26,年度调薪
450,2025-04-04,7000.0,7300.0,4.29,年度调薪
457,2025-04-04,43900.0,45200.0,2.96,年度调薪
458,2025-04-04,32800.0,34900.0,6.4,年度调薪
460,2025-04-04,26500.0,28400.0,7.17,年度调薪
466,2025-04-04,4800.0,5000.0,4.17,年度调薪
469,2025-04-04,8500.0,9000.0,5.88,年度调薪
474,2025-04-04,20000.0,20700.0,3.5,年度调薪
477,2025-04-04,37600.0,40000.0,6.38,年度调薪
3,2026-04-16,68500.0,73300.0,7.01,年度调薪
5,2026-04-16,65700.0,68500.0,4.26,年度调薪
7,2026-04-16,48000.0,49100.0,2.29,年度调薪
10,2026-04-16,40100.0,43100.0,7.48,年度调薪
11,2026-04-16,10800.0,11200.0,3.7,年度调薪
12,2026-04-16,11100.0,11400.0,2.7,年度调薪
16,2026-04-16,26100.0,27200.0,4.21,年度调薪
17,2026-04-16,14400.0,15100.0,4.86,年度调薪
21,2026-04-16,21600.0,23100.0,6.94,年度调薪
23,2026-04-16,12800.0,13300.0,3.91,年度调薪
27,2026-04-16,12100.0,12400.0,2.48,年度调薪
28,2026-04-16,34300.0,35500.0,3.5,年度调薪
35,2026-04-16,15500.0,16000.0,3.23,年度调薪
36,2026-04-16,13500.0,14400.0,6.67,年度调薪
38,2026-04-16,6900.0,7100.0,2.9,年度调薪
40,2026-04-16,26400.0,28300.0,7.2,年度调薪
41,2026-04-16,13300.0,14000.0,5.26,年度调薪
42,2026-04-16,13400.0,14400.0,7.46,年度调薪
44,2026-04-16,34700.0,36700.0,5.76,年度调薪
46,2026-04-16,13900.0,14900.0,7.19,年度调薪
49,2026-04-16,23700.0,24700.0,4.22,年度调薪
53,2026-04-16,6300.0,6500.0,3.17,年度调薪
54,2026-04-16,18500.0,19900.0,7.57,年度调薪
57,2026-04-16,14000.0,15100.0,7.86,年度调薪
59,2026-04-16,8000.0,8300.0,3.75,年度调薪
63,2026-04-16,18000.0,18800.0,4.44,年度调薪
66,2026-04-16,31200.0,32500.0,4.17,年度调薪
67,2026-04-16,16700.0,17400.0,4.19,年度调薪
70,2026-04-16,13900.0,14500.0,4.32,年度调薪
73,2026-04-16,15100.0,15800.0,4.64,年度调薪
74,2026-04-16,12700.0,13400.0,5.51,年度调薪
75,2026-04-16,13000.0,13800.0,6.15,年度调薪
79,2026-04-16,23100.0,24300.0,5.19,年度调薪
80,2026-04-16,12400.0,12700.0,2.42,年度调薪
85,2026-04-16,19600.0,20500.0,4.59,年度调薪
86,2026-04-16,27900.0,29400.0,5.38,年度调薪
91,2026-04-16,8300.0,8500.0,2.41,年度调薪
92,2026-04-16,19100.0,20400.0,6.81,年度调薪
93,2026-04-16,37800.0,38700.0,2.38,年度调薪
99,2026-04-16,21600.0,22600.0,4.63,年度调薪
101,2026-04-16,11500.0,12400.0,7.83,年度调薪
102,2026-04-16,10200.0,10900.0,6.86,年度调薪
105,2026-04-16,13900.0,14700.0,5.76,年度调薪
108,2026-04-16,13600.0,14300.0,5.15,年度调薪
109,2026-04-16,34200.0,35900.0,4.97,年度调薪
113,2026-04-16,13600.0,14400.0,5.88,年度调薪
114,2026-04-16,26600.0,27600.0,3.76,年度调薪
117,2026-04-16,12300.0,12800.0,4.07,年度调薪
120,2026-04-16,16000.0,17100.0,6.88,年度调薪
123,2026-04-16,27400.0,28800.0,5.11,年度调薪
128,2026-04-16,13500.0,14200.0,5.19,年度调薪
129,2026-04-16,21000.0,22200.0,5.71,年度调薪
133,2026-04-16,10700.0,11500.0,7.48,年度调薪
134,2026-04-16,18400.0,19000.0,3.26,年度调薪
135,2026-04-16,6400.0,6700.0,4.69,年度调薪
138,2026-04-16,10700.0,11500.0,7.48,年度调薪
139,2026-04-16,6400.0,6600.0,3.12,年度调薪
142,2026-04-16,23700.0,24700.0,4.22,年度调薪
144,2026-04-16,27100.0,28300.0,4.43,年度调薪
146,2026-04-16,13400.0,13900.0,3.73,年度调薪
147,2026-04-16,16700.0,17500.0,4.79,年度调薪
149,2026-04-16,17900.0,19200.0,7.26,年度调薪
150,2026-04-16,12300.0,13100.0,6.5,年度调薪
157,2026-04-16,25600.0,27000.0,5.47,年度调薪
161,2026-04-16,19500.0,20700.0,6.15,年度调薪
162,2026-04-16,12300.0,13300.0,8.13,年度调薪
165,2026-04-16,8200.0,8800.0,7.32,年度调薪
166,2026-04-16,33800.0,35100.0,3.85,年度调薪
167,2026-04-16,19300.0,20400.0,5.7,年度调薪
169,2026-04-16,11000.0,11400.0,3.64,年度调薪
174,2026-04-16,11100.0,11500.0,3.6,年度调薪
177,2026-04-16,10000.0,10400.0,4.0,年度调薪
179,2026-04-16,17300.0,18200.0,5.2,年度调薪
195,2026-04-16,21800.0,22600.0,3.67,年度调薪
200,2026-04-16,19300.0,20000.0,3.63,年度调薪
202,2026-04-16,23700.0,24700.0,4.22,年度调薪
207,2026-04-16,34000.0,34800.0,2.35,年度调薪
208,2026-04-16,8100.0,8300.0,2.47,年度调薪
209,2026-04-16,12900.0,13900.0,7.75,年度调薪
210,2026-04-16,9600.0,10000.0,4.17,年度调薪
211,2026-04-16,16900.0,17600.0,4.14,年度调薪
213,2026-04-16,25100.0,26400.0,5.18,年度调薪
216,2026-04-16,15000.0,16100.0,7.33,年度调薪
218,2026-04-16,10900.0,11400.0,4.59,年度调薪
221,2026-04-16,13000.0,13300.0,2.31,年度调薪
228,2026-04-16,20100.0,20500.0,1.99,年度调薪
230,2026-04-16,23100.0,24600.0,6.49,年度调薪
231,2026-04-16,45400.0,48800.0,7.49,年度调薪
234,2026-04-16,19700.0,20100.0,2.03,年度调薪
236,2026-04-16,15000.0,16100.0,7.33,年度调薪
237,2026-04-16,12000.0,12600.0,5.0,年度调薪
239,2026-04-16,13600.0,14100.0,3.68,年度调薪
242,2026-04-16,25500.0,27400.0,7.45,年度调薪
245,2026-04-16,13400.0,14100.0,5.22,年度调薪
252,2026-04-16,14100.0,14700.0,4.26,年度调薪
255,2026-04-16,16600.0,17200.0,3.61,年度调薪
256,2026-04-16,13800.0,14300.0,3.62,年度调薪
257,2026-04-16,22100.0,23500.0,6.33,年度调薪
262,2026-04-16,34600.0,35800.0,3.47,年度调薪
263,2026-04-16,27000.0,28100.0,4.07,年度调薪
264,2026-04-16,11400.0,12100.0,6.14,年度调薪
265,2026-04-16,28600.0,29300.0,2.45,年度调薪
266,2026-04-16,11600.0,12000.0,3.45,年度调薪
267,2026-04-16,11000.0,11400.0,3.64,年度调薪
268,2026-04-16,6800.0,7000.0,2.94,年度调薪
269,2026-04-16,13500.0,13900.0,2.96,年度调薪
271,2026-04-16,25000.0,26100.0,4.4,年度调薪
272,2026-04-16,20600.0,21700.0,5.34,年度调薪
273,2026-04-16,19900.0,21200.0,6.53,年度调薪
275,2026-04-16,18300.0,18800.0,2.73,年度调薪
279,2026-04-16,16900.0,18100.0,7.1,年度调薪
280,2026-04-16,10600.0,11200.0,5.66,年度调薪
283,2026-04-16,11900.0,12700.0,6.72,年度调薪
284,2026-04-16,13600.0,14500.0,6.62,年度调薪
287,2026-04-16,21200.0,22300.0,5.19,年度调薪
291,2026-04-16,17000.0,17900.0,5.29,年度调薪
293,2026-04-16,40800.0,43800.0,7.35,年度调薪
297,2026-04-16,18500.0,19300.0,4.32,年度调薪
299,2026-04-16,12600.0,12900.0,2.38,年度调薪
302,2026-04-16,40200.0,42200.0,4.98,年度调薪
303,2026-04-16,22600.0,23900.0,5.75,年度调薪
305,2026-04-16,20100.0,20600.0,2.49,年度调薪
307,2026-04-16,25800.0,26900.0,4.26,年度调薪
308,2026-04-16,23700.0,25000.0,5.49,年度调薪
309,2026-04-16,42900.0,44800.0,4.43,年度调薪
310,2026-04-16,58100.0,61200.0,5.34,年度调薪
313,2026-04-16,9900.0,10300.0,4.04,年度调薪
315,2026-04-16,9900.0,10200.0,3.03,年度调薪
316,2026-04-16,15000.0,15400.0,2.67,年度调薪
317,2026-04-16,9900.0,10300.0,4.04,年度调薪
319,2026-04-16,9400.0,10100.0,7.45,年度调薪
320,2026-04-16,12200.0,13100.0,7.38,年度调薪
323,2026-04-16,21700.0,22700.0,4.61,年度调薪
325,2026-04-16,19500.0,20300.0,4.1,年度调薪
327,2026-04-16,16300.0,17300.0,6.13,年度调薪
331,2026-04-16,18500.0,19900.0,7.57,年度调薪
333,2026-04-16,13900.0,15000.0,7.91,年度调薪
334,2026-04-16,24300.0,25900.0,6.58,年度调薪
338,2026-04-16,10600.0,11300.0,6.6,年度调薪
341,2026-04-16,14500.0,15600.0,7.59,年度调薪
342,2026-04-16,12400.0,13300.0,7.26,年度调薪
346,2026-04-16,28500.0,29400.0,3.16,年度调薪
348,2026-04-16,10800.0,11300.0,4.63,年度调薪
349,2026-04-16,14100.0,14600.0,3.55,年度调薪
350,2026-04-16,9400.0,9600.0,2.13,年度调薪
354,2026-04-16,17400.0,17800.0,2.3,年度调薪
355,2026-04-16,31900.0,32900.0,3.13,年度调薪
359,2026-04-16,12600.0,13600.0,7.94,年度调薪
360,2026-04-16,36800.0,38700.0,5.16,年度调薪
362,2026-04-16,30000.0,32100.0,7.0,年度调薪
363,2026-04-16,10800.0,11400.0,5.56,年度调薪
365,2026-04-16,11700.0,12100.0,3.42,年度调薪
367,2026-04-16,41200.0,43800.0,6.31,年度调薪
368,2026-04-16,14700.0,15400.0,4.76,年度调薪
370,2026-04-16,20300.0,21000.0,3.45,年度调薪
373,2026-04-16,40400.0,43600.0,7.92,年度调薪
374,2026-04-16,31300.0,33800.0,7.99,年度调薪
378,2026-04-16,34500.0,36500.0,5.8,年度调薪
379,2026-04-16,40300.0,43100.0,6.95,年度调薪
381,2026-04-16,31500.0,33200.0,5.4,年度调薪
384,2026-04-16,12900.0,13900.0,7.75,年度调薪
389,2026-04-16,9200.0,9400.0,2.17,年度调薪
394,2026-04-16,7800.0,8300.0,6.41,年度调薪
395,2026-04-16,14600.0,15700.0,7.53,年度调薪
400,2026-04-16,27900.0,28600.0,2.51,年度调薪
401,2026-04-16,26100.0,27300.0,4.6,年度调薪
403,2026-04-16,13400.0,13900.0,3.73,年度调薪
406,2026-04-16,20400.0,21500.0,5.39,年度调薪
407,2026-04-16,27600.0,29700.0,7.61,年度调薪
411,2026-04-16,24700.0,26200.0,6.07,年度调薪
413,2026-04-16,30200.0,30800.0,1.99,年度调薪
414,2026-04-16,19200.0,19700.0,2.6,年度调薪
415,2026-04-16,12500.0,13300.0,6.4,年度调薪
417,2026-04-16,19100.0,19700.0,3.14,年度调薪
420,2026-04-16,13100.0,13500.0,3.05,年度调薪
422,2026-04-16,37900.0,40500.0,6.86,年度调薪
423,2026-04-16,14800.0,15800.0,6.76,年度调薪
426,2026-04-16,17400.0,18200.0,4.6,年度调薪
429,2026-04-16,9900.0,10200.0,3.03,年度调薪
430,2026-04-16,11200.0,11900.0,6.25,年度调薪
433,2026-04-16,25800.0,27500.0,6.59,年度调薪
434,2026-04-16,10200.0,10800.0,5.88,年度调薪
435,2026-04-16,14000.0,14600.0,4.29,年度调薪
437,2026-04-16,29000.0,29700.0,2.41,年度调薪
439,2026-04-16,11900.0,12300.0,3.36,年度调薪
443,2026-04-16,29600.0,30400.0,2.7,年度调薪
445,2026-04-16,16700.0,17100.0,2.4,年度调薪
449,2026-04-16,13700.0,14700.0,7.3,年度调薪
450,2026-04-16,7200.0,7600.0,5.56,年度调薪
453,2026-04-16,17400.0,18500.0,6.32,年度调薪
456,2026-04-16,39100.0,42100.0,7.67,年度调薪
462,2026-04-16,53700.0,55400.0,3.17,年度调薪
466,2026-04-16,4900.0,5300.0,8.16,年度调薪
469,2026-04-16,8800.0,9000.0,2.27,年度调薪
470,2026-04-16,12700.0,13500.0,6.3,年度调薪
471,2026-04-16,19600.0,20400.0,4.08,年度调薪
472,2026-04-16,19700.0,21200.0,7.61,年度调薪
473,2026-04-16,22900.0,24700.0,7.86,年度调薪
476,2026-04-16,8700.0,8900.0,2.3,年度调薪
477,2026-04-16,38800.0,40100.0,3.35,年度调薪
483,2026-04-16,13400.0,14300.0,6.72,年度调薪
486,2026-04-16,25800.0,27600.0,6.98,年度调薪
487,2026-04-16,27300.0,29000.0,6.23,年度调薪
490,2026-04-16,12000.0,12800.0,6.67,年度调薪
491,2026-04-16,11400.0,12300.0,7.89,年度调薪
493,2026-04-16,13300.0,13800.0,3.76,年度调薪
496,2026-04-16,13800.0,14800.0,7.25,年度调薪
497,2026-04-16,27000.0,28400.0,5.19,年度调薪
498,2026-04-16,25400.0,27200.0,7.09,年度调薪
499,2026-04-16,23300.0,24500.0,5.15,年度调薪
502,2026-04-16,16100.0,17100.0,6.21,年度调薪
503,2026-04-16,23400.0,25100.0,7.26,年度调薪
507,2026-04-16,20100.0,20800.0,3.48,年度调薪
508,2026-04-16,19600.0,20200.0,3.06,年度调薪
509,2026-04-16,15400.0,16400.0,6.49,年度调薪
510,2026-04-16,19600.0,20800.0,6.12,年度调薪
512,2026-04-16,10000.0,10200.0,2.0,年度调薪
513,2026-04-16,10000.0,10400.0,4.0,年度调薪
514,2026-04-16,7800.0,8200.0,5.13,年度调薪
515,2026-04-16,15600.0,16500.0,5.77,年度调薪
516,2026-04-16,15000.0,16000.0,6.67,年度调薪
517,2026-04-16,15600.0,16300.0,4.49,年度调薪
526,2026-04-16,16100.0,17100.0,6.21,年度调薪
528,2026-04-16,22800.0,23800.0,4.39,年度调薪
529,2026-04-16,23900.0,24900.0,4.18,年度调薪
532,2026-04-16,22500.0,23300.0,3.56,年度调薪
533,2026-04-16,14000.0,14900.0,6.43,年度调薪
536,2026-04-16,20400.0,21800.0,6.86,年度调薪
537,2026-04-16,13100.0,14000.0,6.87,年度调薪
538,2026-04-16,13900.0,14200.0,2.16,年度调薪
542,2026-04-16,24400.0,26200.0,7.38,年度调薪
543,2026-04-16,19200.0,19700.0,2.6,年度调薪
544,2026-04-16,22300.0,23700.0,6.28,年度调薪
546,2026-04-16,29300.0,30300.0,3.41,年度调薪
551,2026-04-16,9400.0,9700.0,3.19,年度调薪
553,2026-04-16,15600.0,16500.0,5.77,年度调薪
554,2026-04-16,13200.0,13600.0,3.03,年度调薪
557,2026-04-16,33900.0,34700.0,2.36,年度调薪
559,2026-04-16,8300.0,8800.0,6.02,年度调薪
560,2026-04-16,31200.0,32400.0,3.85,年度调薪
561,2026-04-16,33700.0,35600.0,5.64,年度调薪
562,2026-04-16,30100.0,31700.0,5.32,年度调薪
563,2026-04-16,13700.0,14300.0,4.38,年度调薪
565,2026-04-16,14900.0,15200.0,2.01,年度调薪
566,2026-04-16,31500.0,33300.0,5.71,年度调薪
567,2026-04-16,12900.0,13300.0,3.1,年度调薪
569,2026-04-16,10500.0,10900.0,3.81,年度调薪
573,2026-04-16,10700.0,11600.0,8.41,年度调薪
574,2026-04-16,17100.0,17800.0,4.09,年度调薪
575,2026-04-16,21400.0,22900.0,7.01,年度调薪
576,2026-04-16,27600.0,29700.0,7.61,年度调薪
580,2026-04-16,15200.0,16200.0,6.58,年度调薪
581,2026-04-16,9700.0,10000.0,3.09,年度调薪
583,2026-04-16,11800.0,12300.0,4.24,年度调薪
584,2026-04-16,16000.0,17000.0,6.25,年度调薪
586,2026-04-16,8500.0,8900.0,4.71,年度调薪
592,2026-04-16,16100.0,17100.0,6.21,年度调薪
597,2026-04-16,26300.0,27500.0,4.56,年度调薪
598,2026-04-16,21300.0,22700.0,6.57,年度调薪
602,2026-04-16,17600.0,18400.0,4.55,年度调薪
606,2026-04-16,19600.0,21000.0,7.14,年度调薪
607,2026-04-16,17800.0,18700.0,5.06,年度调薪
608,2026-04-16,28700.0,30400.0,5.92,年度调薪
226,2023-03-14,9600.0,12100.0,26.04,晋升调薪
127,2023-03-15,8400.0,11000.0,30.95,晋升调薪
33,2023-03-31,10200.0,12800.0,25.49,晋升调薪
258,2023-03-31,19200.0,23800.0,23.96,晋升调薪
233,2023-03-21,9400.0,11400.0,21.28,晋升调薪
65,2023-03-24,17700.0,23000.0,29.94,晋升调薪
215,2023-03-03,23000.0,27100.0,17.83,晋升调薪
222,2023-03-03,18500.0,23400.0,26.49,晋升调薪
65,2024-03-25,18200.0,22900.0,25.82,晋升调薪
24,2024-03-12,15400.0,18500.0,20.13,晋升调薪
230,2024-03-25,21800.0,28600.0,31.19,晋升调薪
266,2024-03-05,10900.0,13700.0,25.69,晋升调薪
240,2024-03-14,11600.0,14800.0,27.59,晋升调薪
33,2024-03-19,10500.0,12800.0,21.9,晋升调薪
40,2024-03-26,24800.0,29900.0,20.56,晋升调薪
53,2024-03-29,6000.0,7100.0,18.33,晋升调薪
253,2024-03-25,12200.0,16000.0,31.15,晋升调薪
186,2024-03-22,15200.0,18600.0,22.37,晋升调薪
196,2024-03-19,14700.0,18600.0,26.53,晋升调薪
237,2024-03-07,11200.0,13900.0,24.11,晋升调薪
262,2025-03-03,33500.0,42100.0,25.67,晋升调薪
281,2025-03-06,10500.0,12500.0,19.05,晋升调薪
366,2025-03-28,36700.0,47200.0,28.61,晋升调薪
308,2025-03-05,23000.0,29200.0,26.96,晋升调薪
24,2025-03-31,15900.0,19100.0,20.13,晋升调薪
103,2025-03-14,13300.0,16700.0,25.56,晋升调薪
178,2025-03-06,16900.0,20800.0,23.08,晋升调薪
208,2025-03-25,7900.0,10200.0,29.11,晋升调薪
218,2025-03-04,10500.0,13200.0,25.71,晋升调薪
132,2025-03-04,13900.0,18100.0,30.22,晋升调薪
232,2025-03-21,15000.0,18400.0,22.67,晋升调薪
357,2025-03-28,9700.0,12400.0,27.84,晋升调薪
162,2025-03-06,11900.0,14600.0,22.69,晋升调薪
345,2025-03-07,17300.0,20700.0,19.65,晋升调薪
242,2025-03-19,24700.0,31700.0,28.34,晋升调薪
245,2025-03-18,13000.0,15600.0,20.0,晋升调薪
67,2025-03-14,16200.0,19500.0,20.37,晋升调薪
395,2026-03-24,14600.0,18900.0,29.45,晋升调薪
73,2026-03-11,15100.0,18400.0,21.85,晋升调薪
143,2026-03-11,19900.0,23900.0,20.1,晋升调薪
15,2026-03-25,11900.0,14500.0,21.85,晋升调薪
47,2026-03-10,10300.0,12300.0,19.42,晋升调薪
288,2026-03-30,25600.0,33300.0,30.08,晋升调薪
226,2026-03-23,10500.0,13300.0,26.67,晋升调薪
151,2026-03-20,11800.0,14700.0,24.58,晋升调薪
461,2026-03-12,18600.0,24200.0,30.11,晋升调薪
490,2026-03-13,11900.0,14500.0,21.85,晋升调薪
358,2026-03-10,14500.0,18500.0,27.59,晋升调薪
498,2026-03-26,25400.0,33200.0,30.71,晋升调薪
209,2026-03-19,12800.0,16700.0,30.47,晋升调薪
174,2026-03-18,11000.0,13100.0,19.09,晋升调薪
99,2026-03-04,21500.0,25700.0,19.53,晋升调薪
181,2026-03-10,13000.0,15400.0,18.46,晋升调薪
193,2026-03-25,7000.0,8700.0,24.29,晋升调薪
79,2026-03-18,23100.0,27300.0,18.18,晋升调薪
267,2026-03-18,11000.0,13600.0,23.64,晋升调薪
93,2026-03-09,37700.0,47300.0,25.46,晋升调薪
243,2025-12-16,51400.0,56000.0,8.95,特批调薪
272,2026-02-19,20500.0,23500.0,14.63,特批调薪
353,2026-02-16,18300.0,19600.0,7.1,特批调薪
398,2025-06-27,8200.0,9000.0,9.76,特批调薪
411,2025-05-19,24100.0,26000.0,7.88,特批调薪
415,2025-08-11,12200.0,13400.0,9.84,特批调薪
462,2025-07-10,52500.0,56800.0,8.19,特批调薪
538,2025-05-26,13600.0,15100.0,11.03,特批调薪
759,2024-09-13,12500.0,13100.0,4.8,特批调薪
