emp_id,pool_type,target_position,potential_rating,nominated_date,nominated_by,status
19,高潜人才,,潜力之星,2026-02-27,9,在池
79,高潜人才,,高潜,2025-01-23,,已晋升
134,高潜人才,,高潜,2025-10-20,3,在池
183,高潜人才,,潜力之星,2026-03-12,8,在池
186,继任者,销售总监,潜力之星,2024-07-23,,已晋升
203,高潜人才,,高潜,2024-09-20,3,在池
209,高潜人才,,潜力之星,2025-05-16,2,已晋升
303,高潜人才,,潜力之星,2025-03-25,10,在池
315,高潜人才,,高潜,2026-06-29,7,在池
366,高潜人才,,高潜,2024-10-10,2,已晋升
384,高潜人才,,高潜,2024-08-02,,在池
466,继任者,客服总监,高潜,2024-09-27,8,在池
512,继任者,技术总监,高潜,2026-01-26,3,在池
537,继任者,客服总监,潜力之星,2025-05-05,8,在池
600,高潜人才,,高潜,2025-10-09,2,在池
647,继任者,运营总监,高潜,2025-05-07,5,在池
669,继任者,客服总监,潜力之星,2026-02-27,8,在池
700,继任者,技术总监,潜力之星,2025-02-05,2,在池
705,高潜人才,,潜力之星,2026-06-15,5,已移出
710,高潜人才,,高潜,2026-02-24,6,在池
713,高潜人才,,潜力之星,2026-05-27,5,在池
715,继任者,人事总监,高潜,2025-09-08,9,在池
