contract_no,emp_id,contract_type,start_date,end_date,renewals,status,signed_date
HT00001,1,固定期限,2020-06-01,2023-06-01,0,已到期,2020-05-22
HT00002,1,无固定期限,2023-06-02,,1,履行中,2023-05-29
HT00003,2,固定期限,2020-09-10,2023-09-10,0,已到期,2020-09-08
HT00004,2,无固定期限,2023-09-11,,1,履行中,2023-09-06
HT00005,3,固定期限,2020-06-23,2023-06-23,0,已解除,2020-06-22
HT00006,3,无固定期限,2023-06-24,2026-07-01,1,已解除,2023-06-16
HT00007,4,固定期限,2020-12-04,2023-12-04,0,已到期,2020-11-24
HT00008,4,无固定期限,2023-12-05,,1,履行中,2023-11-25
HT00009,5,固定期限,2020-06-29,2023-06-29,0,已到期,2020-06-28
HT00010,5,无固定期限,2023-06-30,,1,履行中,2023-06-30
HT00011,6,固定期限,2021-01-06,2024-01-06,0,已到期,2020-12-30
HT00012,6,无固定期限,2024-01-07,,1,履行中,2023-12-23
HT00013,7,固定期限,2021-03-11,2024-03-10,0,已到期,2021-03-10
HT00014,7,无固定期限,2024-03-11,,1,履行中,2024-03-04
HT00015,8,固定期限,2020-10-31,2023-10-31,0,已解除,2020-10-27
HT00016,9,固定期限,2020-07-11,2023-07-11,0,已到期,2020-06-29
HT00017,9,无固定期限,2023-07-12,,1,履行中,2023-07-01
HT00018,10,固定期限,2020-12-22,2023-12-22,0,已到期,2020-12-15
HT00019,10,无固定期限,2023-12-23,,1,履行中,2023-12-15
HT00020,11,固定期限,2021-10-11,2024-10-10,0,已到期,2021-10-05
HT00021,11,固定期限,2024-10-11,2029-10-09,1,履行中,2024-09-30
HT00022,12,劳务协议,2020-10-22,2021-10-22,0,已到期,2020-10-11
HT00023,13,固定期限,2022-08-12,2023-04-25,0,已解除,2022-07-29
HT00024,14,实习协议,2022-01-14,2022-07-15,0,已解除,2021-12-31
HT00025,15,固定期限,2020-10-14,2023-10-14,0,已到期,2020-09-29
HT00026,15,固定期限,2023-10-15,2028-10-12,1,履行中,2023-10-06
HT00027,16,固定期限,2021-10-14,2024-10-13,0,已到期,2021-10-01
HT00028,16,固定期限,2024-10-14,2029-10-12,1,履行中,2024-10-10
HT00029,17,固定期限,2022-12-08,2025-12-07,0,已到期,2022-12-08
HT00030,17,固定期限,2025-12-08,2030-12-06,1,履行中,2025-11-27
HT00031,18,固定期限,2021-03-01,2023-10-31,0,已解除,2021-02-16
HT00032,19,固定期限,2020-11-30,2023-11-30,0,已到期,2020-11-25
HT00033,19,固定期限,2023-12-01,2028-11-28,1,履行中,2023-11-29
HT00034,20,固定期限,2022-04-11,2023-09-26,0,已解除,2022-04-02
HT00035,21,固定期限,2021-09-28,2024-09-27,0,已到期,2021-09-20
HT00036,21,固定期限,2024-09-28,2029-09-26,1,履行中,2024-09-24
HT00037,22,实习协议,2021-02-05,2021-08-06,0,已解除,2021-02-02
HT00038,23,固定期限,2022-10-31,2025-10-30,0,已到期,2022-10-31
HT00039,23,固定期限,2025-10-31,2030-10-29,1,履行中,2025-10-25
HT00040,24,固定期限,2020-08-03,2023-08-03,0,已解除,2020-07-25
HT00041,24,固定期限,2023-08-04,2026-02-25,1,已解除,2023-08-03
HT00042,25,实习协议,2022-04-27,2022-10-26,0,已解除,2022-04-15
HT00043,26,固定期限,2022-07-08,2023-10-31,0,已解除,2022-06-26
HT00044,27,固定期限,2022-01-14,2025-01-13,0,已到期,2022-01-09
HT00045,27,固定期限,2025-01-14,2030-01-12,1,履行中,2025-01-11
HT00046,28,固定期限,2022-11-30,2025-11-29,0,已到期,2022-11-28
HT00047,28,无固定期限,2025-11-30,,1,履行中,2025-11-26
HT00048,29,固定期限,2020-12-04,2023-12-04,0,已解除,2020-11-24
HT00049,29,固定期限,2023-12-05,2026-03-20,1,已解除,2023-11-27
HT00050,30,固定期限,2021-09-28,2024-05-07,0,已解除,2021-09-19
HT00051,31,固定期限,2021-01-19,2024-01-19,0,已到期,2021-01-13
HT00052,31,无固定期限,2024-01-20,,1,履行中,2024-01-15
HT00053,32,固定期限,2020-11-03,2023-11-03,0,已解除,2020-10-25
HT00054,33,固定期限,2021-02-01,2024-02-01,0,已解除,2021-01-23
HT00055,33,固定期限,2024-02-02,2025-02-06,1,已解除,2024-01-22
HT00056,34,固定期限,2020-11-17,2023-11-17,0,已解除,2020-11-05
HT00057,34,固定期限,2023-11-18,2025-05-07,1,已解除,2023-11-12
HT00058,35,固定期限,2022-01-12,2025-01-11,0,已到期,2022-01-12
HT00059,35,固定期限,2025-01-12,2030-01-10,1,履行中,2024-12-28
HT00060,36,固定期限,2021-04-19,2024-04-18,0,已到期,2021-04-08
HT00061,36,固定期限,2024-04-19,2029-04-17,1,履行中,2024-04-14
HT00062,37,固定期限,2020-11-10,2023-11-10,0,已解除,2020-11-10
HT00063,37,固定期限,2023-11-11,2024-05-09,1,已解除,2023-11-06
HT00064,38,固定期限,2022-08-16,2025-08-15,0,已到期,2022-08-12
HT00065,38,固定期限,2025-08-16,2030-08-14,1,履行中,2025-08-11
HT00066,39,固定期限,2022-12-23,2023-05-18,0,已解除,2022-12-23
HT00067,40,固定期限,2021-04-21,2024-04-20,0,已解除,2021-04-21
HT00068,40,固定期限,2024-04-21,2026-05-25,1,已解除,2024-04-10
HT00069,41,固定期限,2020-12-02,2023-12-02,0,已到期,2020-11-23
HT00070,41,无固定期限,2023-12-03,,1,履行中,2023-11-27
HT00071,42,固定期限,2020-12-21,2023-12-21,0,已到期,2020-12-14
HT00072,42,固定期限,2023-12-22,2028-12-19,1,履行中,2023-12-18
HT00073,43,固定期限,2021-02-12,2023-05-10,0,已解除,2021-02-09
HT00074,44,固定期限,2021-03-30,2024-03-29,0,已到期,2021-03-15
HT00075,44,固定期限,2024-03-30,2029-03-28,1,履行中,2024-03-27
HT00076,45,固定期限,2021-01-26,2023-08-30,0,已解除,2021-01-24
HT00077,46,固定期限,2020-09-10,2023-09-10,0,已解除,2020-09-01
HT00078,46,固定期限,2023-09-11,2026-07-23,1,已解除,2023-09-08
HT00079,47,固定期限,2022-08-15,2025-08-14,0,已到期,2022-07-31
HT00080,47,固定期限,2025-08-15,2030-08-13,1,履行中,2025-08-12
HT00081,48,固定期限,2021-08-06,2024-08-05,0,已解除,2021-07-30
HT00082,48,固定期限,2024-08-06,2025-10-08,1,已解除,2024-07-26
HT00083,49,固定期限,2022-12-08,2025-12-07,0,已到期,2022-11-24
HT00084,49,固定期限,2025-12-08,2030-12-06,1,履行中,2025-11-27
HT00085,50,固定期限,2021-07-14,2024-07-13,0,已解除,2021-07-12
HT00086,50,无固定期限,2024-07-14,2025-11-24,1,已解除,2024-06-29
HT00087,51,固定期限,2022-06-09,2023-01-06,0,已解除,2022-05-31
HT00088,52,劳务协议,2020-06-30,2021-06-30,0,已解除,2020-06-22
HT00089,53,固定期限,2020-07-21,2023-07-21,0,已到期,2020-07-14
HT00090,53,固定期限,2023-07-22,2028-07-19,1,履行中,2023-07-17
HT00091,54,固定期限,2020-10-01,2023-10-01,0,已到期,2020-09-21
HT00092,54,固定期限,2023-10-02,2028-09-29,1,履行中,2023-09-22
HT00093,55,固定期限,2022-08-30,2023-06-12,0,已解除,2022-08-15
HT00094,56,固定期限,2020-11-25,2023-11-25,0,已解除,2020-11-20
HT00095,56,固定期限,2023-11-26,2025-06-25,1,已解除,2023-11-20
HT00096,57,固定期限,2022-09-30,2025-09-29,0,已到期,2022-09-23
HT00097,57,固定期限,2025-09-30,2030-09-28,1,履行中,2025-09-19
HT00098,58,固定期限,2021-11-19,2024-11-18,0,已到期,2021-11-08
HT00099,58,固定期限,2024-11-19,2029-11-17,1,履行中,2024-11-06
HT00100,59,固定期限,2022-01-31,2025-01-30,0,已到期,2022-01-19
HT00101,59,固定期限,2025-01-31,2030-01-29,1,履行中,2025-01-25
HT00102,60,固定期限,2022-10-04,2025-03-27,0,已解除,2022-09-30
HT00103,61,固定期限,2022-12-13,2024-03-22,0,已解除,2022-11-29
HT00104,62,劳务协议,2022-12-15,2023-06-20,0,已解除,2022-12-11
HT00105,63,劳务协议,2022-07-18,2023-07-18,0,已到期,2022-07-05
HT00106,64,固定期限,2021-03-26,2024-03-25,0,已到期,2021-03-23
HT00107,64,固定期限,2024-03-26,2029-03-24,1,履行中,2024-03-16
HT00108,65,固定期限,2020-10-15,2023-10-15,0,已到期,2020-10-01
HT00109,65,固定期限,2023-10-16,2028-10-13,1,履行中,2023-10-08
HT00110,66,固定期限,2021-06-01,2024-05-31,0,已到期,2021-05-24
HT00111,66,固定期限,2024-06-01,2029-05-30,1,履行中,2024-05-25
HT00112,67,固定期限,2021-03-30,2024-03-29,0,已到期,2021-03-26
HT00113,67,固定期限,2024-03-30,2029-03-28,1,履行中,2024-03-27
HT00114,68,固定期限,2022-03-23,2023-04-19,0,已解除,2022-03-15
HT00115,69,劳务协议,2022-02-17,2023-02-17,0,已解除,2022-02-08
HT00116,70,固定期限,2020-10-21,2023-10-21,0,已到期,2020-10-09
HT00117,70,固定期限,2023-10-22,2028-10-19,1,履行中,2023-10-10
HT00118,71,实习协议,2022-11-17,2023-05-18,0,已解除,2022-11-17
HT00119,72,实习协议,2020-09-04,2021-03-05,0,已解除,2020-08-25
HT00120,73,固定期限,2021-04-06,2024-04-05,0,已到期,2021-03-27
HT00121,73,固定期限,2024-04-06,2029-04-04,1,履行中,2024-04-03
HT00122,74,劳务协议,2021-02-09,2022-02-09,0,已到期,2021-01-25
HT00123,75,固定期限,2021-03-16,2024-03-15,0,已到期,2021-03-10
HT00124,75,固定期限,2024-03-16,2029-03-14,1,履行中,2024-03-03
HT00125,76,固定期限,2022-08-23,2025-08-22,0,已到期,2022-08-13
HT00126,76,固定期限,2025-08-23,2030-08-21,1,履行中,2025-08-22
HT00127,77,固定期限,2022-05-27,2023-02-21,0,已解除,2022-05-15
HT00128,78,固定期限,2022-05-19,2024-02-02,0,已解除,2022-05-14
HT00129,79,固定期限,2022-02-15,2025-02-14,0,已到期,2022-02-07
HT00130,79,无固定期限,2025-02-15,,1,履行中,2025-02-11
HT00131,80,固定期限,2020-08-20,2023-08-20,0,已到期,2020-08-07
HT00132,80,固定期限,2023-08-21,2028-08-18,1,履行中,2023-08-06
HT00133,81,固定期限,2021-07-22,2023-08-10,0,已解除,2021-07-07
HT00134,82,劳务协议,2022-02-08,2023-02-08,0,已解除,2022-01-29
HT00135,83,实习协议,2021-08-12,2022-02-10,0,已解除,2021-08-12
HT00136,84,固定期限,2022-07-29,2024-12-05,0,已解除,2022-07-28
HT00137,85,固定期限,2022-09-27,2025-09-26,0,已到期,2022-09-24
HT00138,85,固定期限,2025-09-27,2030-09-25,1,履行中,2025-09-19
HT00139,86,固定期限,2022-01-14,2025-01-13,0,已到期,2022-01-08
HT00140,86,固定期限,2025-01-14,2030-01-12,1,履行中,2024-12-31
HT00141,87,固定期限,2020-10-15,2023-10-15,0,已到期,2020-10-07
HT00142,87,无固定期限,2023-10-16,,1,履行中,2023-10-05
HT00143,88,固定期限,2022-07-25,2025-07-24,0,已解除,2022-07-23
HT00144,89,固定期限,2021-01-29,2023-11-28,0,已解除,2021-01-23
HT00145,90,固定期限,2021-09-28,2023-07-10,0,已解除,2021-09-28
HT00146,91,固定期限,2022-04-19,2025-04-18,0,已到期,2022-04-15
HT00147,91,固定期限,2025-04-19,2030-04-17,1,履行中,2025-04-09
HT00148,92,固定期限,2021-09-21,2024-09-20,0,已到期,2021-09-07
HT00149,92,固定期限,2024-09-21,2029-09-19,1,履行中,2024-09-15
HT00150,93,固定期限,2022-06-28,2025-06-27,0,已到期,2022-06-23
HT00151,93,固定期限,2025-06-28,2030-06-26,1,履行中,2025-06-19
HT00152,94,固定期限,2022-04-07,2023-05-29,0,已解除,2022-04-05
HT00153,95,劳务协议,2021-12-31,2022-12-31,0,已解除,2021-12-18
HT00154,96,劳务协议,2022-05-10,2023-03-31,0,已解除,2022-05-06
HT00155,97,固定期限,2022-07-14,2025-07-13,0,已到期,2022-07-06
HT00156,97,无固定期限,2025-07-14,,1,履行中,2025-07-01
HT00157,98,固定期限,2021-02-08,2024-02-08,0,已到期,2021-02-01
HT00158,98,无固定期限,2024-02-09,,1,履行中,2024-01-25
HT00159,99,固定期限,2021-03-26,2024-03-25,0,已到期,2021-03-16
HT00160,99,固定期限,2024-03-26,2029-03-24,1,履行中,2024-03-16
HT00161,100,固定期限,2021-04-08,2024-04-07,0,已到期,2021-03-24
HT00162,100,固定期限,2024-04-08,2029-04-06,1,履行中,2024-03-31
HT00163,101,固定期限,2021-07-08,2024-07-07,0,已到期,2021-06-28
HT00164,101,固定期限,2024-07-08,2029-07-06,1,履行中,2024-06-30
HT00165,102,固定期限,2021-10-04,2024-10-03,0,已到期,2021-09-19
HT00166,102,无固定期限,2024-10-04,,1,履行中,2024-09-30
HT00167,103,固定期限,2021-11-05,2024-11-04,0,已到期,2021-10-25
HT00168,103,无固定期限,2024-11-05,,1,履行中,2024-10-28
HT00169,104,劳务协议,2021-08-23,2022-08-23,0,已到期,2021-08-09
HT00170,105,固定期限,2022-11-22,2025-11-21,0,已到期,2022-11-14
HT00171,105,固定期限,2025-11-22,2030-11-20,1,履行中,2025-11-10
HT00172,106,固定期限,2020-11-24,2023-10-27,0,已解除,2020-11-15
HT00173,107,固定期限,2020-12-09,2023-12-09,0,已解除,2020-12-08
HT00174,107,固定期限,2023-12-10,2024-09-26,1,已解除,2023-11-27
HT00175,108,固定期限,2022-07-01,2025-06-30,0,已到期,2022-06-22
HT00176,108,固定期限,2025-07-01,2030-06-29,1,履行中,2025-06-16
HT00177,109,固定期限,2022-11-04,2025-11-03,0,已到期,2022-10-25
HT00178,109,固定期限,2025-11-04,2030-11-02,1,履行中,2025-10-20
HT00179,110,固定期限,2021-11-09,2024-11-08,0,已到期,2021-10-30
HT00180,110,固定期限,2024-11-09,2029-11-07,1,履行中,2024-10-29
HT00181,111,固定期限,2020-09-04,2023-09-04,0,已解除,2020-08-30
HT00182,111,固定期限,2023-09-05,2026-02-02,1,已解除,2023-08-28
HT00183,112,固定期限,2022-07-21,2025-07-20,0,已到期,2022-07-09
HT00184,112,固定期限,2025-07-21,2030-07-19,1,履行中,2025-07-18
HT00185,113,固定期限,2020-09-02,2023-09-02,0,已到期,2020-08-27
HT00186,113,固定期限,2023-09-03,2028-08-31,1,履行中,2023-09-03
HT00187,114,固定期限,2022-04-25,2025-04-24,0,已到期,2022-04-19
HT00188,114,固定期限,2025-04-25,2030-04-23,1,履行中,2025-04-12
HT00189,115,固定期限,2022-06-09,2025-06-08,0,已解除,2022-06-05
HT00190,116,固定期限,2021-08-05,2024-08-04,0,已解除,2021-07-30
HT00191,117,固定期限,2022-09-06,2025-09-05,0,已到期,2022-08-29
HT00192,117,固定期限,2025-09-06,2030-09-04,1,履行中,2025-08-22
HT00193,118,劳务协议,2021-11-18,2022-11-18,0,已解除,2021-11-14
HT00194,119,固定期限,2022-04-22,2023-08-23,0,已解除,2022-04-12
HT00195,120,固定期限,2020-12-01,2023-12-01,0,已到期,2020-11-19
HT00196,120,固定期限,2023-12-02,2028-11-29,1,履行中,2023-11-26
HT00197,121,劳务协议,2020-11-02,2021-11-02,0,已到期,2020-10-29
HT00198,122,固定期限,2021-11-15,2024-11-14,0,已到期,2021-11-11
HT00199,122,固定期限,2024-11-15,2029-11-13,1,履行中,2024-11-11
HT00200,123,固定期限,2020-09-17,2023-09-17,0,已到期,2020-09-16
HT00201,123,固定期限,2023-09-18,2028-09-15,1,履行中,2023-09-17
HT00202,124,固定期限,2021-02-22,2024-02-22,0,已到期,2021-02-13
HT00203,124,固定期限,2024-02-23,2029-02-20,1,履行中,2024-02-18
HT00204,125,实习协议,2022-12-12,2023-06-12,0,已解除,2022-12-08
HT00205,126,固定期限,2021-07-27,2024-07-26,0,已解除,2021-07-16
HT00206,126,固定期限,2024-07-27,2025-03-25,1,已解除,2024-07-23
HT00207,127,固定期限,2020-07-30,2023-07-30,0,已解除,2020-07-25
HT00208,127,固定期限,2023-07-31,2024-08-12,1,已解除,2023-07-30
HT00209,128,固定期限,2020-06-29,2023-06-29,0,已到期,2020-06-25
HT00210,128,固定期限,2023-06-30,2028-06-27,1,履行中,2023-06-17
HT00211,129,固定期限,2020-07-31,2023-07-31,0,已到期,2020-07-16
HT00212,129,固定期限,2023-08-01,2028-07-29,1,履行中,2023-08-01
HT00213,130,实习协议,2021-06-23,2021-12-22,0,已解除,2021-06-14
HT00214,131,固定期限,2022-09-20,2023-11-06,0,已解除,2022-09-13
HT00215,132,固定期限,2021-03-29,2024-03-28,0,已到期,2021-03-27
HT00216,132,固定期限,2024-03-29,2029-03-27,1,履行中,2024-03-15
HT00217,133,固定期限,2020-07-21,2023-07-21,0,已到期,2020-07-08
HT00218,133,固定期限,2023-07-22,2028-07-19,1,履行中,2023-07-18
HT00219,134,固定期限,2021-06-15,2024-06-14,0,已到期,2021-06-11
HT00220,134,固定期限,2024-06-15,2029-06-13,1,履行中,2024-06-14
HT00221,135,固定期限,2020-08-20,2023-08-20,0,已到期,2020-08-19
HT00222,135,固定期限,2023-08-21,2028-08-18,1,履行中,2023-08-18
HT00223,136,实习协议,2022-09-05,2023-03-06,0,已解除,2022-08-25
HT00224,137,固定期限,2021-10-11,2024-10-10,0,已到期,2021-10-03
HT00225,137,固定期限,2024-10-11,2029-10-09,1,履行中,2024-10-01
HT00226,138,固定期限,2022-08-02,2025-08-01,0,已到期,2022-07-28
HT00227,138,固定期限,2025-08-02,2030-07-31,1,履行中,2025-07-27
HT00228,139,固定期限,2021-02-11,2024-02-11,0,已到期,2021-02-09
HT00229,139,固定期限,2024-02-12,2029-02-09,1,履行中,2024-01-30
HT00230,140,劳务协议,2021-01-06,2022-01-06,0,已解除,2020-12-24
HT00231,141,固定期限,2021-09-21,2024-09-20,0,已解除,2021-09-15
HT00232,142,固定期限,2022-12-09,2025-12-08,0,已到期,2022-12-04
HT00233,142,固定期限,2025-12-09,2030-12-07,1,履行中,2025-12-02
HT00234,143,固定期限,2022-10-14,2025-10-13,0,已到期,2022-09-29
HT00235,143,固定期限,2025-10-14,2030-10-12,1,履行中,2025-10-08
HT00236,144,劳务协议,2021-09-27,2022-09-27,0,已到期,2021-09-16
HT00237,145,固定期限,2021-10-15,2024-02-19,0,已解除,2021-10-10
HT00238,146,固定期限,2022-01-24,2025-01-23,0,已到期,2022-01-11
HT00239,146,固定期限,2025-01-24,2030-01-22,1,履行中,2025-01-11
HT00240,147,固定期限,2020-10-05,2023-10-05,0,已到期,2020-09-24
HT00241,147,固定期限,2023-10-06,2028-10-03,1,履行中,2023-09-30
HT00242,148,固定期限,2021-11-15,2024-11-14,0,已解除,2021-11-06
HT00243,149,固定期限,2020-06-03,2023-06-03,0,已到期,2020-05-20
HT00244,149,固定期限,2023-06-04,2028-06-01,1,履行中,2023-05-20
HT00245,150,固定期限,2020-06-10,2023-06-10,0,已到期,2020-06-04
HT00246,150,无固定期限,2023-06-11,,1,履行中,2023-06-05
HT00247,151,固定期限,2020-09-15,2023-09-15,0,已到期,2020-09-13
HT00248,151,无固定期限,2023-09-16,,1,履行中,2023-09-05
HT00249,152,固定期限,2021-11-18,2023-02-01,0,已解除,2021-11-13
HT00250,153,劳务协议,2021-06-23,2022-06-23,0,已解除,2021-06-20
HT00251,154,固定期限,2021-06-08,2024-06-07,0,已解除,2021-05-26
HT00252,154,固定期限,2024-06-08,2025-09-12,1,已解除,2024-06-02
HT00253,155,劳务协议,2020-09-18,2021-09-18,0,已解除,2020-09-05
HT00254,156,固定期限,2022-10-07,2025-10-06,0,已到期,2022-10-03
HT00255,156,无固定期限,2025-10-07,,1,履行中,2025-09-29
HT00256,157,固定期限,2022-10-12,2025-10-11,0,已到期,2022-10-01
HT00257,157,固定期限,2025-10-12,2030-10-10,1,履行中,2025-09-30
HT00258,158,固定期限,2022-11-16,2025-11-15,0,已解除,2022-11-16
HT00259,159,固定期限,2022-08-25,2023-06-09,0,已解除,2022-08-10
HT00260,160,固定期限,2021-09-03,2024-09-02,0,已到期,2021-08-20
HT00261,160,无固定期限,2024-09-03,,1,履行中,2024-08-26
HT00262,161,固定期限,2020-08-14,2023-08-14,0,已到期,2020-07-30
HT00263,161,固定期限,2023-08-15,2028-08-12,1,履行中,2023-08-11
HT00264,162,固定期限,2022-12-14,2025-12-13,0,已到期,2022-12-10
HT00265,162,无固定期限,2025-12-14,,1,履行中,2025-12-07
HT00266,163,固定期限,2021-11-29,2023-08-10,0,已解除,2021-11-18
HT00267,164,固定期限,2021-07-23,2024-07-22,0,已到期,2021-07-22
HT00268,164,固定期限,2024-07-23,2029-07-21,1,履行中,2024-07-13
HT00269,165,固定期限,2021-11-29,2024-11-28,0,已到期,2021-11-27
HT00270,165,固定期限,2024-11-29,2029-11-27,1,履行中,2024-11-15
HT00271,166,固定期限,2020-11-12,2023-11-12,0,已到期,2020-11-09
HT00272,166,固定期限,2023-11-13,2028-11-10,1,履行中,2023-11-05
HT00273,167,固定期限,2021-04-22,2024-04-21,0,已到期,2021-04-20
HT00274,167,固定期限,2024-04-22,2029-04-20,1,履行中,2024-04-21
HT00275,168,固定期限,2020-11-27,2023-11-27,0,已到期,2020-11-13
HT00276,168,无固定期限,2023-11-28,,1,履行中,2023-11-25
HT00277,169,固定期限,2021-01-15,2024-01-15,0,已到期,2021-01-01
HT00278,169,固定期限,2024-01-16,2029-01-13,1,履行中,2024-01-01
HT00279,170,实习协议,2021-02-26,2021-08-27,0,已解除,2021-02-26
HT00280,171,固定期限,2021-11-11,2024-11-10,0,已解除,2021-11-01
HT00281,171,固定期限,2024-11-11,2026-01-30,1,已解除,2024-11-07
HT00282,172,固定期限,2022-01-26,2023-05-04,0,已解除,2022-01-26
HT00283,173,固定期限,2021-10-07,2023-02-16,0,已解除,2021-10-04
HT00284,174,固定期限,2022-11-16,2025-11-15,0,已到期,2022-11-11
HT00285,174,固定期限,2025-11-16,2030-11-14,1,履行中,2025-11-08
HT00286,175,固定期限,2022-12-19,2023-11-06,0,已解除,2022-12-19
HT00287,176,固定期限,2022-07-14,2025-07-13,0,已到期,2022-07-13
HT00288,176,无固定期限,2025-07-14,,1,履行中,2025-07-12
HT00289,177,固定期限,2022-05-25,2025-05-24,0,已到期,2022-05-22
HT00290,177,固定期限,2025-05-25,2030-05-23,1,履行中,2025-05-15
HT00291,178,固定期限,2022-10-19,2025-10-18,0,已到期,2022-10-10
HT00292,178,固定期限,2025-10-19,2030-10-17,1,履行中,2025-10-04
HT00293,179,固定期限,2022-01-18,2025-01-17,0,已到期,2022-01-04
HT00294,179,固定期限,2025-01-18,2030-01-16,1,履行中,2025-01-11
HT00295,180,固定期限,2022-08-04,2025-08-03,0,已解除,2022-07-23
HT00296,181,固定期限,2022-07-05,2025-07-04,0,已到期,2022-06-25
HT00297,181,固定期限,2025-07-05,2030-07-03,1,履行中,2025-06-22
HT00298,182,固定期限,2021-07-13,2024-07-12,0,已解除,2021-07-06
HT00299,182,无固定期限,2024-07-13,2025-06-18,1,已解除,2024-07-08
HT00300,183,固定期限,2022-02-18,2025-02-17,0,已到期,2022-02-15
HT00301,183,固定期限,2025-02-18,2030-02-16,1,履行中,2025-02-03
HT00302,184,固定期限,2021-10-25,2024-10-24,0,已到期,2021-10-10
HT00303,184,固定期限,2024-10-25,2029-10-23,1,履行中,2024-10-25
HT00304,185,固定期限,2022-04-27,2024-05-23,0,已解除,2022-04-12
HT00305,186,固定期限,2020-08-21,2023-08-21,0,已到期,2020-08-09
HT00306,186,固定期限,2023-08-22,2028-08-19,1,履行中,2023-08-21
HT00307,187,固定期限,2020-08-05,2023-08-05,0,已解除,2020-08-01
HT00308,187,固定期限,2023-08-06,2024-10-08,1,已解除,2023-07-28
HT00309,188,固定期限,2021-09-22,2024-09-21,0,已到期,2021-09-12
HT00310,188,固定期限,2024-09-22,2029-09-20,1,履行中,2024-09-14
HT00311,189,固定期限,2022-10-17,2024-04-19,0,已解除,2022-10-04
HT00312,190,固定期限,2021-02-01,2024-02-01,0,已到期,2021-02-01
HT00313,190,固定期限,2024-02-02,2029-01-30,1,履行中,2024-01-22
HT00314,191,固定期限,2022-06-03,2025-06-02,0,已到期,2022-05-29
HT00315,191,固定期限,2025-06-03,2030-06-01,1,履行中,2025-05-31
HT00316,192,固定期限,2021-02-10,2023-03-16,0,已解除,2021-01-30
HT00317,193,固定期限,2021-01-28,2024-01-28,0,已到期,2021-01-26
HT00318,193,固定期限,2024-01-29,2029-01-26,1,履行中,2024-01-24
HT00319,194,固定期限,2021-12-02,2024-06-18,0,已解除,2021-11-18
HT00320,195,固定期限,2022-09-30,2025-09-29,0,已到期,2022-09-27
HT00321,195,固定期限,2025-09-30,2030-09-28,1,履行中,2025-09-27
HT00322,196,固定期限,2022-02-18,2024-12-16,0,已解除,2022-02-05
HT00323,197,固定期限,2022-11-29,2025-11-28,0,已到期,2022-11-29
HT00324,197,固定期限,2025-11-29,2030-11-27,1,履行中,2025-11-22
HT00325,198,劳务协议,2022-07-05,2023-01-11,0,已解除,2022-06-29
HT00326,199,固定期限,2022-02-14,2024-07-08,0,已解除,2022-02-13
HT00327,200,固定期限,2022-01-07,2025-01-06,0,已到期,2022-01-02
HT00328,200,固定期限,2025-01-07,2030-01-05,1,履行中,2024-12-30
HT00329,201,劳务协议,2020-08-20,2021-08-20,0,已到期,2020-08-09
HT00330,202,固定期限,2021-01-14,2024-01-14,0,已到期,2021-01-09
HT00331,202,无固定期限,2024-01-15,,1,履行中,2024-01-14
HT00332,203,固定期限,2021-04-28,2024-04-27,0,已到期,2021-04-25
HT00333,203,固定期限,2024-04-28,2029-04-26,1,履行中,2024-04-14
HT00334,204,固定期限,2022-06-28,2023-04-18,0,已解除,2022-06-27
HT00335,205,固定期限,2022-08-18,2025-08-17,0,已解除,2022-08-07
HT00336,206,固定期限,2021-12-27,2024-12-26,0,已到期,2021-12-13
HT00337,206,固定期限,2024-12-27,2029-12-25,1,履行中,2024-12-26
HT00338,207,固定期限,2020-11-03,2023-11-03,0,已到期,2020-10-28
HT00339,207,无固定期限,2023-11-04,,1,履行中,2023-10-20
HT00340,208,固定期限,2022-12-08,2025-12-07,0,已到期,2022-12-06
HT00341,208,无固定期限,2025-12-08,,1,履行中,2025-12-03
HT00342,209,固定期限,2020-12-07,2023-12-07,0,已到期,2020-11-29
HT00343,209,固定期限,2023-12-08,2028-12-05,1,履行中,2023-12-02
HT00344,210,固定期限,2021-07-28,2024-07-27,0,已到期,2021-07-27
HT00345,210,无固定期限,2024-07-28,,1,履行中,2024-07-13
HT00346,211,固定期限,2022-11-16,2025-11-15,0,已到期,2022-11-14
HT00347,211,固定期限,2025-11-16,2030-11-14,1,履行中,2025-11-11
HT00348,212,固定期限,2022-01-21,2025-01-20,0,已解除,2022-01-14
HT00349,212,固定期限,2025-01-21,2026-04-27,1,已解除,2025-01-06
HT00350,213,劳务协议,2021-06-23,2022-06-23,0,已解除,2021-06-22
HT00351,214,固定期限,2021-12-09,2024-12-08,0,已到期,2021-12-02
HT00352,214,固定期限,2024-12-09,2029-12-07,1,履行中,2024-11-27
HT00353,215,固定期限,2021-05-06,2024-05-05,0,已解除,2021-04-29
HT00354,215,固定期限,2024-05-06,2025-10-10,1,已解除,2024-05-05
HT00355,216,固定期限,2021-03-09,2024-03-08,0,已到期,2021-02-25
HT00356,216,无固定期限,2024-03-09,,1,履行中,2024-03-07
HT00357,217,固定期限,2022-05-27,2025-05-26,0,已到期,2022-05-22
HT00358,217,固定期限,2025-05-27,2030-05-25,1,履行中,2025-05-22
HT00359,218,固定期限,2022-01-04,2025-01-03,0,已到期,2021-12-29
HT00360,218,固定期限,2025-01-04,2030-01-02,1,履行中,2024-12-25
HT00361,219,固定期限,2022-12-26,2025-05-14,0,已解除,2022-12-14
HT00362,220,固定期限,2021-04-06,2024-04-05,0,已到期,2021-03-29
HT00363,220,无固定期限,2024-04-06,,1,履行中,2024-04-01
HT00364,221,劳务协议,2022-06-01,2023-06-01,0,已到期,2022-05-18
HT00365,222,固定期限,2020-11-09,2023-10-03,0,已解除,2020-11-07
HT00366,223,固定期限,2022-05-23,2023-10-18,0,已解除,2022-05-23
HT00367,224,固定期限,2022-12-22,2025-12-21,0,已解除,2022-12-11
HT00368,225,固定期限,2022-01-26,2025-01-25,0,已到期,2022-01-22
HT00369,225,无固定期限,2025-01-26,,1,履行中,2025-01-19
HT00370,226,固定期限,2021-04-12,2024-04-11,0,已到期,2021-03-28
HT00371,226,固定期限,2024-04-12,2029-04-10,1,履行中,2024-04-08
HT00372,227,固定期限,2022-01-05,2023-11-03,0,已解除,2021-12-26
HT00373,228,固定期限,2022-03-03,2025-03-02,0,已到期,2022-02-28
HT00374,228,固定期限,2025-03-03,2030-03-01,1,履行中,2025-02-27
HT00375,229,固定期限,2021-09-10,2023-02-24,0,已解除,2021-09-10
HT00376,230,固定期限,2020-08-21,2023-08-21,0,已到期,2020-08-19
HT00377,230,固定期限,2023-08-22,2028-08-19,1,履行中,2023-08-07
HT00378,231,固定期限,2021-03-24,2024-03-23,0,已到期,2021-03-11
HT00379,231,无固定期限,2024-03-24,,1,履行中,2024-03-14
HT00380,232,固定期限,2022-12-19,2025-12-18,0,已解除,2022-12-08
HT00381,233,固定期限,2021-02-26,2023-12-01,0,已解除,2021-02-24
HT00382,234,固定期限,2022-10-13,2025-10-12,0,已到期,2022-10-13
HT00383,234,固定期限,2025-10-13,2030-10-11,1,履行中,2025-10-05
HT00384,235,实习协议,2021-05-26,2021-11-24,0,已解除,2021-05-19
HT00385,236,固定期限,2022-03-17,2025-03-16,0,已到期,2022-03-10
HT00386,236,无固定期限,2025-03-17,,1,履行中,2025-03-08
HT00387,237,固定期限,2022-03-21,2025-03-20,0,已到期,2022-03-16
HT00388,237,固定期限,2025-03-21,2030-03-19,1,履行中,2025-03-12
HT00389,238,固定期限,2021-12-06,2023-11-27,0,已解除,2021-12-06
HT00390,239,固定期限,2022-03-08,2025-03-07,0,已到期,2022-02-26
HT00391,239,固定期限,2025-03-08,2030-03-06,1,履行中,2025-03-03
HT00392,240,固定期限,2022-04-26,2025-04-25,0,已到期,2022-04-23
HT00393,240,固定期限,2025-04-26,2030-04-24,1,履行中,2025-04-19
HT00394,241,固定期限,2022-01-31,2023-05-04,0,已解除,2022-01-16
HT00395,242,固定期限,2020-10-15,2023-10-15,0,已到期,2020-10-10
HT00396,242,固定期限,2023-10-16,2028-10-13,1,履行中,2023-10-01
HT00397,243,固定期限,2022-02-01,2025-01-31,0,已到期,2022-01-29
HT00398,243,无固定期限,2025-02-01,,1,履行中,2025-01-30
HT00399,244,固定期限,2022-03-23,2023-04-18,0,已解除,2022-03-19
HT00400,245,固定期限,2021-07-28,2024-07-27,0,已到期,2021-07-19
HT00401,245,无固定期限,2024-07-28,,1,履行中,2024-07-24
HT00402,246,实习协议,2022-07-19,2023-01-17,0,已解除,2022-07-06
HT00403,247,固定期限,2022-12-23,2025-04-29,0,已解除,2022-12-15
HT00404,248,劳务协议,2021-09-14,2022-09-14,0,已到期,2021-09-14
HT00405,249,固定期限,2022-06-24,2023-02-23,0,已解除,2022-06-10
HT00406,250,固定期限,2021-05-28,2024-05-27,0,已到期,2021-05-24
HT00407,250,固定期限,2024-05-28,2029-05-26,1,履行中,2024-05-16
HT00408,251,固定期限,2020-11-16,2023-11-16,0,已解除,2020-11-16
HT00409,251,固定期限,2023-11-17,2024-09-05,1,已解除,2023-11-03
HT00410,252,劳务协议,2021-10-11,2022-10-11,0,已到期,2021-10-08
HT00411,253,固定期限,2022-05-11,2025-05-10,0,已到期,2022-05-01
HT00412,253,无固定期限,2025-05-11,,1,履行中,2025-04-27
HT00413,254,固定期限,2020-06-05,2023-06-05,0,已解除,2020-05-24
HT00414,254,固定期限,2023-06-06,2024-02-02,1,已解除,2023-05-29
HT00415,255,固定期限,2020-12-17,2023-12-17,0,已到期,2020-12-03
HT00416,255,固定期限,2023-12-18,2028-12-15,1,履行中,2023-12-09
HT00417,256,固定期限,2021-08-31,2024-08-30,0,已到期,2021-08-18
HT00418,256,固定期限,2024-08-31,2029-08-29,1,履行中,2024-08-16
HT00419,257,劳务协议,2021-07-30,2022-07-30,0,已到期,2021-07-21
HT00420,258,固定期限,2021-08-02,2024-08-01,0,已解除,2021-07-23
HT00421,259,实习协议,2022-11-17,2023-03-23,0,已解除,2022-11-12
HT00422,260,固定期限,2020-09-07,2023-09-07,0,已解除,2020-09-07
HT00423,260,无固定期限,2023-09-08,2025-05-15,1,已解除,2023-09-02
HT00424,261,劳务协议,2020-10-13,2021-10-13,0,已到期,2020-10-07
HT00425,262,固定期限,2021-08-16,2024-08-15,0,已到期,2021-08-07
HT00426,262,固定期限,2024-08-16,2029-08-14,1,履行中,2024-08-04
HT00427,263,固定期限,2022-06-17,2025-06-16,0,已到期,2022-06-07
HT00428,263,固定期限,2025-06-17,2030-06-15,1,履行中,2025-06-12
HT00429,264,固定期限,2021-06-24,2024-06-23,0,已解除,2021-06-17
HT00430,264,固定期限,2024-06-24,2026-07-02,1,已解除,2024-06-12
HT00431,265,固定期限,2022-10-26,2025-10-25,0,已到期,2022-10-16
HT00432,265,固定期限,2025-10-26,2030-10-24,1,履行中,2025-10-14
HT00433,266,固定期限,2021-01-25,2024-01-25,0,已到期,2021-01-16
HT00434,266,固定期限,2024-01-26,2029-01-23,1,履行中,2024-01-14
HT00435,267,固定期限,2020-12-01,2023-12-01,0,已到期,2020-11-20
HT00436,267,固定期限,2023-12-02,2028-11-29,1,履行中,2023-11-18
HT00437,268,固定期限,2021-04-19,2024-04-18,0,已解除,2021-04-10
HT00438,268,固定期限,2024-04-19,2026-06-25,1,已解除,2024-04-18
HT00439,269,固定期限,2022-01-27,2025-01-26,0,已到期,2022-01-21
HT00440,269,固定期限,2025-01-27,2030-01-25,1,履行中,2025-01-18
HT00441,270,劳务协议,2022-11-07,2023-11-07,0,已解除,2022-11-02
HT00442,271,劳务协议,2022-04-15,2023-04-15,0,已到期,2022-04-02
HT00443,272,固定期限,2021-09-30,2024-09-29,0,已到期,2021-09-26
HT00444,272,固定期限,2024-09-30,2029-09-28,1,履行中,2024-09-16
HT00445,273,固定期限,2021-03-02,2024-03-01,0,已到期,2021-02-15
HT00446,273,固定期限,2024-03-02,2029-02-28,1,履行中,2024-03-01
HT00447,274,固定期限,2021-02-18,2023-02-01,0,已解除,2021-02-09
HT00448,275,固定期限,2020-07-27,2023-07-27,0,已到期,2020-07-17
HT00449,275,固定期限,2023-07-28,2028-07-25,1,履行中,2023-07-19
HT00450,276,实习协议,2022-08-01,2023-01-30,0,已解除,2022-07-19
HT00451,277,固定期限,2021-06-07,2023-07-13,0,已解除,2021-05-31
HT00452,278,固定期限,2021-04-05,2024-04-04,0,已到期,2021-03-27
HT00453,278,固定期限,2024-04-05,2029-04-03,1,履行中,2024-03-25
HT00454,279,固定期限,2021-08-05,2024-08-04,0,已到期,2021-07-25
HT00455,279,固定期限,2024-08-05,2029-08-03,1,履行中,2024-07-24
HT00456,280,固定期限,2021-09-06,2024-09-05,0,已到期,2021-09-06
HT00457,280,固定期限,2024-09-06,2029-09-04,1,履行中,2024-08-24
HT00458,281,固定期限,2020-07-21,2023-07-21,0,已到期,2020-07-09
HT00459,281,固定期限,2023-07-22,2028-07-19,1,履行中,2023-07-11
HT00460,282,固定期限,2022-06-15,2025-06-14,0,已到期,2022-06-08
HT00461,282,固定期限,2025-06-15,2030-06-13,1,履行中,2025-06-03
HT00462,283,固定期限,2023-01-10,2026-01-09,0,已到期,2023-01-10
HT00463,283,固定期限,2026-01-10,2031-01-08,1,履行中,2026-01-07
HT00464,284,固定期限,2023-01-26,2026-01-25,0,已到期,2023-01-21
HT00465,284,固定期限,2026-01-26,2031-01-24,1,履行中,2026-01-11
HT00466,285,固定期限,2023-01-10,2025-07-04,0,已解除,2022-12-29
HT00467,286,固定期限,2023-01-02,2023-03-30,0,已解除,2022-12-18
HT00468,287,固定期限,2023-01-25,2026-01-24,0,已到期,2023-01-20
HT00469,287,固定期限,2026-01-25,2031-01-23,1,履行中,2026-01-12
HT00470,288,固定期限,2023-01-10,2026-01-09,0,已到期,2022-12-30
HT00471,288,固定期限,2026-01-10,2031-01-08,1,履行中,2026-01-10
HT00472,289,固定期限,2023-02-03,2025-09-10,0,已解除,2023-02-01
HT00473,290,固定期限,2023-02-16,2023-06-01,0,已解除,2023-02-13
HT00474,291,固定期限,2023-02-03,2026-02-02,0,已到期,2023-01-22
HT00475,291,无固定期限,2026-02-03,,1,履行中,2026-01-31
HT00476,292,固定期限,2023-02-23,2026-02-22,0,已到期,2023-02-12
HT00477,292,固定期限,2026-02-23,2031-02-21,1,履行中,2026-02-20
HT00478,293,固定期限,2023-03-14,2026-03-13,0,已到期,2023-03-01
HT00479,294,固定期限,2023-03-02,2023-06-22,0,已解除,2023-02-23
HT00480,295,固定期限,2023-03-06,2026-03-05,0,已到期,2023-02-24
HT00481,296,固定期限,2023-03-27,2024-08-21,0,已解除,2023-03-18
HT00482,297,固定期限,2023-03-29,2026-03-28,0,已到期,2023-03-29
HT00483,298,固定期限,2023-03-23,2026-03-22,0,已到期,2023-03-20
HT00484,299,固定期限,2023-03-07,2026-03-06,0,已到期,2023-03-05
HT00485,300,固定期限,2023-03-23,2025-01-16,0,已解除,2023-03-13
HT00486,301,劳务协议,2023-03-03,2024-02-26,0,已解除,2023-02-27
HT00487,302,固定期限,2023-03-21,2026-03-20,0,已到期,2023-03-07
HT00488,303,固定期限,2023-03-01,2026-02-28,0,已到期,2023-02-26
HT00489,303,固定期限,2026-03-01,2031-02-27,1,履行中,2026-02-26
HT00490,304,固定期限,2023-03-08,2024-03-04,0,已解除,2023-03-02
HT00491,305,固定期限,2023-03-07,2026-03-06,0,已到期,2023-02-20
HT00492,306,固定期限,2023-03-07,2024-07-23,0,已解除,2023-02-25
HT00493,307,固定期限,2023-03-09,2026-03-08,0,已到期,2023-03-04
HT00494,308,固定期限,2023-03-14,2026-03-13,0,已到期,2023-03-11
HT00495,309,固定期限,2023-03-30,2026-03-29,0,已到期,2023-03-28
HT00496,310,固定期限,2023-03-15,2026-03-14,0,已到期,2023-03-04
HT00497,311,固定期限,2023-03-13,2026-03-12,0,已到期,2023-03-06
HT00498,312,固定期限,2023-04-11,2026-04-10,0,已到期,2023-04-07
HT00499,313,固定期限,2023-04-17,2026-04-16,0,已到期,2023-04-03
HT00500,314,劳务协议,2023-04-18,2023-12-21,0,已解除,2023-04-04
HT00501,315,固定期限,2023-04-05,2026-04-04,0,已到期,2023-04-02
HT00502,316,固定期限,2023-04-27,2026-04-26,0,已到期,2023-04-14
HT00503,317,固定期限,2023-04-27,2026-04-26,0,已到期,2023-04-23
HT00504,318,劳务协议,2023-04-18,2023-06-12,0,已解除,2023-04-16
HT00505,319,固定期限,2023-04-25,2026-04-24,0,已到期,2023-04-25
HT00506,320,固定期限,2023-04-26,2026-04-25,0,已到期,2023-04-12
HT00507,321,固定期限,2023-04-10,2026-02-06,0,已解除,2023-03-28
HT00508,322,固定期限,2023-04-11,2024-04-05,0,已解除,2023-04-09
HT00509,323,固定期限,2023-04-17,2026-04-16,0,已到期,2023-04-03
HT00510,324,固定期限,2023-04-06,2025-02-14,0,已解除,2023-03-22
HT00511,325,固定期限,2023-04-19,2026-04-18,0,已到期,2023-04-18
HT00512,326,固定期限,2023-04-13,2024-11-21,0,已解除,2023-03-30
HT00513,327,固定期限,2023-04-12,2026-04-11,0,已到期,2023-03-28
HT00514,328,固定期限,2023-04-05,2026-04-04,0,已到期,2023-03-25
HT00515,329,固定期限,2023-05-22,2025-11-17,0,已解除,2023-05-19
HT00516,330,固定期限,2023-05-19,2025-01-22,0,已解除,2023-05-18
HT00517,331,固定期限,2023-05-05,2026-05-04,0,已到期,2023-04-22
HT00518,332,固定期限,2023-05-22,2025-02-04,0,已解除,2023-05-17
HT00519,333,固定期限,2023-05-26,2026-05-25,0,已到期,2023-05-13
HT00520,334,固定期限,2023-05-25,2026-05-24,0,已到期,2023-05-23
HT00521,335,固定期限,2023-05-23,2026-05-22,0,已到期,2023-05-15
HT00522,336,实习协议,2023-05-17,2023-09-28,0,已解除,2023-05-10
HT00523,337,固定期限,2023-05-03,2023-09-29,0,已解除,2023-04-20
HT00524,338,固定期限,2023-05-04,2026-05-03,0,已到期,2023-05-01
HT00525,339,固定期限,2023-06-29,2026-06-28,0,已解除,2023-06-18
HT00526,340,固定期限,2023-06-09,2023-09-25,0,已解除,2023-06-04
HT00527,341,固定期限,2023-06-30,2026-06-29,0,已到期,2023-06-30
HT00528,342,固定期限,2023-06-27,2026-06-26,0,已到期,2023-06-23
HT00529,343,固定期限,2023-06-13,2026-06-12,0,已到期,2023-06-04
HT00530,344,固定期限,2023-06-29,2024-06-05,0,已解除,2023-06-21
HT00531,345,固定期限,2023-06-14,2026-06-13,0,已到期,2023-06-01
HT00532,346,固定期限,2023-06-20,2026-06-19,0,已到期,2023-06-17
HT00533,347,固定期限,2023-06-16,2026-06-15,0,已到期,2023-06-09
HT00534,348,固定期限,2023-07-24,2026-07-23,0,已到期,2023-07-13
HT00535,349,固定期限,2023-07-18,2026-07-17,0,已到期,2023-07-16
HT00536,350,固定期限,2023-07-18,2026-07-17,0,已到期,2023-07-05
HT00537,351,固定期限,2023-07-27,2026-07-26,0,已到期,2023-07-25
HT00538,352,固定期限,2023-07-04,2025-10-27,0,已解除,2023-06-26
HT00539,353,固定期限,2023-07-27,2026-07-26,0,已到期,2023-07-17
HT00540,354,固定期限,2023-07-12,2026-07-11,0,已到期,2023-06-29
HT00541,355,固定期限,2023-07-14,2026-07-13,0,已到期,2023-07-05
HT00542,356,固定期限,2023-07-31,2026-07-30,0,已到期,2023-07-24
HT00543,357,固定期限,2023-07-03,2026-07-02,0,已到期,2023-06-28
HT00544,358,固定期限,2023-08-30,2026-08-29,0,已到期,2023-08-17
HT00545,359,固定期限,2023-08-25,2026-06-09,0,已解除,2023-08-17
HT00546,360,固定期限,2023-08-11,2026-08-10,0,已到期,2023-08-10
HT00547,361,固定期限,2023-08-15,2024-12-16,0,已解除,2023-08-07
HT00548,362,固定期限,2023-08-03,2026-08-02,0,已到期,2023-07-20
HT00549,363,固定期限,2023-08-28,2026-08-27,0,已到期,2023-08-19
HT00550,364,固定期限,2023-08-09,2025-03-31,0,已解除,2023-07-27
HT00551,365,劳务协议,2023-08-17,2024-08-16,0,已到期,2023-08-09
HT00552,366,固定期限,2023-08-04,2026-08-03,0,已到期,2023-07-29
HT00553,367,固定期限,2023-09-21,2026-09-20,0,履行中,2023-09-07
HT00554,368,固定期限,2023-09-26,2026-11-21,0,履行中,2023-09-17
HT00555,369,固定期限,2023-09-05,2026-01-19,0,已解除,2023-08-28
HT00556,370,固定期限,2023-09-21,2026-10-17,0,履行中,2023-09-21
HT00557,371,固定期限,2023-09-22,2024-08-29,0,已解除,2023-09-16
HT00558,372,固定期限,2023-09-21,2025-04-23,0,已解除,2023-09-11
HT00559,373,固定期限,2023-09-07,2026-09-06,0,履行中,2023-09-04
HT00560,374,固定期限,2023-09-20,2026-09-19,0,履行中,2023-09-08
HT00561,375,固定期限,2023-09-20,2024-11-21,0,已解除,2023-09-07
HT00562,376,固定期限,2023-09-05,2025-10-16,0,已解除,2023-08-22
HT00563,377,固定期限,2023-09-08,2026-09-07,0,履行中,2023-09-05
HT00564,378,固定期限,2023-09-08,2026-09-07,0,履行中,2023-08-26
HT00565,379,固定期限,2023-09-25,2026-09-24,0,履行中,2023-09-11
HT00566,380,固定期限,2023-09-14,2025-07-15,0,已解除,2023-09-04
HT00567,381,固定期限,2023-09-13,2026-09-12,0,履行中,2023-09-02
HT00568,382,实习协议,2023-09-11,2024-03-11,0,已解除,2023-09-11
HT00569,383,固定期限,2023-10-16,2023-12-01,0,已解除,2023-10-05
HT00570,384,固定期限,2023-10-18,2026-10-30,0,履行中,2023-10-10
HT00571,385,固定期限,2023-10-17,2025-09-19,0,已解除,2023-10-02
HT00572,386,固定期限,2023-10-26,2025-08-29,0,已解除,2023-10-26
HT00573,387,劳务协议,2023-10-23,2024-03-13,0,已解除,2023-10-12
HT00574,388,固定期限,2023-10-04,2024-04-16,0,已解除,2023-09-21
HT00575,389,固定期限,2023-10-17,2026-09-18,0,履行中,2023-10-08
HT00576,390,固定期限,2023-10-13,2024-03-27,0,已解除,2023-10-12
HT00577,391,固定期限,2023-10-17,2025-09-17,0,已解除,2023-10-14
HT00578,392,固定期限,2023-10-04,2026-04-22,0,已解除,2023-09-24
HT00579,393,固定期限,2023-10-10,2023-12-04,0,已解除,2023-09-27
HT00580,394,固定期限,2023-10-26,2026-10-24,0,履行中,2023-10-18
HT00581,395,固定期限,2023-11-14,2026-10-13,0,履行中,2023-11-13
HT00582,396,固定期限,2023-11-01,2024-07-05,0,已解除,2023-10-30
HT00583,397,固定期限,2023-11-08,2024-05-14,0,已解除,2023-11-01
HT00584,398,固定期限,2023-11-10,2026-11-01,0,履行中,2023-10-27
HT00585,399,固定期限,2023-11-01,2024-05-28,0,已解除,2023-10-29
HT00586,400,劳务协议,2023-11-13,2024-11-12,0,已到期,2023-11-12
HT00587,401,固定期限,2023-11-21,2026-09-29,0,履行中,2023-11-08
HT00588,402,固定期限,2023-12-08,2025-09-30,0,已解除,2023-12-01
HT00589,403,固定期限,2023-12-21,2026-12-20,0,履行中,2023-12-18
HT00590,404,固定期限,2023-12-08,2025-03-13,0,已解除,2023-12-06
HT00591,405,固定期限,2023-12-20,2024-07-30,0,已解除,2023-12-17
HT00592,406,固定期限,2023-12-04,2026-12-03,0,履行中,2023-12-02
HT00593,407,固定期限,2023-12-05,2026-12-04,0,履行中,2023-11-23
HT00594,408,固定期限,2023-12-04,2024-02-23,0,已解除,2023-12-03
HT00595,409,固定期限,2023-12-05,2024-04-12,0,已解除,2023-12-01
HT00596,410,固定期限,2023-12-14,2026-03-17,0,已解除,2023-11-30
HT00597,411,固定期限,2023-12-14,2026-12-13,0,履行中,2023-12-14
HT00598,412,固定期限,2023-12-11,2026-12-10,0,履行中,2023-12-02
HT00599,413,固定期限,2024-01-02,2027-01-01,0,履行中,2023-12-20
HT00600,414,固定期限,2024-01-23,2027-01-22,0,履行中,2024-01-12
HT00601,415,固定期限,2024-01-01,2026-12-31,0,履行中,2023-12-18
HT00602,416,固定期限,2024-01-01,2024-12-20,0,已解除,2023-12-26
HT00603,417,固定期限,2024-01-02,2027-01-01,0,履行中,2024-01-01
HT00604,418,固定期限,2024-01-02,2024-06-03,0,已解除,2023-12-20
HT00605,419,固定期限,2024-02-28,2027-02-27,0,履行中,2024-02-19
HT00606,420,固定期限,2024-02-12,2027-02-11,0,履行中,2024-02-08
HT00607,421,固定期限,2024-02-05,2024-07-04,0,已解除,2024-01-28
HT00608,422,固定期限,2024-02-23,2027-02-22,0,履行中,2024-02-18
HT00609,423,固定期限,2024-03-01,2027-03-01,0,履行中,2024-02-18
HT00610,424,固定期限,2024-03-14,2025-07-03,0,已解除,2024-03-13
HT00611,425,固定期限,2024-03-05,2024-12-20,0,已解除,2024-03-03
HT00612,426,固定期限,2024-03-15,2026-08-11,0,已解除,2024-03-01
HT00613,427,固定期限,2024-03-27,2024-06-03,0,已解除,2024-03-14
HT00614,428,固定期限,2024-03-12,2025-03-18,0,已解除,2024-02-26
HT00615,429,固定期限,2024-03-04,2027-03-04,0,履行中,2024-02-19
HT00616,430,固定期限,2024-03-08,2027-03-08,0,履行中,2024-03-04
HT00617,431,固定期限,2024-03-08,2027-03-08,0,履行中,2024-03-08
HT00618,432,固定期限,2024-03-22,2027-03-22,0,履行中,2024-03-13
HT00619,433,固定期限,2024-03-04,2027-03-04,0,履行中,2024-03-01
HT00620,434,固定期限,2024-03-21,2027-03-21,0,履行中,2024-03-17
HT00621,435,固定期限,2024-03-13,2027-03-13,0,履行中,2024-02-29
HT00622,436,固定期限,2024-03-01,2024-08-13,0,已解除,2024-02-24
HT00623,437,固定期限,2024-03-15,2027-03-15,0,履行中,2024-03-07
HT00624,438,固定期限,2024-03-18,2024-07-31,0,已解除,2024-03-04
HT00625,439,固定期限,2024-03-25,2026-04-16,0,已解除,2024-03-21
HT00626,440,固定期限,2024-03-22,2024-11-18,0,已解除,2024-03-16
HT00627,441,实习协议,2024-03-08,2024-09-06,0,已解除,2024-02-27
HT00628,442,固定期限,2024-04-23,2025-10-01,0,已解除,2024-04-18
HT00629,443,固定期限,2024-04-11,2027-04-11,0,履行中,2024-04-02
HT00630,444,固定期限,2024-04-24,2024-10-01,0,已解除,2024-04-24
HT00631,445,固定期限,2024-04-12,2027-04-12,0,履行中,2024-04-09
HT00632,446,固定期限,2024-04-24,2025-05-14,0,已解除,2024-04-18
HT00633,447,固定期限,2024-04-24,2027-04-24,0,履行中,2024-04-10
HT00634,448,固定期限,2024-04-04,2027-04-04,0,履行中,2024-03-23
HT00635,449,固定期限,2024-04-25,2027-04-25,0,履行中,2024-04-23
HT00636,450,固定期限,2024-04-18,2027-04-18,0,履行中,2024-04-07
HT00637,451,劳务协议,2024-04-04,2024-12-11,0,已解除,2024-03-23
HT00638,452,劳务协议,2024-04-09,2025-04-09,0,已解除,2024-04-07
HT00639,453,固定期限,2024-04-19,2027-04-19,0,履行中,2024-04-19
HT00640,454,固定期限,2024-04-08,2025-01-08,0,已解除,2024-03-28
HT00641,455,劳务协议,2024-04-01,2024-05-02,0,已解除,2024-03-30
HT00642,456,固定期限,2024-04-16,2027-04-16,0,履行中,2024-04-08
HT00643,457,固定期限,2024-04-05,2027-04-05,0,履行中,2024-03-29
HT00644,458,固定期限,2024-04-11,2027-04-11,0,履行中,2024-04-05
HT00645,459,固定期限,2024-04-16,2027-04-16,0,履行中,2024-04-06
HT00646,460,固定期限,2024-04-24,2027-04-24,0,履行中,2024-04-16
HT00647,461,固定期限,2024-05-29,2027-05-29,0,履行中,2024-05-27
HT00648,462,固定期限,2024-05-27,2027-05-27,0,履行中,2024-05-18
HT00649,463,实习协议,2024-05-09,2024-11-07,0,已解除,2024-05-06
HT00650,464,固定期限,2024-05-08,2027-05-08,0,履行中,2024-05-06
HT00651,465,固定期限,2024-05-21,2024-12-03,0,已解除,2024-05-14
HT00652,466,固定期限,2024-05-03,2027-05-03,0,履行中,2024-04-19
HT00653,467,实习协议,2024-05-28,2024-11-26,0,已解除,2024-05-17
HT00654,468,固定期限,2024-05-07,2025-03-26,0,已解除,2024-05-03
HT00655,469,固定期限,2024-05-01,2027-05-01,0,履行中,2024-04-26
HT00656,470,固定期限,2024-06-27,2027-06-27,0,履行中,2024-06-23
HT00657,471,固定期限,2024-06-24,2027-06-24,0,履行中,2024-06-18
HT00658,472,固定期限,2024-06-19,2027-06-19,0,履行中,2024-06-11
HT00659,473,固定期限,2024-06-10,2027-06-10,0,履行中,2024-06-07
HT00660,474,固定期限,2024-06-04,2027-06-04,0,履行中,2024-05-23
HT00661,475,固定期限,2024-06-12,2025-08-18,0,已解除,2024-06-04
HT00662,476,固定期限,2024-06-26,2027-06-26,0,履行中,2024-06-11
HT00663,477,固定期限,2024-06-04,2027-06-04,0,履行中,2024-05-24
HT00664,478,固定期限,2024-06-17,2024-09-24,0,已解除,2024-06-11
HT00665,479,固定期限,2024-06-19,2027-06-19,0,履行中,2024-06-13
HT00666,480,固定期限,2024-07-23,2025-07-07,0,已解除,2024-07-18
HT00667,481,固定期限,2024-07-18,2026-08-07,0,已解除,2024-07-07
HT00668,482,固定期限,2024-07-05,2025-01-14,0,已解除,2024-06-20
HT00669,483,固定期限,2024-07-19,2027-07-19,0,履行中,2024-07-17
HT00670,484,固定期限,2024-07-09,2025-08-04,0,已解除,2024-07-05
HT00671,485,固定期限,2024-07-12,2024-08-14,0,已解除,2024-07-03
HT00672,486,固定期限,2024-07-19,2027-07-19,0,履行中,2024-07-18
HT00673,487,固定期限,2024-08-19,2027-08-19,0,履行中,2024-08-08
HT00674,488,固定期限,2024-08-23,2025-05-02,0,已解除,2024-08-16
HT00675,489,固定期限,2024-08-06,2027-08-06,0,履行中,2024-07-29
HT00676,490,固定期限,2024-08-23,2027-08-23,0,履行中,2024-08-08
HT00677,491,固定期限,2024-08-05,2027-08-05,0,履行中,2024-08-04
HT00678,492,固定期限,2024-08-07,2027-08-07,0,履行中,2024-07-29
HT00679,493,固定期限,2024-08-20,2027-08-20,0,履行中,2024-08-16
HT00680,494,固定期限,2024-08-23,2027-08-23,0,履行中,2024-08-15
HT00681,495,固定期限,2024-08-05,2025-03-10,0,已解除,2024-07-22
HT00682,496,固定期限,2024-09-03,2027-09-03,0,履行中,2024-08-22
HT00683,497,劳务协议,2024-09-11,2025-09-11,0,已到期,2024-09-08
HT00684,498,固定期限,2024-09-03,2027-09-03,0,履行中,2024-08-28
HT00685,499,固定期限,2024-09-26,2027-09-26,0,履行中,2024-09-17
HT00686,500,固定期限,2024-09-11,2025-05-06,0,已解除,2024-09-08
HT00687,501,固定期限,2024-09-11,2024-10-11,0,已解除,2024-09-03
HT00688,502,固定期限,2024-09-17,2027-09-17,0,履行中,2024-09-04
HT00689,503,固定期限,2024-09-17,2027-09-17,0,履行中,2024-09-15
HT00690,504,固定期限,2024-09-16,2027-09-16,0,履行中,2024-09-01
HT00691,505,固定期限,2024-09-04,2025-05-06,0,已解除,2024-08-25
HT00692,506,固定期限,2024-09-06,2025-05-23,0,已解除,2024-08-28
HT00693,507,固定期限,2024-09-24,2027-09-24,0,履行中,2024-09-15
HT00694,508,固定期限,2024-09-11,2027-09-11,0,履行中,2024-09-07
HT00695,509,固定期限,2024-09-19,2027-09-19,0,履行中,2024-09-18
HT00696,510,固定期限,2024-09-06,2027-09-06,0,履行中,2024-09-04
HT00697,511,固定期限,2024-10-25,2026-02-10,0,已解除,2024-10-16
HT00698,512,固定期限,2024-10-04,2027-10-04,0,履行中,2024-09-21
HT00699,513,固定期限,2024-10-08,2027-10-08,0,履行中,2024-10-06
HT00700,514,固定期限,2024-10-03,2027-10-03,0,履行中,2024-09-27
HT00701,515,固定期限,2024-10-24,2027-10-24,0,履行中,2024-10-18
HT00702,516,固定期限,2024-10-08,2027-10-08,0,履行中,2024-10-08
HT00703,517,固定期限,2024-10-23,2027-10-23,0,履行中,2024-10-23
HT00704,518,劳务协议,2024-10-09,2025-03-20,0,已解除,2024-09-29
HT00705,519,固定期限,2024-10-07,2027-10-07,0,履行中,2024-10-01
HT00706,520,固定期限,2024-10-09,2025-02-19,0,已解除,2024-10-09
HT00707,521,固定期限,2024-10-14,2025-05-12,0,已解除,2024-10-04
HT00708,522,固定期限,2024-10-01,2027-10-01,0,履行中,2024-09-28
HT00709,523,固定期限,2024-10-23,2025-04-01,0,已解除,2024-10-15
HT00710,524,固定期限,2024-11-12,2025-04-04,0,已解除,2024-10-28
HT00711,525,固定期限,2024-11-28,2024-12-31,0,已解除,2024-11-15
HT00712,526,固定期限,2024-11-05,2027-11-05,0,履行中,2024-10-26
HT00713,527,劳务协议,2024-11-25,2025-11-25,0,已到期,2024-11-18
HT00714,528,固定期限,2024-11-13,2027-11-13,0,履行中,2024-11-12
HT00715,529,固定期限,2024-11-12,2027-11-12,0,履行中,2024-11-01
HT00716,530,固定期限,2024-11-22,2024-12-02,0,已解除,2024-11-07
HT00717,531,固定期限,2024-11-08,2025-05-27,0,已解除,2024-10-24
HT00718,532,固定期限,2024-12-31,2026-08-17,0,已解除,2024-12-18
HT00719,533,劳务协议,2024-12-03,2025-12-03,0,已到期,2024-12-02
HT00720,534,固定期限,2024-12-05,2025-05-09,0,已解除,2024-11-25
HT00721,535,固定期限,2024-12-27,2026-07-28,0,已解除,2024-12-16
HT00722,536,固定期限,2024-12-26,2027-12-26,0,履行中,2024-12-20
HT00723,537,固定期限,2024-12-12,2027-12-12,0,履行中,2024-12-04
HT00724,538,固定期限,2024-12-24,2027-12-24,0,履行中,2024-12-13
HT00725,539,劳务协议,2024-12-27,2025-12-27,0,已解除,2024-12-15
HT00726,540,实习协议,2025-01-01,2025-07-02,0,已解除,2024-12-30
HT00727,541,固定期限,2025-01-22,2028-01-22,0,履行中,2025-01-22
HT00728,542,固定期限,2025-01-16,2028-01-16,0,履行中,2025-01-03
HT00729,543,固定期限,2025-01-24,2028-01-24,0,履行中,2025-01-10
HT00730,544,固定期限,2025-01-16,2028-01-16,0,履行中,2025-01-15
HT00731,545,固定期限,2025-01-14,2026-01-21,0,已解除,2025-01-13
HT00732,546,固定期限,2025-01-30,2028-01-30,0,履行中,2025-01-15
HT00733,547,固定期限,2025-01-24,2028-01-24,0,履行中,2025-01-20
HT00734,548,固定期限,2025-02-19,2028-02-19,0,履行中,2025-02-04
HT00735,549,固定期限,2025-02-11,2028-02-11,0,履行中,2025-01-30
HT00736,550,固定期限,2025-02-25,2028-02-25,0,履行中,2025-02-22
HT00737,551,固定期限,2025-02-10,2028-02-10,0,履行中,2025-01-30
HT00738,552,固定期限,2025-03-04,2028-03-03,0,履行中,2025-03-01
HT00739,553,固定期限,2025-03-04,2028-03-03,0,履行中,2025-02-24
HT00740,554,固定期限,2025-03-24,2028-03-23,0,履行中,2025-03-21
HT00741,555,固定期限,2025-03-06,2026-03-25,0,已解除,2025-02-27
HT00742,556,固定期限,2025-03-14,2028-03-13,0,履行中,2025-03-01
HT00743,557,固定期限,2025-03-17,2028-03-16,0,履行中,2025-03-10
HT00744,558,固定期限,2025-03-25,2028-03-24,0,履行中,2025-03-19
HT00745,559,固定期限,2025-03-27,2028-03-26,0,履行中,2025-03-19
HT00746,560,固定期限,2025-03-11,2026-07-21,0,已解除,2025-03-05
HT00747,561,劳务协议,2025-03-27,2026-03-27,0,已解除,2025-03-13
HT00748,562,固定期限,2025-03-14,2028-03-13,0,履行中,2025-03-14
HT00749,563,固定期限,2025-03-03,2028-03-02,0,履行中,2025-02-28
HT00750,564,固定期限,2025-03-27,2025-07-25,0,已解除,2025-03-26
HT00751,565,固定期限,2025-03-25,2028-03-24,0,履行中,2025-03-10
HT00752,566,固定期限,2025-03-07,2028-03-06,0,履行中,2025-02-24
HT00753,567,固定期限,2025-03-05,2028-03-04,0,履行中,2025-02-28
HT00754,568,固定期限,2025-03-04,2026-05-12,0,已解除,2025-02-20
HT00755,569,固定期限,2025-03-25,2028-03-24,0,履行中,2025-03-21
HT00756,570,固定期限,2025-03-25,2025-08-06,0,已解除,2025-03-19
HT00757,571,实习协议,2025-03-25,2025-07-07,0,已解除,2025-03-16
HT00758,572,固定期限,2025-03-27,2025-12-19,0,已解除,2025-03-22
HT00759,573,固定期限,2025-04-14,2026-07-27,0,已解除,2025-04-05
HT00760,574,固定期限,2025-04-30,2028-04-29,0,履行中,2025-04-17
HT00761,575,固定期限,2025-04-21,2028-04-20,0,履行中,2025-04-12
HT00762,576,固定期限,2025-04-23,2028-04-22,0,履行中,2025-04-10
HT00763,577,实习协议,2025-04-08,2025-08-26,0,已解除,2025-03-26
HT00764,578,劳务协议,2025-04-16,2026-04-16,0,已到期,2025-04-03
HT00765,579,固定期限,2025-04-08,2026-02-09,0,已解除,2025-04-02
HT00766,580,固定期限,2025-04-22,2028-04-21,0,履行中,2025-04-20
HT00767,581,固定期限,2025-04-18,2028-04-17,0,履行中,2025-04-06
HT00768,582,固定期限,2025-04-21,2028-04-20,0,履行中,2025-04-09
HT00769,583,劳务协议,2025-04-28,2026-04-28,0,已到期,2025-04-17
HT00770,584,固定期限,2025-04-25,2028-04-24,0,履行中,2025-04-19
HT00771,585,固定期限,2025-04-18,2028-04-17,0,履行中,2025-04-03
HT00772,586,劳务协议,2025-04-04,2026-04-04,0,已到期,2025-03-27
HT00773,587,实习协议,2025-04-16,2025-09-09,0,已解除,2025-04-06
HT00774,588,固定期限,2025-04-28,2025-11-03,0,已解除,2025-04-21
HT00775,589,实习协议,2025-04-17,2025-10-16,0,已解除,2025-04-07
HT00776,590,固定期限,2025-04-18,2028-04-17,0,履行中,2025-04-16
HT00777,591,固定期限,2025-04-30,2028-04-29,0,履行中,2025-04-24
HT00778,592,固定期限,2025-05-06,2028-05-05,0,履行中,2025-04-28
HT00779,593,固定期限,2025-05-16,2028-05-15,0,履行中,2025-05-11
HT00780,594,劳务协议,2025-05-26,2026-05-19,0,已解除,2025-05-24
HT00781,595,固定期限,2025-05-19,2028-05-18,0,履行中,2025-05-05
HT00782,596,劳务协议,2025-05-16,2026-05-16,0,已到期,2025-05-11
HT00783,597,固定期限,2025-05-15,2028-05-14,0,履行中,2025-05-08
HT00784,598,固定期限,2025-05-05,2028-05-04,0,履行中,2025-04-28
HT00785,599,劳务协议,2025-05-30,2026-05-30,0,已到期,2025-05-21
HT00786,600,固定期限,2025-05-28,2028-05-27,0,履行中,2025-05-15
HT00787,601,固定期限,2025-05-12,2028-05-11,0,履行中,2025-04-28
HT00788,602,固定期限,2025-05-21,2028-05-20,0,履行中,2025-05-07
HT00789,603,固定期限,2025-06-27,2028-06-26,0,履行中,2025-06-26
HT00790,604,固定期限,2025-06-04,2028-06-03,0,履行中,2025-05-27
HT00791,605,固定期限,2025-06-23,2028-06-22,0,履行中,2025-06-14
HT00792,606,固定期限,2025-06-13,2028-06-12,0,履行中,2025-06-11
HT00793,607,固定期限,2025-06-02,2028-06-01,0,履行中,2025-06-01
HT00794,608,固定期限,2025-06-06,2028-06-05,0,履行中,2025-05-29
HT00795,609,固定期限,2025-06-26,2028-06-25,0,履行中,2025-06-12
HT00796,610,固定期限,2025-06-17,2028-06-16,0,履行中,2025-06-07
HT00797,611,劳务协议,2025-07-22,2026-07-22,0,已到期,2025-07-20
HT00798,612,固定期限,2025-07-25,2025-12-01,0,已解除,2025-07-13
HT00799,613,固定期限,2025-07-21,2025-08-28,0,已解除,2025-07-08
HT00800,614,固定期限,2025-07-04,2028-07-03,0,履行中,2025-06-24
HT00801,615,劳务协议,2025-07-25,2026-03-27,0,已解除,2025-07-12
HT00802,616,固定期限,2025-07-23,2026-04-17,0,已解除,2025-07-21
HT00803,617,固定期限,2025-07-14,2026-06-04,0,已解除,2025-07-11
HT00804,618,固定期限,2025-07-22,2025-12-23,0,已解除,2025-07-14
HT00805,619,固定期限,2025-07-29,2028-07-28,0,履行中,2025-07-26
HT00806,620,固定期限,2025-08-20,2028-08-19,0,履行中,2025-08-19
HT00807,621,固定期限,2025-08-26,2028-08-25,0,履行中,2025-08-22
HT00808,622,固定期限,2025-08-06,2028-08-05,0,履行中,2025-07-30
HT00809,623,固定期限,2025-08-22,2028-08-21,0,履行中,2025-08-12
HT00810,624,固定期限,2025-08-11,2028-08-10,0,履行中,2025-08-01
HT00811,625,固定期限,2025-08-06,2028-08-05,0,履行中,2025-07-30
HT00812,626,固定期限,2025-08-19,2028-08-18,0,履行中,2025-08-11
HT00813,627,固定期限,2025-08-05,2028-08-04,0,履行中,2025-07-28
HT00814,628,固定期限,2025-08-27,2028-08-26,0,履行中,2025-08-27
HT00815,629,固定期限,2025-08-11,2026-04-15,0,已解除,2025-08-02
HT00816,630,固定期限,2025-08-28,2028-08-27,0,履行中,2025-08-23
HT00817,631,固定期限,2025-09-16,2028-09-15,0,履行中,2025-09-08
HT00818,632,固定期限,2025-09-03,2028-09-02,0,履行中,2025-08-19
HT00819,633,固定期限,2025-09-19,2028-09-18,0,履行中,2025-09-11
HT00820,634,劳务协议,2025-09-08,2026-11-21,0,履行中,2025-09-06
HT00821,635,固定期限,2025-09-26,2028-09-25,0,履行中,2025-09-22
HT00822,636,固定期限,2025-09-29,2028-09-28,0,履行中,2025-09-21
HT00823,637,固定期限,2025-09-29,2028-09-28,0,履行中,2025-09-21
HT00824,638,固定期限,2025-09-02,2028-09-01,0,履行中,2025-08-21
HT00825,639,固定期限,2025-09-19,2028-09-18,0,履行中,2025-09-19
HT00826,640,固定期限,2025-09-30,2028-09-29,0,履行中,2025-09-25
HT00827,641,固定期限,2025-09-26,2028-09-25,0,履行中,2025-09-14
HT00828,642,固定期限,2025-09-10,2028-09-09,0,履行中,2025-09-08
HT00829,643,固定期限,2025-09-03,2028-09-02,0,履行中,2025-08-23
HT00830,644,固定期限,2025-09-25,2026-04-23,0,已解除,2025-09-13
HT00831,645,劳务协议,2025-09-19,2026-04-02,0,已解除,2025-09-19
HT00832,646,固定期限,2025-09-25,2028-09-24,0,履行中,2025-09-25
HT00833,647,固定期限,2025-09-04,2028-09-03,0,履行中,2025-09-02
HT00834,648,固定期限,2025-09-18,2028-09-17,0,履行中,2025-09-17
HT00835,649,固定期限,2025-09-30,2028-09-29,0,履行中,2025-09-30
HT00836,650,固定期限,2025-09-09,2028-09-08,0,履行中,2025-09-08
HT00837,651,固定期限,2025-09-18,2028-09-17,0,履行中,2025-09-08
HT00838,652,固定期限,2025-10-31,2025-12-25,0,已解除,2025-10-27
HT00839,653,固定期限,2025-10-23,2028-10-22,0,履行中,2025-10-23
HT00840,654,固定期限,2025-10-24,2026-07-22,0,已解除,2025-10-24
HT00841,655,固定期限,2025-10-08,2028-10-07,0,履行中,2025-09-23
HT00842,656,固定期限,2025-10-16,2028-10-15,0,履行中,2025-10-15
HT00843,657,固定期限,2025-10-15,2028-10-14,0,履行中,2025-10-15
HT00844,658,固定期限,2025-10-01,2028-09-30,0,履行中,2025-09-28
HT00845,659,固定期限,2025-10-07,2026-03-25,0,已解除,2025-09-23
HT00846,660,固定期限,2025-10-01,2028-09-30,0,履行中,2025-09-30
HT00847,661,固定期限,2025-10-07,2028-10-06,0,履行中,2025-10-01
HT00848,662,固定期限,2025-10-28,2028-10-27,0,履行中,2025-10-24
HT00849,663,固定期限,2025-10-29,2028-10-28,0,履行中,2025-10-14
HT00850,664,固定期限,2025-10-09,2028-10-08,0,履行中,2025-10-03
HT00851,665,固定期限,2025-10-09,2028-10-08,0,履行中,2025-10-02
HT00852,666,固定期限,2025-10-22,2028-10-21,0,履行中,2025-10-21
HT00853,667,固定期限,2025-10-10,2026-08-13,0,已解除,2025-09-29
HT00854,668,固定期限,2025-10-21,2028-10-20,0,履行中,2025-10-07
HT00855,669,固定期限,2025-11-26,2028-11-25,0,履行中,2025-11-25
HT00856,670,固定期限,2025-11-07,2028-11-06,0,履行中,2025-11-01
HT00857,671,固定期限,2025-11-28,2028-11-27,0,履行中,2025-11-27
HT00858,672,固定期限,2025-11-19,2028-11-18,0,履行中,2025-11-10
HT00859,673,固定期限,2025-11-04,2028-11-03,0,履行中,2025-10-20
HT00860,674,固定期限,2025-11-11,2028-11-10,0,履行中,2025-10-28
HT00861,675,固定期限,2025-11-07,2026-07-17,0,已解除,2025-11-04
HT00862,676,实习协议,2025-11-13,2026-04-22,0,已解除,2025-10-31
HT00863,677,固定期限,2025-11-07,2028-11-06,0,履行中,2025-10-26
HT00864,678,固定期限,2025-11-06,2026-02-17,0,已解除,2025-11-04
HT00865,679,固定期限,2025-11-12,2028-11-11,0,履行中,2025-11-09
HT00866,680,固定期限,2025-12-05,2028-12-04,0,履行中,2025-11-26
HT00867,681,劳务协议,2025-12-18,2026-12-18,0,履行中,2025-12-06
HT00868,682,固定期限,2025-12-08,2028-12-07,0,履行中,2025-12-01
HT00869,683,劳务协议,2025-12-17,2026-12-17,0,履行中,2025-12-06
HT00870,684,固定期限,2025-12-30,2028-12-29,0,履行中,2025-12-28
HT00871,685,固定期限,2025-12-24,2028-12-23,0,履行中,2025-12-22
HT00872,686,固定期限,2025-12-26,2028-12-25,0,履行中,2025-12-26
HT00873,687,固定期限,2025-12-15,2028-12-14,0,履行中,2025-12-10
HT00874,688,固定期限,2025-12-24,2028-12-23,0,履行中,2025-12-24
HT00875,689,固定期限,2025-12-04,2028-12-03,0,履行中,2025-11-27
HT00876,690,固定期限,2025-12-29,2028-12-28,0,履行中,2025-12-22
HT00877,691,固定期限,2026-01-23,2029-01-22,0,履行中,2026-01-22
HT00878,692,固定期限,2026-01-08,2029-01-07,0,履行中,2026-01-07
HT00879,693,固定期限,2026-01-20,2029-01-19,0,履行中,2026-01-11
HT00880,694,固定期限,2026-01-09,2029-01-08,0,履行中,2026-01-09
HT00881,695,实习协议,2026-01-29,2026-06-02,0,已解除,2026-01-23
HT00882,696,固定期限,2026-01-20,2029-01-19,0,履行中,2026-01-20
HT00883,697,固定期限,2026-01-14,2029-01-13,0,履行中,2026-01-14
HT00884,698,固定期限,2026-01-27,2029-01-26,0,履行中,2026-01-18
HT00885,699,固定期限,2026-02-26,2029-02-25,0,履行中,2026-02-21
HT00886,700,固定期限,2026-02-18,2029-02-17,0,履行中,2026-02-06
HT00887,701,固定期限,2026-02-09,2029-02-08,0,履行中,2026-02-03
HT00888,702,劳务协议,2026-02-27,2027-02-27,0,履行中,2026-02-13
HT00889,703,固定期限,2026-02-12,2029-02-11,0,履行中,2026-02-10
HT00890,704,固定期限,2026-03-23,2029-03-22,0,履行中,2026-03-10
HT00891,705,固定期限,2026-03-18,2029-03-17,0,履行中,2026-03-03
HT00892,706,实习协议,2026-03-17,2026-08-14,0,已解除,2026-03-14
HT00893,707,固定期限,2026-03-19,2029-03-18,0,履行中,2026-03-09
HT00894,708,固定期限,2026-03-24,2029-03-23,0,履行中,2026-03-13
HT00895,709,固定期限,2026-03-13,2029-03-12,0,履行中,2026-03-08
HT00896,710,固定期限,2026-03-03,2029-03-02,0,履行中,2026-02-24
HT00897,711,固定期限,2026-03-03,2029-03-02,0,履行中,2026-03-02
HT00898,712,固定期限,2026-03-09,2026-08-26,0,已解除,2026-03-07
HT00899,713,固定期限,2026-03-23,2029-03-22,0,履行中,2026-03-19
HT00900,714,固定期限,2026-03-18,2029-03-17,0,履行中,2026-03-05
HT00901,715,固定期限,2026-03-03,2029-03-02,0,履行中,2026-02-17
HT00902,716,固定期限,2026-03-24,2029-03-23,0,履行中,2026-03-23
HT00903,717,固定期限,2026-03-05,2029-03-04,0,履行中,2026-03-03
HT00904,718,固定期限,2026-03-06,2029-03-05,0,履行中,2026-03-02
HT00905,719,固定期限,2026-03-09,2029-03-08,0,履行中,2026-02-23
HT00906,720,固定期限,2026-03-13,2029-03-12,0,履行中,2026-02-26
HT00907,721,劳务协议,2026-03-26,2027-03-26,0,履行中,2026-03-26
HT00908,722,固定期限,2026-03-10,2029-03-09,0,履行中,2026-02-28
HT00909,723,固定期限,2026-03-12,2029-03-11,0,履行中,2026-02-25
HT00910,724,固定期限,2026-03-27,2029-03-26,0,履行中,2026-03-22
HT00911,725,固定期限,2026-03-04,2029-03-03,0,履行中,2026-02-27
HT00912,726,劳务协议,2026-03-09,2027-03-09,0,履行中,2026-03-03
HT00913,727,固定期限,2026-03-16,2029-03-15,0,履行中,2026-03-14
HT00914,728,固定期限,2026-04-01,2029-03-31,0,履行中,2026-03-26
HT00915,729,固定期限,2026-04-23,2029-04-22,0,履行中,2026-04-17
HT00916,730,固定期限,2026-04-24,2029-04-23,0,履行中,2026-04-09
HT00917,731,固定期限,2026-04-29,2029-04-28,0,履行中,2026-04-28
HT00918,732,固定期限,2026-04-02,2029-04-01,0,履行中,2026-03-29
HT00919,733,固定期限,2026-04-22,2029-04-21,0,履行中,2026-04-07
HT00920,734,固定期限,2026-04-20,2029-04-19,0,履行中,2026-04-17
HT00921,735,固定期限,2026-04-24,2029-04-23,0,履行中,2026-04-11
HT00922,736,固定期限,2026-04-17,2029-04-16,0,履行中,2026-04-14
HT00923,737,固定期限,2026-04-07,2026-05-18,0,已解除,2026-03-27
HT00924,738,固定期限,2026-04-28,2029-04-27,0,履行中,2026-04-25
HT00925,739,固定期限,2026-04-29,2029-04-28,0,履行中,2026-04-25
HT00926,740,固定期限,2026-04-22,2029-04-21,0,履行中,2026-04-19
HT00927,741,固定期限,2026-04-16,2029-04-15,0,履行中,2026-04-07
HT00928,742,固定期限,2026-04-13,2029-04-12,0,履行中,2026-03-29
HT00929,743,固定期限,2026-04-17,2029-04-16,0,履行中,2026-04-17
HT00930,744,劳务协议,2026-04-09,2026-07-23,0,已解除,2026-03-28
HT00931,745,固定期限,2026-04-22,2029-04-21,0,履行中,2026-04-07
HT00932,746,固定期限,2026-04-16,2029-04-15,0,履行中,2026-04-06
HT00933,747,固定期限,2026-05-14,2029-05-13,0,履行中,2026-05-04
HT00934,748,固定期限,2026-05-06,2029-05-05,0,履行中,2026-04-28
HT00935,749,劳务协议,2026-05-28,2027-05-28,0,履行中,2026-05-18
HT00936,750,固定期限,2026-05-01,2029-04-30,0,履行中,2026-04-30
HT00937,751,劳务协议,2026-05-19,2027-05-19,0,履行中,2026-05-06
HT00938,752,固定期限,2026-05-26,2029-05-25,0,履行中,2026-05-14
HT00939,753,固定期限,2026-05-08,2029-05-07,0,履行中,2026-05-01
HT00940,754,固定期限,2026-05-11,2029-05-10,0,履行中,2026-05-01
HT00941,755,固定期限,2026-05-12,2026-08-12,0,已解除,2026-05-09
HT00942,756,固定期限,2026-06-25,2029-06-24,0,履行中,2026-06-13
HT00943,757,固定期限,2026-06-05,2029-06-04,0,履行中,2026-05-21
HT00944,758,固定期限,2026-06-15,2029-06-14,0,履行中,2026-06-02
HT00945,759,固定期限,2026-06-16,2029-06-15,0,履行中,2026-06-12
HT00946,760,固定期限,2026-06-02,2029-06-01,0,履行中,2026-05-23
HT00947,761,固定期限,2026-06-23,2029-06-22,0,履行中,2026-06-09
HT00948,762,固定期限,2026-06-16,2029-06-15,0,履行中,2026-06-10
HT00949,763,固定期限,2026-06-12,2029-06-11,0,履行中,2026-06-04
HT00950,764,固定期限,2026-06-25,2029-06-24,0,履行中,2026-06-23
HT00951,765,固定期限,2026-06-22,2029-06-21,0,履行中,2026-06-18
HT00952,766,固定期限,2026-06-02,2029-06-01,0,履行中,2026-05-25
HT00953,767,固定期限,2026-07-07,2029-07-06,0,履行中,2026-07-04
HT00954,768,固定期限,2026-07-23,2029-07-22,0,履行中,2026-07-09
HT00955,769,实习协议,2026-07-14,2027-01-12,0,履行中,2026-07-09
HT00956,770,固定期限,2026-07-20,2029-07-19,0,履行中,2026-07-08
HT00957,771,固定期限,2026-07-14,2029-07-13,0,履行中,2026-07-06
HT00958,772,固定期限,2026-07-29,2029-07-28,0,履行中,2026-07-22
HT00959,773,劳务协议,2026-07-24,2027-07-24,0,履行中,2026-07-11
HT00960,774,固定期限,2026-07-29,2029-07-28,0,履行中,2026-07-17
HT00961,775,固定期限,2026-07-08,2029-07-07,0,履行中,2026-07-04
HT00962,776,固定期限,2026-07-31,2029-07-30,0,履行中,2026-07-26
HT00963,777,劳务协议,2026-07-14,2027-07-14,0,履行中,2026-07-14
HT00964,778,固定期限,2026-08-20,2029-08-19,0,履行中,2026-08-15
HT00965,779,固定期限,2026-08-26,2029-08-25,0,履行中,2026-08-26
HT00966,780,劳务协议,2026-08-20,2027-08-20,0,履行中,2026-08-16
HT00967,781,劳务协议,2026-08-10,2027-08-10,0,履行中,2026-08-01
HT00968,782,固定期限,2026-08-07,2029-08-06,0,履行中,2026-08-03
HT00969,783,固定期限,2026-08-26,2029-08-25,0,履行中,2026-08-22
HT00970,784,固定期限,2026-08-12,2029-08-11,0,履行中,2026-08-12
HT00971,785,实习协议,2026-08-18,2027-02-16,0,履行中,2026-08-09
HT00972,786,劳务协议,2026-08-17,2027-08-17,0,履行中,2026-08-13
