emp_id,interview_date,real_reason_category,satisfaction,would_recommend,comment
3,2026-06-25,工作文化,2.7,f,外部机会薪酬高出30%以上
8,2024-02-09,职业发展,2.7,t,直属上级管理风格是主要考虑因素
13,2023-04-25,家庭个人,4.3,f,直属上级管理风格是主要考虑因素
18,2023-10-26,薪酬福利,5.0,t,外部机会薪酬高出30%以上
20,2023-09-20,职业发展,3.4,t,工作强度长期偏高
24,2026-02-23,职业发展,3.7,t,直属上级管理风格是主要考虑因素
25,2025-01-10,职业发展,1,f,外部机会薪酬高出30%以上
26,2023-10-30,薪酬福利,2.0,f,认同公司文化，个人规划调整
29,2026-03-20,职业发展,3.9,f,直属上级管理风格是主要考虑因素
30,2024-05-02,工作文化,1.9,f,直属上级管理风格是主要考虑因素
33,2025-02-03,薪酬福利,2.9,f,晋升通道不透明，看不到发展空间
34,2025-05-06,职业发展,1.9,f,直属上级管理风格是主要考虑因素
43,2023-05-10,职业发展,2.2,t,晋升通道不透明，看不到发展空间
45,2023-08-25,职业发展,2.9,f,外部机会薪酬高出30%以上
46,2026-07-21,管理问题,3.8,t,直属上级管理风格是主要考虑因素
52,2025-01-03,管理问题,2.5,f,家庭原因需要回老家
55,2023-06-07,职业发展,3.3,f,认同公司文化，个人规划调整
56,2025-06-24,职业发展,3.6,t,晋升通道不透明，看不到发展空间
60,2025-03-24,健康,3.4,t,晋升通道不透明，看不到发展空间
61,2024-03-19,工作文化,2.3,f,认同公司文化，个人规划调整
68,2023-04-18,工作文化,3.4,f,家庭原因需要回老家
69,2023-06-26,工作文化,2.2,f,晋升通道不透明，看不到发展空间
77,2023-02-15,职业发展,2.0,f,外部机会薪酬高出30%以上
78,2024-01-30,薪酬福利,2.0,f,家庭原因需要回老家
81,2023-08-04,薪酬福利,3.3,t,外部机会薪酬高出30%以上
82,2025-04-18,家庭个人,3.3,t,认同公司文化，个人规划调整
88,2025-08-27,职业发展,3.1,t,晋升通道不透明，看不到发展空间
90,2023-07-04,职业发展,2.8,f,工作强度长期偏高
94,2023-05-25,健康,5,t,家庭原因需要回老家
95,2024-10-01,职业发展,2.0,f,认同公司文化，个人规划调整
96,2023-03-27,薪酬福利,2.1,f,认同公司文化，个人规划调整
107,2024-09-23,职业发展,1.9,f,外部机会薪酬高出30%以上
111,2026-01-27,薪酬福利,1.6,f,认同公司文化，个人规划调整
115,2025-06-16,管理问题,3.8,t,认同公司文化，个人规划调整
116,2024-11-08,职业发展,3.2,t,晋升通道不透明，看不到发展空间
119,2023-08-21,职业发展,3.9,t,直属上级管理风格是主要考虑因素
125,2024-01-01,职业发展,5,t,直属上级管理风格是主要考虑因素
126,2025-03-24,家庭个人,2.7,f,晋升通道不透明，看不到发展空间
127,2024-08-12,健康,2.5,f,工作强度长期偏高
130,2023-12-29,薪酬福利,4.0,f,认同公司文化，个人规划调整
131,2023-10-31,家庭个人,2.5,f,晋升通道不透明，看不到发展空间
140,2023-11-21,家庭个人,2.3,f,外部机会薪酬高出30%以上
145,2024-02-13,管理问题,3.3,f,晋升通道不透明，看不到发展空间
148,2024-12-17,管理问题,2.5,f,工作强度长期偏高
152,2023-01-26,薪酬福利,3.0,t,直属上级管理风格是主要考虑因素
154,2025-09-08,工作文化,2.7,f,外部机会薪酬高出30%以上
155,2023-07-04,薪酬福利,3.0,t,晋升通道不透明，看不到发展空间
159,2023-06-08,工作文化,1.5,f,直属上级管理风格是主要考虑因素
163,2023-08-09,薪酬福利,2.0,f,家庭原因需要回老家
170,2023-12-12,家庭个人,2.1,f,家庭原因需要回老家
171,2026-01-29,健康,4.4,t,认同公司文化，个人规划调整
172,2023-05-02,管理问题,2.2,f,晋升通道不透明，看不到发展空间
175,2023-11-01,健康,3.6,f,认同公司文化，个人规划调整
180,2025-12-17,职业发展,4.2,t,直属上级管理风格是主要考虑因素
182,2025-06-16,家庭个人,2.4,f,外部机会薪酬高出30%以上
185,2024-05-23,家庭个人,2.4,f,直属上级管理风格是主要考虑因素
187,2024-10-02,薪酬福利,1.0,f,工作强度长期偏高
189,2024-04-16,工作文化,3.6,t,认同公司文化，个人规划调整
196,2024-12-13,工作文化,4.7,t,家庭原因需要回老家
199,2024-07-04,薪酬福利,3.9,t,工作强度长期偏高
204,2023-04-14,薪酬福利,3.9,t,家庭原因需要回老家
205,2025-12-16,职业发展,2.8,f,认同公司文化，个人规划调整
213,2026-07-21,职业发展,2.7,t,家庭原因需要回老家
215,2025-10-07,薪酬福利,3.2,f,直属上级管理风格是主要考虑因素
219,2025-05-08,薪酬福利,2.7,f,认同公司文化，个人规划调整
222,2023-09-28,薪酬福利,3.5,t,直属上级管理风格是主要考虑因素
223,2023-10-16,健康,3.4,f,直属上级管理风格是主要考虑因素
224,2026-03-02,职业发展,2.0,t,认同公司文化，个人规划调整
229,2023-02-22,健康,1.2,f,工作强度长期偏高
232,2026-03-03,管理问题,3.2,t,直属上级管理风格是主要考虑因素
233,2023-12-01,薪酬福利,1.2,t,认同公司文化，个人规划调整
244,2023-04-14,工作文化,3.4,t,直属上级管理风格是主要考虑因素
247,2025-04-25,管理问题,3.3,f,外部机会薪酬高出30%以上
249,2023-02-21,薪酬福利,2.4,f,直属上级管理风格是主要考虑因素
251,2024-09-03,管理问题,5,f,工作强度长期偏高
254,2024-02-02,薪酬福利,3.6,t,晋升通道不透明，看不到发展空间
258,2024-09-03,薪酬福利,3.5,t,外部机会薪酬高出30%以上
260,2025-05-14,健康,3.6,f,直属上级管理风格是主要考虑因素
264,2026-06-26,健康,3.6,t,认同公司文化，个人规划调整
268,2026-06-19,健康,1.6,f,认同公司文化，个人规划调整
270,2024-10-21,职业发展,4.0,f,家庭原因需要回老家
274,2023-01-31,健康,2.0,t,直属上级管理风格是主要考虑因素
276,2023-07-12,管理问题,4.3,f,认同公司文化，个人规划调整
277,2023-07-07,薪酬福利,2.3,f,家庭原因需要回老家
286,2023-03-24,职业发展,3.6,f,外部机会薪酬高出30%以上
290,2023-05-30,薪酬福利,3.3,f,工作强度长期偏高
294,2023-06-19,薪酬福利,1.5,t,外部机会薪酬高出30%以上
296,2024-08-19,家庭个人,1.4,f,外部机会薪酬高出30%以上
300,2025-01-13,薪酬福利,3.1,f,工作强度长期偏高
301,2024-02-22,工作文化,2.5,f,外部机会薪酬高出30%以上
306,2024-07-19,薪酬福利,1.8,f,外部机会薪酬高出30%以上
314,2023-12-19,职业发展,3.5,t,认同公司文化，个人规划调整
318,2023-06-07,家庭个人,2.1,f,直属上级管理风格是主要考虑因素
321,2026-02-06,管理问题,2.7,f,直属上级管理风格是主要考虑因素
322,2024-04-03,职业发展,2.7,f,外部机会薪酬高出30%以上
324,2025-02-11,薪酬福利,1.7,f,工作强度长期偏高
329,2025-11-11,管理问题,1.4,f,直属上级管理风格是主要考虑因素
330,2025-01-20,薪酬福利,3.5,f,家庭原因需要回老家
332,2025-02-04,健康,2.9,f,外部机会薪酬高出30%以上
336,2023-09-22,家庭个人,3.3,t,晋升通道不透明，看不到发展空间
337,2023-09-27,薪酬福利,2.5,f,直属上级管理风格是主要考虑因素
339,2026-07-07,工作文化,5.0,t,晋升通道不透明，看不到发展空间
344,2024-06-05,管理问题,2.6,t,认同公司文化，个人规划调整
352,2025-10-23,薪酬福利,2.2,f,家庭原因需要回老家
359,2026-06-09,健康,3.6,t,直属上级管理风格是主要考虑因素
361,2024-12-16,管理问题,4.9,t,晋升通道不透明，看不到发展空间
364,2025-03-25,家庭个人,2.0,f,家庭原因需要回老家
369,2026-01-16,管理问题,2.0,f,家庭原因需要回老家
371,2024-08-29,健康,4.0,f,工作强度长期偏高
375,2024-11-15,薪酬福利,2.4,f,晋升通道不透明，看不到发展空间
376,2025-10-16,职业发展,1.8,t,家庭原因需要回老家
380,2025-07-09,职业发展,1.5,f,工作强度长期偏高
382,2024-07-04,薪酬福利,4.9,t,家庭原因需要回老家
385,2025-09-18,职业发展,3.9,t,直属上级管理风格是主要考虑因素
386,2025-08-29,家庭个人,3.4,f,外部机会薪酬高出30%以上
387,2024-03-11,管理问题,4.3,t,家庭原因需要回老家
388,2024-04-15,薪酬福利,1.9,t,晋升通道不透明，看不到发展空间
390,2024-03-26,管理问题,2.0,f,晋升通道不透明，看不到发展空间
391,2025-09-12,健康,3.3,t,认同公司文化，个人规划调整
393,2023-12-01,薪酬福利,1.2,f,直属上级管理风格是主要考虑因素
396,2024-07-02,职业发展,3.1,f,晋升通道不透明，看不到发展空间
397,2024-05-08,薪酬福利,3.8,t,工作强度长期偏高
399,2024-05-23,健康,3.6,t,直属上级管理风格是主要考虑因素
402,2025-09-30,职业发展,3.5,t,晋升通道不透明，看不到发展空间
404,2025-03-07,健康,1.0,t,外部机会薪酬高出30%以上
405,2024-07-30,家庭个人,2.5,f,外部机会薪酬高出30%以上
408,2024-02-21,工作文化,2.7,f,认同公司文化，个人规划调整
410,2026-03-11,职业发展,3.9,t,晋升通道不透明，看不到发展空间
416,2024-12-16,工作文化,2.8,f,外部机会薪酬高出30%以上
418,2024-05-31,健康,3.1,t,认同公司文化，个人规划调整
421,2024-07-01,薪酬福利,4.0,t,外部机会薪酬高出30%以上
424,2025-07-02,薪酬福利,3.7,f,晋升通道不透明，看不到发展空间
425,2024-12-19,薪酬福利,1.8,f,直属上级管理风格是主要考虑因素
427,2024-05-30,薪酬福利,3.4,f,晋升通道不透明，看不到发展空间
428,2025-03-17,工作文化,1.9,t,晋升通道不透明，看不到发展空间
436,2024-08-13,薪酬福利,2.5,f,认同公司文化，个人规划调整
438,2024-07-26,薪酬福利,2.1,f,家庭原因需要回老家
439,2026-04-14,薪酬福利,3.4,t,直属上级管理风格是主要考虑因素
444,2024-09-30,健康,3.7,t,认同公司文化，个人规划调整
446,2025-05-08,薪酬福利,2.5,t,直属上级管理风格是主要考虑因素
452,2025-07-17,职业发展,4.4,f,工作强度长期偏高
454,2025-01-07,管理问题,2.5,t,直属上级管理风格是主要考虑因素
463,2024-12-20,薪酬福利,4.7,t,外部机会薪酬高出30%以上
465,2024-12-02,职业发展,4.6,t,认同公司文化，个人规划调整
468,2025-03-24,家庭个人,1.8,f,认同公司文化，个人规划调整
475,2025-08-18,薪酬福利,2.8,f,家庭原因需要回老家
480,2025-07-01,健康,2.8,f,认同公司文化，个人规划调整
482,2025-01-10,健康,1,t,直属上级管理风格是主要考虑因素
484,2025-07-30,职业发展,3.9,f,直属上级管理风格是主要考虑因素
485,2024-08-14,职业发展,3.7,t,认同公司文化，个人规划调整
488,2025-04-29,薪酬福利,2.9,f,直属上级管理风格是主要考虑因素
495,2025-03-07,职业发展,2.3,f,直属上级管理风格是主要考虑因素
500,2025-05-05,家庭个人,4.2,t,外部机会薪酬高出30%以上
501,2024-10-07,家庭个人,2.4,t,直属上级管理风格是主要考虑因素
506,2025-05-23,职业发展,2.6,t,认同公司文化，个人规划调整
518,2025-03-20,薪酬福利,2.7,f,晋升通道不透明，看不到发展空间
520,2025-02-19,家庭个人,1.1,f,家庭原因需要回老家
521,2025-05-08,薪酬福利,3.4,t,认同公司文化，个人规划调整
523,2025-03-31,职业发展,1.1,t,直属上级管理风格是主要考虑因素
524,2025-04-02,职业发展,3.0,t,家庭原因需要回老家
525,2024-12-25,薪酬福利,3.0,t,家庭原因需要回老家
530,2024-12-02,职业发展,4.0,t,工作强度长期偏高
531,2025-05-27,薪酬福利,3.8,t,外部机会薪酬高出30%以上
534,2025-05-07,薪酬福利,2.1,f,直属上级管理风格是主要考虑因素
535,2026-07-24,职业发展,2.9,t,直属上级管理风格是主要考虑因素
539,2026-01-16,职业发展,2.7,t,家庭原因需要回老家
540,2025-07-28,管理问题,2.5,f,直属上级管理风格是主要考虑因素
545,2026-01-15,职业发展,2.9,f,晋升通道不透明，看不到发展空间
555,2026-03-19,薪酬福利,3.5,f,直属上级管理风格是主要考虑因素
561,2026-06-19,薪酬福利,2.7,t,家庭原因需要回老家
564,2025-07-22,职业发展,2.0,f,晋升通道不透明，看不到发展空间
570,2025-08-04,管理问题,3.8,f,直属上级管理风格是主要考虑因素
571,2025-07-03,健康,2.6,t,工作强度长期偏高
572,2025-12-18,职业发展,1,t,晋升通道不透明，看不到发展空间
573,2026-07-22,家庭个人,3.1,t,外部机会薪酬高出30%以上
577,2025-08-21,职业发展,3.2,t,晋升通道不透明，看不到发展空间
587,2025-09-04,薪酬福利,1.8,f,晋升通道不透明，看不到发展空间
588,2025-11-03,家庭个人,3.4,t,工作强度长期偏高
589,2026-01-30,管理问题,3.7,f,外部机会薪酬高出30%以上
594,2026-05-19,家庭个人,3.5,t,家庭原因需要回老家
612,2025-11-27,工作文化,2.7,f,直属上级管理风格是主要考虑因素
613,2025-08-22,职业发展,2.5,f,直属上级管理风格是主要考虑因素
615,2026-03-26,职业发展,3.0,f,工作强度长期偏高
618,2025-12-19,管理问题,1,t,直属上级管理风格是主要考虑因素
629,2026-04-14,薪酬福利,2.1,f,晋升通道不透明，看不到发展空间
645,2026-03-31,管理问题,1.6,f,直属上级管理风格是主要考虑因素
652,2025-12-25,薪酬福利,3.6,f,认同公司文化，个人规划调整
654,2026-07-16,健康,3.3,t,认同公司文化，个人规划调整
659,2026-03-25,职业发展,3.0,t,直属上级管理风格是主要考虑因素
667,2026-08-11,薪酬福利,2.9,f,晋升通道不透明，看不到发展空间
675,2026-07-13,健康,2.8,t,工作强度长期偏高
676,2026-04-17,管理问题,3.4,t,家庭原因需要回老家
695,2026-06-02,薪酬福利,2.4,f,认同公司文化，个人规划调整
706,2026-08-11,职业发展,3.7,f,直属上级管理风格是主要考虑因素
712,2026-08-21,薪酬福利,3.3,f,工作强度长期偏高
737,2026-05-13,工作文化,2.3,f,认同公司文化，个人规划调整
