emp_id,promo_date,from_level,to_level,from_title,to_title,salary_before,salary_after,reason
226,2023-03-14,初级,中级,运维工程师,运维工程师,9600.0,12100.0,继任就任
127,2023-03-15,初级,中级,销售运营,销售运营,8400.0,11000.0,年度晋升
33,2023-03-31,初级,中级,销售代表,销售代表,10200.0,12800.0,年度晋升
258,2023-03-31,中级,高级,测试工程师,高级测试工程师,19200.0,23800.0,年度晋升
233,2023-03-21,初级,中级,内容运营,内容运营,9400.0,11400.0,年度晋升
65,2023-03-24,中级,高级,内容运营,高级内容运营,17700.0,23000.0,年度晋升
215,2023-03-03,高级,专家,销售运营,销售运营,23000.0,27100.0,年度晋升
222,2023-03-03,中级,高级,内容运营,高级内容运营,18500.0,23400.0,年度晋升
65,2024-03-25,中级,高级,内容运营,高级内容运营,18200.0,22900.0,年度晋升
24,2024-03-12,中级,高级,UI设计师,高级UI设计师,15400.0,18500.0,年度晋升
230,2024-03-25,中级,高级,算法工程师,高级算法工程师,21800.0,28600.0,破格晋升
266,2024-03-05,初级,中级,税务专员,税务专员,10900.0,13700.0,年度晋升
240,2024-03-14,初级,中级,UI设计师,UI设计师,11600.0,14800.0,继任就任
33,2024-03-19,初级,中级,销售代表,销售代表,10500.0,12800.0,年度晋升
40,2024-03-26,高级,专家,渠道经理,渠道经理,24800.0,29900.0,年度晋升
53,2024-03-29,初级,中级,质检专员,质检专员,6000.0,7100.0,破格晋升
253,2024-03-25,初级,中级,算法工程师,算法工程师,12200.0,16000.0,年度晋升
186,2024-03-22,中级,高级,销售代表,高级销售代表,15200.0,18600.0,年度晋升
196,2024-03-19,中级,高级,用户运营,高级用户运营,14700.0,18600.0,年度晋升
237,2024-03-07,初级,中级,渠道经理,渠道经理,11200.0,13900.0,年度晋升
262,2025-03-03,高级,专家,架构师,架构师,33500.0,42100.0,年度晋升
281,2025-03-06,初级,中级,财务分析师,财务分析师,10500.0,12500.0,年度晋升
366,2025-03-28,高级,专家,运维工程师,运维工程师,36700.0,47200.0,年度晋升
308,2025-03-05,高级,专家,大客户经理,大客户经理,23000.0,29200.0,年度晋升
24,2025-03-31,中级,高级,UI设计师,高级UI设计师,15900.0,19100.0,年度晋升
103,2025-03-14,初级,中级,高级软件工程师,高级软件工程师,13300.0,16700.0,破格晋升
178,2025-03-06,中级,高级,大客户经理,高级大客户经理,16900.0,20800.0,年度晋升
208,2025-03-25,初级,中级,质检专员,质检专员,7900.0,10200.0,年度晋升
218,2025-03-04,初级,中级,内容运营,内容运营,10500.0,13200.0,年度晋升
132,2025-03-04,初级,中级,架构师,架构师,13900.0,18100.0,年度晋升
232,2025-03-21,初级,中级,高级软件工程师,高级软件工程师,15000.0,18400.0,年度晋升
357,2025-03-28,初级,中级,架构师,架构师,9700.0,12400.0,继任就任
162,2025-03-06,初级,中级,高级软件工程师,高级软件工程师,11900.0,14600.0,年度晋升
345,2025-03-07,初级,中级,测试工程师,测试工程师,17300.0,20700.0,年度晋升
242,2025-03-19,高级,专家,运营专员,运营专员,24700.0,31700.0,年度晋升
245,2025-03-18,初级,中级,算法工程师,算法工程师,13000.0,15600.0,破格晋升
67,2025-03-14,初级,中级,算法工程师,算法工程师,16200.0,19500.0,年度晋升
395,2026-03-24,中级,高级,销售运营,高级销售运营,14600.0,18900.0,年度晋升
73,2026-03-11,中级,高级,质检专员,高级质检专员,15100.0,18400.0,破格晋升
143,2026-03-11,中级,高级,薪酬绩效专员,高级薪酬绩效专员,19900.0,23900.0,年度晋升
15,2026-03-25,初级,中级,测试工程师,测试工程师,11900.0,14500.0,继任就任
47,2026-03-10,初级,中级,高级软件工程师,高级软件工程师,10300.0,12300.0,年度晋升
288,2026-03-30,高级,专家,销售运营,销售运营,25600.0,33300.0,年度晋升
226,2026-03-23,初级,中级,运维工程师,运维工程师,10500.0,13300.0,继任就任
151,2026-03-20,初级,中级,大客户经理,大客户经理,11800.0,14700.0,继任就任
461,2026-03-12,中级,高级,算法工程师,高级算法工程师,18600.0,24200.0,年度晋升
490,2026-03-13,初级,中级,税务专员,税务专员,11900.0,14500.0,破格晋升
358,2026-03-10,初级,中级,架构师,架构师,14500.0,18500.0,年度晋升
498,2026-03-26,高级,专家,HRBP,HRBP,25400.0,33200.0,年度晋升
209,2026-03-19,初级,中级,高级软件工程师,高级软件工程师,12800.0,16700.0,年度晋升
174,2026-03-18,初级,中级,销售代表,销售代表,11000.0,13100.0,继任就任
99,2026-03-04,高级,专家,渠道经理,渠道经理,21500.0,25700.0,年度晋升
181,2026-03-10,初级,中级,数据分析师,数据分析师,13000.0,15400.0,年度晋升
193,2026-03-25,初级,中级,客服代表,客服代表,7000.0,8700.0,年度晋升
79,2026-03-18,高级,专家,销售运营,销售运营,23100.0,27300.0,年度晋升
267,2026-03-18,中级,高级,客服代表,高级客服代表,11000.0,13600.0,年度晋升
93,2026-03-09,高级,专家,算法工程师,算法工程师,37700.0,47300.0,年度晋升
