emp_id,emp_no,name,gender,birth_date,hire_date,dept_id,job_title,job_level,employment_type,status,base_salary,manager_id,work_city,email,phone,education,termination_date,termination_reason,is_voluntary
1,EMP0001,林涛,男,1978-06-01,2020-06-01,9,总经理,副总裁,全职,在职,93800.0,,北京,emp0001@xingchen-tech.com,1368040250,硕士,,,
2,EMP0002,林芳,女,1974-09-10,2020-09-10,1,技术总监,总监,全职,在职,72700.0,1,北京,emp0002@xingchen-tech.com,1563193008,硕士,,,
3,EMP0003,罗佳怡,女,1984-06-23,2020-06-23,1,技术总监,总监,全职,离职,69300.0,1,北京,emp0003@xingchen-tech.com,1857022021,硕士,2026-07-01,薪酬原因,t
4,EMP0004,苏思远,男,1976-12-04,2020-12-04,2,产品总监,总监,全职,在职,61600.0,1,上海,emp0004@xingchen-tech.com,1361713965,硕士,,,
5,EMP0005,陈杰,男,1986-06-29,2020-06-29,3,运营总监,总监,全职,在职,66400.0,1,北京,emp0005@xingchen-tech.com,1824861175,硕士,,,
6,EMP0006,吴梦琪,女,1976-01-06,2021-01-06,5,销售总监,总监,全职,在职,49400.0,1,上海,emp0006@xingchen-tech.com,1381165354,硕士,,,
7,EMP0007,魏欣怡,女,1988-03-11,2021-03-11,5,市场总监,总监,全职,在职,48500.0,1,远程,emp0007@xingchen-tech.com,1814498251,博士,,,
8,EMP0008,徐欣怡,女,1981-10-31,2020-10-31,6,客服总监,总监,全职,离职,38400.0,1,成都,emp0008@xingchen-tech.com,1354139822,硕士,2024-02-15,个人原因,t
9,EMP0009,董建国,男,1972-07-11,2020-07-11,7,人事总监,总监,全职,在职,44900.0,1,北京,emp0009@xingchen-tech.com,1991569976,硕士,,,
10,EMP0010,邓静,女,1976-12-22,2020-12-22,8,财务总监,总监,全职,在职,40500.0,1,杭州,emp0010@xingchen-tech.com,1335220629,博士,,,
11,EMP0011,马军,男,1987-10-11,2021-10-11,1,算法工程师,初级,全职,在职,10900.0,2,上海,emp0011@xingchen-tech.com,1934806607,硕士,,,
12,EMP0012,潘军,男,1981-10-22,2020-10-22,1,运维工程师,初级,外包,在职,11200.0,3,北京,emp0012@xingchen-tech.com,1399814240,本科,,,
13,EMP0013,董娟,女,1995-08-12,2022-08-12,1,运维工程师,高级,全职,离职,34200.0,2,上海,emp0013@xingchen-tech.com,1304950580,本科,2023-04-25,合同到期,f
14,EMP0014,朱思琪,女,1993-01-14,2022-01-14,2,高级产品经理,专家,实习,离职,48200.0,4,北京,emp0014@xingchen-tech.com,1521649906,硕士,2023-07-25,实习结束,t
15,EMP0015,余佳怡,女,1998-10-14,2020-10-14,1,测试工程师,初级,全职,在职,12100.0,3,杭州,emp0015@xingchen-tech.com,1891828712,本科,,,
16,EMP0016,吴子轩,男,1992-10-14,2021-10-14,4,测试工程师,中级,全职,在职,26400.0,2,北京,emp0016@xingchen-tech.com,1575400895,硕士,,,
17,EMP0017,潘莹,女,1994-12-08,2022-12-08,2,产品运营,初级,全职,在职,14600.0,4,上海,emp0017@xingchen-tech.com,1592171419,硕士,,,
18,EMP0018,曹刚,男,1979-03-01,2021-03-01,6,客服代表,高级,全职,离职,15400.0,8,成都,emp0018@xingchen-tech.com,1526320735,硕士,2023-10-31,家庭原因,t
19,EMP0019,蒋梦琪,女,1991-11-30,2020-11-30,7,招聘专员,初级,全职,在职,8200.0,9,深圳,emp0019@xingchen-tech.com,1527095776,本科,,,
20,EMP0020,潘丽,女,1995-04-11,2022-04-11,7,薪酬绩效专员,高级,全职,离职,23400.0,9,北京,emp0020@xingchen-tech.com,1969635024,硕士,2023-09-26,个人原因,t
21,EMP0021,梁敏,女,1987-09-28,2021-09-28,3,用户运营,中级,全职,在职,21800.0,5,北京,emp0021@xingchen-tech.com,1562102480,本科,,,
22,EMP0022,田俊,男,1992-02-05,2021-02-05,5,市场分析师,初级,实习,离职,8800.0,7,上海,emp0022@xingchen-tech.com,1591145537,本科,2023-01-24,实习结束,t
23,EMP0023,杜涛,男,1983-10-31,2022-10-31,6,客服代表,中级,全职,在职,12900.0,8,深圳,emp0023@xingchen-tech.com,1372380131,本科,,,
24,EMP0024,唐帆,男,1975-08-03,2020-08-03,3,UI设计师,中级,全职,离职,16600.0,4,北京,emp0024@xingchen-tech.com,1823885778,本科,2026-02-25,业绩不达标,f
25,EMP0025,蔡晓燕,女,1979-04-27,2022-04-27,2,产品运营,初级,实习,离职,13600.0,4,北京,emp0025@xingchen-tech.com,1361403237,本科,2025-01-10,实习结束,t
26,EMP0026,郭杰,男,1992-07-08,2022-07-08,1,软件工程师,初级,全职,离职,15900.0,2,北京,emp0026@xingchen-tech.com,1524194236,博士,2023-10-31,业绩不达标,f
27,EMP0027,黄俊杰,男,1998-01-14,2022-01-14,5,内容运营,初级,全职,在职,12200.0,7,上海,emp0027@xingchen-tech.com,1375056060,本科,,,
28,EMP0028,董诗涵,女,1995-11-30,2022-11-30,1,算法工程师,专家,全职,在职,34700.0,3,成都,emp0028@xingchen-tech.com,1985329247,硕士,,,
29,EMP0029,王宇,男,1996-12-04,2020-12-04,1,测试工程师,中级,全职,离职,18700.0,3,成都,emp0029@xingchen-tech.com,1324524740,本科,2026-03-20,组织调整,f
30,EMP0030,胡静,女,1997-09-28,2021-09-28,4,销售运营,初级,全职,离职,11300.0,6,上海,emp0030@xingchen-tech.com,1815712479,本科,2024-05-07,组织调整,f
31,EMP0031,苏洋,男,1997-01-19,2021-01-19,8,出纳,高级,全职,在职,27200.0,10,北京,emp0031@xingchen-tech.com,1910243928,本科,,,
32,EMP0032,蒋建华,男,1983-11-03,2020-11-03,2,产品经理,初级,全职,离职,13300.0,4,北京,emp0032@xingchen-tech.com,1944893667,硕士,2023-12-28,个人原因,t
33,EMP0033,胡波,男,1999-02-01,2021-02-01,1,销售代表,初级,全职,离职,11300.0,6,上海,emp0033@xingchen-tech.com,1902275811,本科,2025-02-06,深造学习,t
34,EMP0034,苏玉,女,1975-11-17,2020-11-17,7,HR专员,高级,全职,离职,29800.0,9,北京,emp0034@xingchen-tech.com,1945876026,硕士,2025-05-07,职业发展,t
35,EMP0035,蔡明,男,1992-01-12,2022-01-12,8,出纳,中级,全职,在职,15700.0,10,杭州,emp0035@xingchen-tech.com,1994431144,本科,,,
36,EMP0036,韩强,男,1979-04-19,2021-04-19,6,客服主管,中级,全职,在职,13700.0,8,北京,emp0036@xingchen-tech.com,1864402128,本科,,,
37,EMP0037,周帆,男,1998-11-10,2020-11-10,8,财务分析师,中级,全职,离职,20300.0,10,北京,emp0037@xingchen-tech.com,1852892539,本科,2024-05-09,个人原因,t
38,EMP0038,周俊,男,1993-08-16,2022-08-16,6,客服主管,初级,全职,在职,7000.0,8,成都,emp0038@xingchen-tech.com,1837398923,硕士,,,
39,EMP0039,梁静,女,1988-12-23,2022-12-23,1,算法工程师,中级,兼职,离职,25500.0,3,北京,emp0039@xingchen-tech.com,1909018907,本科,2023-05-18,业绩不达标,f
40,EMP0040,罗琳,女,1993-04-21,2021-04-21,4,渠道经理,高级,全职,离职,26700.0,6,上海,emp0040@xingchen-tech.com,1997711203,本科,2026-05-25,薪酬原因,t
41,EMP0041,胡俊,男,1987-12-02,2020-12-02,2,UI设计师,初级,全职,在职,13400.0,4,北京,emp0041@xingchen-tech.com,1920896143,本科,,,
42,EMP0042,苏慧,女,1992-12-21,2020-12-21,4,销售运营,中级,全职,在职,13600.0,6,上海,emp0042@xingchen-tech.com,1925670649,本科,,,
43,EMP0043,邓娟,女,1986-02-12,2021-02-12,4,大客户经理,初级,全职,离职,9100.0,6,远程,emp0043@xingchen-tech.com,1502711595,硕士,2023-05-10,个人原因,t
44,EMP0044,魏雅静,女,1986-03-30,2021-03-30,1,运维工程师,高级,兼职,在职,35100.0,3,北京,emp0044@xingchen-tech.com,1998370546,硕士,,,
45,EMP0045,曹思远,男,1980-01-26,2021-01-26,6,客服代表,专家,全职,离职,34800.0,8,上海,emp0045@xingchen-tech.com,1910091253,本科,2023-08-30,家庭原因,t
46,EMP0046,郭婷,女,1994-09-10,2020-09-10,4,渠道经理,中级,全职,离职,14100.0,6,上海,emp0046@xingchen-tech.com,1859331184,本科,2026-07-23,个人原因,t
47,EMP0047,周海燕,女,2000-08-15,2022-08-15,1,高级软件工程师,初级,全职,在职,10400.0,2,上海,emp0047@xingchen-tech.com,1595718137,本科,,,
48,EMP0048,肖涛,男,1994-08-06,2021-08-06,4,算法工程师,初级,全职,离职,16600.0,2,北京,emp0048@xingchen-tech.com,1379636098,本科,2025-10-08,合同到期,f
49,EMP0049,郑健,男,1996-12-08,2022-12-08,3,运营专员,高级,全职,在职,24000.0,5,成都,emp0049@xingchen-tech.com,1846078677,本科,,,
50,EMP0050,彭磊,男,1999-07-14,2021-07-14,6,客服主管,中级,全职,离职,9400.0,8,成都,emp0050@xingchen-tech.com,1300785553,本科,2025-11-24,个人原因,t
51,EMP0051,彭涛,男,1998-06-09,2022-06-09,6,客服主管,专家,全职,离职,27400.0,8,成都,emp0051@xingchen-tech.com,1883758898,硕士,2023-01-06,个人原因,t
52,EMP0052,袁浩然,男,1980-06-30,2020-06-30,4,销售运营,中级,外包,离职,16000.0,6,上海,emp0052@xingchen-tech.com,1579053413,本科,2025-01-09,薪酬原因,t
53,EMP0053,肖静,女,1988-07-21,2020-07-21,6,质检专员,初级,全职,在职,6400.0,8,成都,emp0053@xingchen-tech.com,1326460350,本科,,,
54,EMP0054,程建华,男,1993-10-01,2020-10-01,6,内容运营,高级,全职,在职,18700.0,7,成都,emp0054@xingchen-tech.com,1980098557,本科,,,
55,EMP0055,田敏,女,1997-08-30,2022-08-30,2,高级产品经理,专家,全职,离职,42900.0,4,北京,emp0055@xingchen-tech.com,1872706517,本科,2023-06-12,健康原因,t
56,EMP0056,蔡雪莲,女,1992-11-25,2020-11-25,1,高级软件工程师,初级,全职,离职,15000.0,3,北京,emp0056@xingchen-tech.com,1886104320,本科,2025-06-25,家庭原因,t
57,EMP0057,张俊,男,1987-09-30,2022-09-30,3,数据分析师,初级,全职,在职,14200.0,5,北京,emp0057@xingchen-tech.com,1534101837,本科,,,
58,EMP0058,蒋强,男,1980-11-19,2021-11-19,1,运维工程师,中级,全职,在职,24800.0,2,北京,emp0058@xingchen-tech.com,1800627698,本科,,,
59,EMP0059,魏梦琪,女,2000-01-31,2022-01-31,7,培训专员,初级,全职,在职,8100.0,9,深圳,emp0059@xingchen-tech.com,1950393719,本科,,,
60,EMP0060,徐娜,女,1981-10-04,2022-10-04,6,质检专员,初级,全职,离职,7900.0,8,成都,emp0060@xingchen-tech.com,1570379677,本科,2025-03-27,健康原因,t
61,EMP0061,肖梦琪,女,1977-12-13,2022-12-13,1,运维工程师,高级,全职,离职,27700.0,2,杭州,emp0061@xingchen-tech.com,1588126851,硕士,2024-03-22,职业发展,t
62,EMP0062,李明,男,1985-12-15,2022-12-15,1,测试工程师,高级,外包,离职,27000.0,3,上海,emp0062@xingchen-tech.com,1829309867,本科,2023-06-20,薪酬原因,t
63,EMP0063,潘雅静,女,1986-07-18,2022-07-18,7,HRBP,中级,外包,在职,18200.0,9,北京,emp0063@xingchen-tech.com,1912304741,硕士,,,
64,EMP0064,宋磊,男,1990-03-26,2021-03-26,4,大客户经理,中级,全职,在职,19500.0,6,上海,emp0064@xingchen-tech.com,1334692073,硕士,,,
65,EMP0065,杜勇,男,1982-10-15,2020-10-15,5,内容运营,中级,全职,在职,19600.0,7,上海,emp0065@xingchen-tech.com,1379027833,本科,,,
66,EMP0066,邓玉,女,1999-06-01,2021-06-01,1,高级软件工程师,高级,全职,在职,31500.0,3,北京,emp0066@xingchen-tech.com,1544958706,硕士,,,
67,EMP0067,谢晨,男,1995-03-30,2021-03-30,1,算法工程师,初级,全职,在职,16900.0,3,北京,emp0067@xingchen-tech.com,1867064571,大专,,,
68,EMP0068,邓建国,男,1989-03-23,2022-03-23,1,架构师,初级,全职,离职,11300.0,3,北京,emp0068@xingchen-tech.com,1553621743,本科,2023-04-19,薪酬原因,t
69,EMP0069,邓磊,男,1997-02-17,2022-02-17,5,品牌经理,中级,外包,离职,19600.0,7,上海,emp0069@xingchen-tech.com,1867522177,本科,2023-06-29,合同到期,f
70,EMP0070,吴晨,男,1991-10-21,2020-10-21,3,用户运营,初级,兼职,在职,14100.0,5,北京,emp0070@xingchen-tech.com,1339757809,本科,,,
71,EMP0071,刘静,女,1996-11-17,2022-11-17,3,用户运营,中级,实习,离职,19600.0,5,北京,emp0071@xingchen-tech.com,1813739882,本科,2023-09-22,实习结束,t
72,EMP0072,梁晓东,男,1997-09-04,2020-09-04,1,数据工程师,初级,实习,离职,13300.0,3,远程,emp0072@xingchen-tech.com,1380065674,本科,2023-03-15,实习结束,t
73,EMP0073,韩帆,男,1993-04-06,2021-04-06,6,质检专员,中级,全职,在职,15300.0,8,北京,emp0073@xingchen-tech.com,1863778913,本科,,,
74,EMP0074,徐晓东,男,1979-02-09,2021-02-09,1,运维工程师,初级,外包,在职,12800.0,2,北京,emp0074@xingchen-tech.com,1811948403,本科,,,
75,EMP0075,何志强,男,1993-03-16,2021-03-16,1,软件工程师,初级,全职,在职,13100.0,2,北京,emp0075@xingchen-tech.com,1934515057,本科,,,
76,EMP0076,张丽,女,1996-08-23,2022-08-23,1,测试工程师,初级,全职,在职,15200.0,3,北京,emp0076@xingchen-tech.com,1951819336,硕士,,,
77,EMP0077,高雅静,女,1997-05-27,2022-05-27,3,活动策划,中级,全职,离职,22200.0,5,北京,emp0077@xingchen-tech.com,1352695204,本科,2023-02-21,职业发展,t
78,EMP0078,余思远,男,2000-05-19,2022-05-19,1,软件工程师,中级,全职,离职,18900.0,3,杭州,emp0078@xingchen-tech.com,1375594394,本科,2024-02-02,个人原因,t
79,EMP0079,苏俊杰,男,1999-02-15,2022-02-15,4,销售运营,高级,全职,在职,23400.0,6,深圳,emp0079@xingchen-tech.com,1939721639,硕士,,,
80,EMP0080,潘俊杰,男,1986-08-20,2020-08-20,2,算法工程师,初级,全职,在职,12500.0,2,北京,emp0080@xingchen-tech.com,1365265604,本科,,,
81,EMP0081,杨佳怡,女,1989-07-22,2021-07-22,4,大客户经理,初级,全职,离职,10700.0,6,上海,emp0081@xingchen-tech.com,1391819934,硕士,2023-08-10,薪酬原因,t
82,EMP0082,吴文博,男,1979-02-08,2022-02-08,1,质检专员,初级,外包,离职,6900.0,8,成都,emp0082@xingchen-tech.com,1811142177,本科,2025-04-22,职业发展,t
83,EMP0083,王斌,男,1999-08-12,2021-08-12,2,运维工程师,高级,实习,离职,31900.0,3,北京,emp0083@xingchen-tech.com,1979370660,本科,2023-02-27,实习结束,t
84,EMP0084,蒋刚,男,2000-07-29,2022-07-29,4,算法工程师,中级,全职,离职,21600.0,3,北京,emp0084@xingchen-tech.com,1978876575,本科,2024-12-05,职业发展,t
85,EMP0085,赵浩然,男,1992-09-27,2022-09-27,1,软件工程师,中级,全职,在职,19800.0,2,北京,emp0085@xingchen-tech.com,1905845404,硕士,,,
86,EMP0086,彭强,男,1991-01-14,2022-01-14,2,高级产品经理,高级,全职,在职,28200.0,4,北京,emp0086@xingchen-tech.com,1577964938,博士,,,
87,EMP0087,胡芳,女,1982-10-15,2020-10-15,1,架构师,专家,全职,在职,53500.0,2,北京,emp0087@xingchen-tech.com,1847432411,硕士,,,
88,EMP0088,吕娟,女,2000-07-25,2022-07-25,1,数据工程师,中级,全职,离职,20200.0,3,北京,emp0088@xingchen-tech.com,1342280528,硕士,2025-08-29,个人原因,t
89,EMP0089,蔡天宇,男,1998-01-29,2021-01-29,4,销售运营,高级,全职,离职,26700.0,6,上海,emp0089@xingchen-tech.com,1564499673,本科,2023-11-28,个人原因,t
90,EMP0090,潘宇,男,1983-09-28,2021-09-28,1,数据工程师,初级,兼职,离职,11700.0,2,北京,emp0090@xingchen-tech.com,1523043580,本科,2023-07-10,个人原因,t
91,EMP0091,赵雅静,女,1997-04-19,2022-04-19,8,质检专员,初级,全职,在职,8400.0,8,成都,emp0091@xingchen-tech.com,1996732324,本科,,,
92,EMP0092,胡志强,男,1980-09-21,2021-09-21,1,运维工程师,中级,全职,在职,19300.0,3,北京,emp0092@xingchen-tech.com,1855721252,本科,,,
93,EMP0093,董子轩,男,1999-06-28,2022-06-28,1,算法工程师,高级,全职,在职,38200.0,2,北京,emp0093@xingchen-tech.com,1380800160,本科,,,
94,EMP0094,罗伟,男,2000-04-07,2022-04-07,3,活动策划,初级,全职,离职,12100.0,5,北京,emp0094@xingchen-tech.com,1989101158,本科,2023-05-29,个人原因,t
95,EMP0095,张磊,男,1991-12-31,2021-12-31,1,运维工程师,专家,外包,离职,47200.0,2,北京,emp0095@xingchen-tech.com,1950014475,硕士,2024-10-04,健康原因,t
96,EMP0096,袁思琪,女,1986-05-10,2022-05-10,6,客服代表,高级,外包,离职,15800.0,8,远程,emp0096@xingchen-tech.com,1802188925,硕士,2023-03-31,个人原因,t
97,EMP0097,陈颖,女,1988-07-14,2022-07-14,4,渠道经理,中级,全职,在职,17300.0,6,上海,emp0097@xingchen-tech.com,1993674253,本科,,,
98,EMP0098,宋静,女,1999-02-08,2021-02-08,1,架构师,中级,全职,在职,18900.0,2,北京,emp0098@xingchen-tech.com,1847104551,本科,,,
99,EMP0099,唐勇,男,1977-03-26,2021-03-26,4,渠道经理,高级,全职,在职,21800.0,6,上海,emp0099@xingchen-tech.com,1821122739,硕士,,,
100,EMP0100,叶晨,男,1996-04-08,2021-04-08,4,销售代表,初级,全职,在职,8700.0,6,上海,emp0100@xingchen-tech.com,1866413376,博士,,,
101,EMP0101,曹俊杰,男,1976-07-08,2021-07-08,1,架构师,初级,全职,在职,11600.0,3,上海,emp0101@xingchen-tech.com,1880876132,本科,,,
102,EMP0102,蒋佳怡,女,1988-10-04,2021-10-04,6,质检专员,初级,全职,在职,10300.0,8,深圳,emp0102@xingchen-tech.com,1376360963,硕士,,,
103,EMP0103,蔡晓雯,女,1995-11-05,2021-11-05,1,高级软件工程师,初级,全职,在职,13900.0,2,北京,emp0103@xingchen-tech.com,1894290873,本科,,,
104,EMP0104,叶静,女,1996-08-23,2021-08-23,3,运营专员,初级,外包,在职,13000.0,5,北京,emp0104@xingchen-tech.com,1597553447,本科,,,
105,EMP0105,陈凯,男,1996-11-22,2022-11-22,4,销售代表,中级,全职,在职,14100.0,6,上海,emp0105@xingchen-tech.com,1531164933,本科,,,
106,EMP0106,赵琳,女,1980-11-24,2020-11-24,1,数据工程师,高级,全职,离职,31100.0,2,北京,emp0106@xingchen-tech.com,1531355445,博士,2023-10-27,个人原因,t
107,EMP0107,唐浩,男,1984-12-09,2020-12-09,4,大客户经理,中级,全职,离职,16700.0,6,上海,emp0107@xingchen-tech.com,1944741572,大专,2024-09-26,深造学习,t
108,EMP0108,宋欣怡,女,1997-07-01,2022-07-01,3,活动策划,初级,全职,在职,13800.0,5,北京,emp0108@xingchen-tech.com,1374247628,大专,,,
109,EMP0109,吕海燕,女,1994-11-04,2022-11-04,1,运维工程师,高级,全职,在职,34600.0,3,北京,emp0109@xingchen-tech.com,1567885551,博士,,,
110,EMP0110,叶丽,女,1994-11-09,2021-11-09,1,架构师,初级,兼职,在职,12900.0,3,杭州,emp0110@xingchen-tech.com,1527876452,本科,,,
111,EMP0111,杨志强,男,1989-09-04,2020-09-04,1,架构师,高级,全职,离职,38300.0,2,北京,emp0111@xingchen-tech.com,1887398432,硕士,2026-02-02,职业发展,t
112,EMP0112,冯杰,男,2000-07-21,2022-07-21,4,销售运营,中级,全职,在职,19800.0,6,上海,emp0112@xingchen-tech.com,1583880306,本科,,,
113,EMP0113,王芳,女,1998-09-02,2020-09-02,2,高级产品经理,初级,全职,在职,13800.0,4,北京,emp0113@xingchen-tech.com,1394103713,硕士,,,
114,EMP0114,杜志强,男,1989-04-25,2022-04-25,2,高级产品经理,高级,全职,在职,26900.0,4,北京,emp0114@xingchen-tech.com,1964281173,本科,,,
115,EMP0115,马雅静,女,1986-06-09,2022-06-09,1,高级软件工程师,中级,全职,离职,17300.0,3,远程,emp0115@xingchen-tech.com,1377232608,大专,2025-06-17,健康原因,t
116,EMP0116,何杰,男,1978-08-05,2021-08-05,7,薪酬绩效专员,初级,全职,离职,8700.0,9,北京,emp0116@xingchen-tech.com,1393277446,本科,2024-11-08,个人原因,t
117,EMP0117,苏明,男,1990-09-06,2022-09-06,1,数据工程师,初级,全职,在职,12400.0,2,远程,emp0117@xingchen-tech.com,1500446377,大专,,,
118,EMP0118,赵建国,男,1993-11-18,2021-11-18,5,销售运营,初级,外包,离职,12100.0,6,上海,emp0118@xingchen-tech.com,1882075043,本科,2023-01-31,职业发展,t
119,EMP0119,唐丽,女,1999-04-22,2022-04-22,2,产品经理,初级,全职,离职,10900.0,4,北京,emp0119@xingchen-tech.com,1359743472,大专,2023-08-23,个人原因,t
120,EMP0120,高辉,男,1994-12-01,2020-12-01,1,软件工程师,中级,全职,在职,16200.0,2,杭州,emp0120@xingchen-tech.com,1902536454,硕士,,,
121,EMP0121,梁伟,男,1991-11-02,2020-11-02,5,品牌经理,中级,外包,在职,16400.0,7,远程,emp0121@xingchen-tech.com,1987152409,硕士,,,
122,EMP0122,袁强,男,1989-11-15,2021-11-15,1,架构师,初级,全职,在职,13500.0,2,北京,emp0122@xingchen-tech.com,1522387732,大专,,,
123,EMP0123,高俊,男,1995-09-17,2020-09-17,1,软件工程师,高级,全职,在职,27700.0,3,深圳,emp0123@xingchen-tech.com,1308376281,硕士,,,
124,EMP0124,曹静,女,1979-02-22,2021-02-22,2,产品运营,初级,全职,在职,10300.0,4,成都,emp0124@xingchen-tech.com,1510721469,大专,,,
125,EMP0125,刘娜,女,1985-12-12,2022-12-12,7,HR专员,初级,实习,离职,12900.0,9,北京,emp0125@xingchen-tech.com,1983061212,硕士,2024-01-04,实习结束,t
126,EMP0126,田琳,女,1996-07-27,2021-07-27,1,销售运营,中级,全职,离职,17500.0,6,上海,emp0126@xingchen-tech.com,1397354953,本科,2025-03-25,职业发展,t
127,EMP0127,程琳,女,1987-07-30,2020-07-30,4,销售运营,初级,全职,离职,9300.0,6,上海,emp0127@xingchen-tech.com,1379593991,本科,2024-08-12,薪酬原因,t
128,EMP0128,曾欣怡,女,1996-06-29,2020-06-29,6,质检专员,中级,全职,在职,13700.0,8,上海,emp0128@xingchen-tech.com,1900604368,本科,,,
129,EMP0129,宋俊杰,男,1986-07-31,2020-07-31,7,招聘专员,高级,兼职,在职,21200.0,9,成都,emp0129@xingchen-tech.com,1953397464,本科,,,
130,EMP0130,许文博,男,1994-06-23,2021-06-23,1,高级软件工程师,中级,实习,离职,26500.0,3,北京,emp0130@xingchen-tech.com,1313866143,大专,2023-12-29,实习结束,t
131,EMP0131,谢雪,女,1995-09-20,2022-09-20,8,会计,初级,全职,离职,12200.0,10,北京,emp0131@xingchen-tech.com,1304414833,硕士,2023-11-06,家庭原因,t
132,EMP0132,杨辉,男,1997-03-29,2021-03-29,1,架构师,初级,全职,在职,14500.0,3,北京,emp0132@xingchen-tech.com,1974664039,本科,,,
133,EMP0133,程子轩,男,1994-07-21,2020-07-21,4,销售代表,初级,全职,在职,10800.0,6,上海,emp0133@xingchen-tech.com,1502694174,硕士,,,
134,EMP0134,林晓燕,女,1997-06-15,2021-06-15,1,高级软件工程师,中级,全职,在职,18600.0,3,北京,emp0134@xingchen-tech.com,1303595588,本科,,,
135,EMP0135,余洋,男,1986-08-20,2020-08-20,4,销售运营,初级,全职,在职,6500.0,6,成都,emp0135@xingchen-tech.com,1919981494,博士,,,
136,EMP0136,王建华,男,1989-09-05,2022-09-05,6,质检专员,初级,实习,离职,7500.0,8,成都,emp0136@xingchen-tech.com,1911559117,硕士,2023-03-09,实习结束,t
137,EMP0137,许娟,女,1996-10-11,2021-10-11,6,质检专员,初级,全职,在职,8800.0,8,上海,emp0137@xingchen-tech.com,1860423373,硕士,,,
138,EMP0138,韩雅静,女,1988-08-02,2022-08-02,8,出纳,初级,全职,在职,10800.0,10,北京,emp0138@xingchen-tech.com,1885135188,大专,,,
139,EMP0139,李涛,男,1999-02-11,2021-02-11,6,客服代表,初级,全职,在职,6500.0,8,成都,emp0139@xingchen-tech.com,1918531876,本科,,,
140,EMP0140,魏芳,女,1994-01-06,2021-01-06,1,架构师,高级,外包,离职,32900.0,3,北京,emp0140@xingchen-tech.com,1566028396,本科,2023-11-27,家庭原因,t
141,EMP0141,宋浩,男,1995-09-21,2021-09-21,6,客服代表,中级,兼职,离职,11700.0,8,成都,emp0141@xingchen-tech.com,1821096827,硕士,2025-02-07,个人原因,t
142,EMP0142,叶帆,男,1994-12-09,2022-12-09,2,高级软件工程师,中级,全职,在职,24000.0,3,深圳,emp0142@xingchen-tech.com,1894759837,硕士,,,
143,EMP0143,潘建国,男,1995-10-14,2022-10-14,7,薪酬绩效专员,中级,全职,在职,20200.0,9,北京,emp0143@xingchen-tech.com,1862284835,本科,,,
144,EMP0144,吴艳,女,1992-09-27,2021-09-27,3,运营专员,高级,外包,在职,27400.0,5,北京,emp0144@xingchen-tech.com,1918103930,本科,,,
145,EMP0145,彭玉,女,1992-10-15,2021-10-15,5,品牌经理,初级,全职,离职,8600.0,7,上海,emp0145@xingchen-tech.com,1579875007,本科,2024-02-19,职业发展,t
146,EMP0146,田辉,男,2000-01-24,2022-01-24,1,数据工程师,初级,全职,在职,13500.0,2,北京,emp0146@xingchen-tech.com,1539319942,本科,,,
147,EMP0147,刘晨,男,1993-10-05,2020-10-05,1,数据工程师,初级,全职,在职,16900.0,2,北京,emp0147@xingchen-tech.com,1360643541,本科,,,
148,EMP0148,罗军,男,1995-11-15,2021-11-15,1,算法工程师,中级,全职,离职,24700.0,2,北京,emp0148@xingchen-tech.com,1911252720,本科,2024-12-18,家庭原因,t
149,EMP0149,陈志强,男,1991-06-03,2020-06-03,4,大客户经理,中级,全职,在职,18100.0,6,上海,emp0149@xingchen-tech.com,1864920888,本科,,,
150,EMP0150,杨婷,女,1993-06-10,2020-06-10,2,产品经理,初级,全职,在职,12400.0,4,杭州,emp0150@xingchen-tech.com,1514486448,本科,,,
151,EMP0151,余伟,男,1988-09-15,2020-09-15,6,大客户经理,初级,全职,在职,12000.0,6,上海,emp0151@xingchen-tech.com,1544840608,本科,,,
152,EMP0152,叶玉,女,1992-11-18,2021-11-18,8,出纳,中级,全职,离职,15200.0,10,北京,emp0152@xingchen-tech.com,1309544173,本科,2023-02-01,健康原因,t
153,EMP0153,邓辉,男,1998-06-23,2021-06-23,1,算法工程师,初级,外包,离职,11600.0,2,北京,emp0153@xingchen-tech.com,1970405879,本科,2023-06-02,个人原因,t
154,EMP0154,宋晓雯,女,1993-06-08,2021-06-08,4,销售运营,中级,全职,离职,16400.0,6,上海,emp0154@xingchen-tech.com,1372389257,大专,2025-09-12,组织调整,f
155,EMP0155,马俊杰,男,1983-09-18,2020-09-18,3,活动策划,高级,外包,离职,27300.0,5,北京,emp0155@xingchen-tech.com,1906618455,博士,2023-07-04,职业发展,t
156,EMP0156,唐思琪,女,1987-10-07,2022-10-07,3,活动策划,初级,全职,在职,12000.0,5,上海,emp0156@xingchen-tech.com,1853997299,本科,,,
157,EMP0157,魏婷,女,1991-10-12,2022-10-12,1,算法工程师,中级,全职,在职,25900.0,3,北京,emp0157@xingchen-tech.com,1596956313,本科,,,
158,EMP0158,马雪,女,1994-11-16,2022-11-16,4,销售运营,高级,全职,离职,26800.0,6,上海,emp0158@xingchen-tech.com,1596107253,本科,2026-01-23,个人原因,t
159,EMP0159,魏颖,女,1986-08-25,2022-08-25,5,品牌经理,中级,全职,离职,20700.0,7,上海,emp0159@xingchen-tech.com,1302678897,本科,2023-06-09,职业发展,t
160,EMP0160,冯斌,男,1983-09-03,2021-09-03,5,内容运营,专家,全职,在职,39300.0,7,上海,emp0160@xingchen-tech.com,1518049095,硕士,,,
161,EMP0161,韩欣怡,女,1981-08-14,2020-08-14,1,数据分析师,中级,全职,在职,19700.0,5,北京,emp0161@xingchen-tech.com,1338632964,本科,,,
162,EMP0162,赵玉,女,1992-12-14,2022-12-14,6,高级软件工程师,初级,全职,在职,12400.0,2,北京,emp0162@xingchen-tech.com,1805755426,本科,,,
163,EMP0163,苏天宇,男,1982-11-29,2021-11-29,7,薪酬绩效专员,初级,全职,离职,11200.0,9,杭州,emp0163@xingchen-tech.com,1969714300,硕士,2023-08-10,业绩不达标,f
164,EMP0164,叶志强,男,1994-07-23,2021-07-23,4,销售运营,初级,全职,在职,9800.0,6,杭州,emp0164@xingchen-tech.com,1370917307,本科,,,
165,EMP0165,叶刚,男,1994-11-29,2021-11-29,6,客服代表,初级,全职,在职,8300.0,8,成都,emp0165@xingchen-tech.com,1355105593,硕士,,,
166,EMP0166,刘文博,男,1994-11-12,2020-11-12,1,架构师,高级,全职,在职,34200.0,2,上海,emp0166@xingchen-tech.com,1960621593,硕士,,,
167,EMP0167,郑明,男,1988-04-22,2021-04-22,1,高级软件工程师,中级,全职,在职,19500.0,3,北京,emp0167@xingchen-tech.com,1822748178,本科,,,
168,EMP0168,杜敏,女,1980-11-27,2020-11-27,5,市场专员,中级,全职,在职,19100.0,7,上海,emp0168@xingchen-tech.com,1386857202,硕士,,,
169,EMP0169,肖芳,女,1995-01-15,2021-01-15,4,渠道经理,初级,全职,在职,11100.0,6,上海,emp0169@xingchen-tech.com,1571155817,硕士,,,
170,EMP0170,张强,男,1987-02-26,2021-02-26,1,软件工程师,中级,实习,离职,26400.0,2,北京,emp0170@xingchen-tech.com,1819627553,本科,2023-12-14,实习结束,t
171,EMP0171,吴俊,男,1986-11-11,2021-11-11,3,用户运营,初级,全职,离职,8800.0,5,杭州,emp0171@xingchen-tech.com,1352116864,本科,2026-01-30,薪酬原因,t
172,EMP0172,杜宇,男,1994-01-26,2022-01-26,3,用户运营,中级,全职,离职,16000.0,5,北京,emp0172@xingchen-tech.com,1502195507,本科,2023-05-04,合同到期,f
173,EMP0173,程宇,男,1993-10-07,2021-10-07,7,薪酬绩效专员,初级,全职,离职,7000.0,9,成都,emp0173@xingchen-tech.com,1895031059,本科,2023-02-16,职业发展,t
174,EMP0174,王诗涵,女,1996-11-16,2022-11-16,7,销售代表,初级,全职,在职,11200.0,6,上海,emp0174@xingchen-tech.com,1953052873,本科,,,
175,EMP0175,王晓燕,女,1998-12-19,2022-12-19,2,高级产品经理,初级,全职,离职,12800.0,4,北京,emp0175@xingchen-tech.com,1332841452,本科,2023-11-06,薪酬原因,t
176,EMP0176,高凯,男,1987-07-14,2022-07-14,4,渠道经理,专家,全职,在职,34300.0,6,上海,emp0176@xingchen-tech.com,1978674612,本科,,,
177,EMP0177,杨磊,男,1986-05-25,2022-05-25,6,质检专员,中级,全职,在职,10100.0,8,成都,emp0177@xingchen-tech.com,1800396575,硕士,,,
178,EMP0178,余娜,女,1994-10-19,2022-10-19,4,大客户经理,中级,全职,在职,17700.0,6,上海,emp0178@xingchen-tech.com,1820197335,本科,,,
179,EMP0179,孙明,男,1991-01-18,2022-01-18,7,薪酬绩效专员,中级,全职,在职,17500.0,9,北京,emp0179@xingchen-tech.com,1353152572,本科,,,
180,EMP0180,胡浩然,男,1989-08-04,2022-08-04,4,销售运营,高级,全职,离职,26400.0,6,上海,emp0180@xingchen-tech.com,1843572237,本科,2025-12-17,深造学习,t
181,EMP0181,马琳,女,1999-07-05,2022-07-05,3,数据分析师,初级,全职,在职,13200.0,5,上海,emp0181@xingchen-tech.com,1811966675,大专,,,
182,EMP0182,肖刚,男,1991-07-13,2021-07-13,2,产品运营,初级,全职,离职,12100.0,4,北京,emp0182@xingchen-tech.com,1541530631,本科,2025-06-18,职业发展,t
183,EMP0183,许斌,男,1999-02-18,2022-02-18,6,测试工程师,初级,全职,在职,11000.0,2,远程,emp0183@xingchen-tech.com,1596878581,硕士,,,
184,EMP0184,潘文博,男,1987-10-25,2021-10-25,3,活动策划,初级,全职,在职,11200.0,5,深圳,emp0184@xingchen-tech.com,1901228072,本科,,,
185,EMP0185,谢颖,女,1989-04-27,2022-04-27,1,测试工程师,中级,全职,离职,23800.0,3,北京,emp0185@xingchen-tech.com,1974064986,硕士,2024-05-23,深造学习,t
186,EMP0186,林天宇,男,1989-08-21,2020-08-21,4,销售代表,中级,全职,在职,16300.0,6,上海,emp0186@xingchen-tech.com,1875418122,硕士,,,
187,EMP0187,黄雪,女,1995-08-05,2020-08-05,1,软件工程师,初级,兼职,离职,14600.0,3,北京,emp0187@xingchen-tech.com,1368322618,大专,2024-10-08,个人原因,t
188,EMP0188,曹佳怡,女,1995-09-22,2021-09-22,6,客服主管,初级,全职,在职,7600.0,8,成都,emp0188@xingchen-tech.com,1956335843,本科,,,
189,EMP0189,王建国,男,1998-10-17,2022-10-17,1,架构师,中级,全职,离职,18600.0,3,杭州,emp0189@xingchen-tech.com,1857518427,本科,2024-04-19,个人原因,t
190,EMP0190,马文博,男,1993-02-01,2021-02-01,1,算法工程师,初级,全职,在职,11300.0,2,北京,emp0190@xingchen-tech.com,1526626100,本科,,,
191,EMP0191,曾刚,男,2000-06-03,2022-06-03,8,财务分析师,初级,全职,在职,10700.0,10,北京,emp0191@xingchen-tech.com,1338907041,硕士,,,
192,EMP0192,朱帆,男,1996-02-10,2021-02-10,6,质检专员,初级,全职,离职,7400.0,8,远程,emp0192@xingchen-tech.com,1891775142,本科,2023-03-16,健康原因,t
193,EMP0193,王娟,女,1992-01-28,2021-01-28,6,客服代表,初级,全职,在职,7100.0,8,成都,emp0193@xingchen-tech.com,1961724639,硕士,,,
194,EMP0194,邓雅静,女,1998-12-02,2021-12-02,1,算法工程师,中级,全职,离职,14100.0,3,成都,emp0194@xingchen-tech.com,1931844261,本科,2024-06-18,个人原因,t
195,EMP0195,董婷,女,1994-09-30,2022-09-30,4,架构师,中级,全职,在职,22000.0,2,北京,emp0195@xingchen-tech.com,1978636309,硕士,,,
196,EMP0196,吴勇,男,1997-02-18,2022-02-18,3,用户运营,中级,全职,离职,15800.0,5,成都,emp0196@xingchen-tech.com,1511063465,大专,2024-12-16,职业发展,t
197,EMP0197,刘海燕,女,1997-11-29,2022-11-29,4,大客户经理,初级,全职,在职,7900.0,6,远程,emp0197@xingchen-tech.com,1378025123,本科,,,
198,EMP0198,徐建华,男,1989-07-05,2022-07-05,4,渠道经理,专家,外包,离职,27300.0,6,远程,emp0198@xingchen-tech.com,1956559959,硕士,2023-01-11,薪酬原因,t
199,EMP0199,邓健,男,1992-02-14,2022-02-14,5,内容运营,中级,兼职,离职,14300.0,7,上海,emp0199@xingchen-tech.com,1395593328,大专,2024-07-08,职业发展,t
200,EMP0200,胡斌,男,2000-01-07,2022-01-07,7,薪酬绩效专员,中级,全职,在职,19500.0,9,北京,emp0200@xingchen-tech.com,1355203448,硕士,,,
201,EMP0201,胡雅静,女,1979-08-20,2020-08-20,4,渠道经理,初级,外包,在职,11000.0,6,上海,emp0201@xingchen-tech.com,1366053536,本科,,,
202,EMP0202,潘健,男,1993-01-14,2021-01-14,8,会计,高级,全职,在职,24000.0,10,北京,emp0202@xingchen-tech.com,1957115461,硕士,,,
203,EMP0203,谢海燕,女,1992-04-28,2021-04-28,1,运维工程师,初级,全职,在职,14800.0,2,北京,emp0203@xingchen-tech.com,1813886492,本科,,,
204,EMP0204,彭伟,男,1996-06-28,2022-06-28,5,市场专员,高级,全职,离职,21000.0,7,远程,emp0204@xingchen-tech.com,1525247160,硕士,2023-04-18,职业发展,t
205,EMP0205,程思琪,女,1993-08-18,2022-08-18,1,高级软件工程师,初级,全职,离职,13000.0,2,北京,emp0205@xingchen-tech.com,1308623903,硕士,2025-12-18,薪酬原因,t
206,EMP0206,徐芳,女,1982-12-27,2021-12-27,1,运维工程师,中级,全职,在职,21000.0,2,北京,emp0206@xingchen-tech.com,1833992023,博士,,,
207,EMP0207,杜浩然,男,1995-11-03,2020-11-03,7,HRBP,专家,全职,在职,34400.0,9,北京,emp0207@xingchen-tech.com,1554364165,硕士,,,
208,EMP0208,潘浩,男,1990-12-08,2022-12-08,6,质检专员,初级,全职,在职,8200.0,8,成都,emp0208@xingchen-tech.com,1318103993,硕士,,,
209,EMP0209,魏伟,男,1987-12-07,2020-12-07,1,高级软件工程师,初级,全职,在职,13000.0,3,北京,emp0209@xingchen-tech.com,1918461341,本科,,,
210,EMP0210,郑文博,男,1994-07-28,2021-07-28,5,内容运营,初级,全职,在职,9700.0,7,杭州,emp0210@xingchen-tech.com,1547687395,本科,,,
211,EMP0211,杜娟,女,1980-11-16,2022-11-16,3,运营专员,中级,全职,在职,17100.0,5,北京,emp0211@xingchen-tech.com,1933844605,本科,,,
212,EMP0212,马雪莲,女,1995-01-21,2022-01-21,1,高级软件工程师,中级,全职,离职,18900.0,3,北京,emp0212@xingchen-tech.com,1869771143,本科,2026-04-27,组织调整,f
213,EMP0213,徐丽,女,1983-06-23,2021-06-23,5,品牌经理,专家,外包,离职,25400.0,7,成都,emp0213@xingchen-tech.com,1343746112,硕士,2026-07-22,合同到期,f
214,EMP0214,杨海燕,女,1995-12-09,2021-12-09,1,运维工程师,中级,全职,在职,23200.0,2,北京,emp0214@xingchen-tech.com,1582682103,本科,,,
215,EMP0215,苏晓雯,女,1979-05-06,2021-05-06,4,销售运营,高级,全职,离职,25500.0,6,上海,emp0215@xingchen-tech.com,1597307388,硕士,2025-10-10,深造学习,t
216,EMP0216,杨帆,男,1988-03-09,2021-03-09,1,算法工程师,初级,全职,在职,15200.0,3,北京,emp0216@xingchen-tech.com,1848256964,本科,,,
217,EMP0217,朱建华,男,1999-05-27,2022-05-27,3,用户运营,初级,全职,在职,10300.0,5,远程,emp0217@xingchen-tech.com,1943560227,本科,,,
218,EMP0218,彭娟,女,2000-01-04,2022-01-04,5,内容运营,初级,全职,在职,11000.0,7,深圳,emp0218@xingchen-tech.com,1914884890,本科,,,
219,EMP0219,董娜,女,1998-12-26,2022-12-26,4,销售运营,初级,全职,离职,10700.0,6,上海,emp0219@xingchen-tech.com,1911738720,硕士,2025-05-14,健康原因,t
220,EMP0220,彭天宇,男,1986-04-06,2021-04-06,3,用户运营,专家,全职,在职,42500.0,5,北京,emp0220@xingchen-tech.com,1534833709,硕士,,,
221,EMP0221,梁雪莲,女,1982-06-01,2022-06-01,1,运维工程师,初级,外包,在职,13100.0,3,远程,emp0221@xingchen-tech.com,1356353831,本科,,,
222,EMP0222,林洋,男,1987-11-09,2020-11-09,5,内容运营,中级,全职,离职,20500.0,7,上海,emp0222@xingchen-tech.com,1851385009,大专,2023-10-03,家庭原因,t
223,EMP0223,程欣怡,女,1988-05-23,2022-05-23,1,高级软件工程师,中级,全职,离职,18800.0,2,北京,emp0223@xingchen-tech.com,1950860367,本科,2023-10-18,组织调整,f
224,EMP0224,彭军,男,1988-12-22,2022-12-22,1,测试工程师,高级,全职,离职,31600.0,2,北京,emp0224@xingchen-tech.com,1982355471,硕士,2026-03-04,职业发展,t
225,EMP0225,苏凯,男,1996-01-26,2022-01-26,6,客服主管,中级,全职,在职,10800.0,8,成都,emp0225@xingchen-tech.com,1953616778,本科,,,
226,EMP0226,曾佳怡,女,1988-04-12,2021-04-12,1,运维工程师,初级,全职,在职,10600.0,3,成都,emp0226@xingchen-tech.com,1321578764,本科,,,
227,EMP0227,余梦琪,女,1991-01-05,2022-01-05,1,测试工程师,中级,全职,离职,19500.0,2,深圳,emp0227@xingchen-tech.com,1580990591,本科,2023-11-03,职业发展,t
228,EMP0228,马浩,男,1997-03-03,2022-03-03,1,运维工程师,中级,全职,在职,20300.0,3,上海,emp0228@xingchen-tech.com,1881961007,本科,,,
229,EMP0229,谢琳,女,1988-09-10,2021-09-10,8,财务分析师,初级,全职,离职,9400.0,10,北京,emp0229@xingchen-tech.com,1358254539,本科,2023-02-24,个人原因,t
230,EMP0230,郭帆,男,1987-08-21,2020-08-21,1,算法工程师,中级,全职,在职,23400.0,3,北京,emp0230@xingchen-tech.com,1365569504,硕士,,,
231,EMP0231,蔡勇,男,1988-03-24,2021-03-24,2,产品运营,专家,全职,在职,45900.0,4,北京,emp0231@xingchen-tech.com,1886205821,本科,,,
232,EMP0232,曾娜,女,1999-12-19,2022-12-19,1,高级软件工程师,初级,全职,离职,15700.0,3,北京,emp0232@xingchen-tech.com,1330191497,本科,2026-03-05,个人原因,t
233,EMP0233,董琳,女,1992-02-26,2021-02-26,5,内容运营,初级,全职,离职,10400.0,7,上海,emp0233@xingchen-tech.com,1941809469,本科,2023-12-01,个人原因,t
234,EMP0234,蔡健,男,1995-10-13,2022-10-13,6,测试工程师,中级,全职,在职,19900.0,2,深圳,emp0234@xingchen-tech.com,1575136156,硕士,,,
235,EMP0235,程天宇,男,1997-05-26,2021-05-26,2,UI设计师,中级,实习,离职,23000.0,4,北京,emp0235@xingchen-tech.com,1371816859,硕士,2023-01-02,实习结束,t
236,EMP0236,徐建国,男,1987-03-17,2022-03-17,1,软件工程师,中级,全职,在职,15200.0,2,远程,emp0236@xingchen-tech.com,1333092449,本科,,,
237,EMP0237,邓伟,男,1997-03-21,2022-03-21,4,渠道经理,初级,全职,在职,12100.0,6,上海,emp0237@xingchen-tech.com,1560031330,本科,,,
238,EMP0238,魏波,男,1996-12-06,2021-12-06,3,运营专员,中级,全职,离职,13400.0,5,成都,emp0238@xingchen-tech.com,1338387225,博士,2023-11-27,薪酬原因,t
239,EMP0239,蔡琳,女,1993-03-08,2022-03-08,1,软件工程师,初级,全职,在职,13800.0,2,北京,emp0239@xingchen-tech.com,1376498903,本科,,,
240,EMP0240,叶芳,女,1996-04-26,2022-04-26,2,UI设计师,初级,全职,在职,12500.0,4,北京,emp0240@xingchen-tech.com,1326069806,硕士,,,
241,EMP0241,魏晓燕,女,1999-01-31,2022-01-31,6,客服主管,初级,全职,离职,8000.0,8,远程,emp0241@xingchen-tech.com,1887753114,本科,2023-05-04,个人原因,t
242,EMP0242,王伟,男,1992-10-15,2020-10-15,3,运营专员,高级,全职,在职,25800.0,5,北京,emp0242@xingchen-tech.com,1375267411,本科,,,
243,EMP0243,赵宇,男,1989-02-01,2022-02-01,2,产品经理,专家,全职,在职,52500.0,4,北京,emp0243@xingchen-tech.com,1889546201,本科,,,
244,EMP0244,董勇,男,1999-03-23,2022-03-23,3,运营专员,初级,全职,离职,10300.0,5,北京,emp0244@xingchen-tech.com,1341875316,本科,2023-04-18,职业发展,t
245,EMP0245,朱海燕,女,1991-07-28,2021-07-28,1,算法工程师,初级,全职,在职,13600.0,2,北京,emp0245@xingchen-tech.com,1934132305,本科,,,
246,EMP0246,袁浩,男,1989-07-19,2022-07-19,6,客服代表,中级,实习,离职,14300.0,8,远程,emp0246@xingchen-tech.com,1345824404,硕士,2023-04-07,实习结束,t
247,EMP0247,冯梦琪,女,2000-12-23,2022-12-23,1,数据工程师,中级,全职,离职,18400.0,2,杭州,emp0247@xingchen-tech.com,1342507912,本科,2025-04-29,个人原因,t
248,EMP0248,许娜,女,1985-09-14,2021-09-14,1,高级软件工程师,中级,外包,在职,21200.0,2,杭州,emp0248@xingchen-tech.com,1867063652,硕士,,,
249,EMP0249,张婷,女,1981-06-24,2022-06-24,6,客服主管,初级,全职,离职,6500.0,8,成都,emp0249@xingchen-tech.com,1357135677,硕士,2023-02-23,职业发展,t
250,EMP0250,赵雨欣,女,1995-05-28,2021-05-28,5,内容运营,高级,全职,在职,27900.0,7,上海,emp0250@xingchen-tech.com,1843669818,本科,,,
251,EMP0251,罗明,男,1993-11-16,2020-11-16,6,客服代表,初级,全职,离职,8300.0,8,成都,emp0251@xingchen-tech.com,1544701088,本科,2024-09-05,职业发展,t
252,EMP0252,高娜,女,1994-10-11,2021-10-11,2,产品运营,初级,外包,在职,14300.0,4,北京,emp0252@xingchen-tech.com,1549703419,本科,,,
253,EMP0253,邓雪,女,1994-05-11,2022-05-11,1,算法工程师,初级,全职,在职,13100.0,3,北京,emp0253@xingchen-tech.com,1550333513,硕士,,,
254,EMP0254,周晓燕,女,1987-06-05,2020-06-05,7,培训专员,高级,全职,离职,27900.0,9,北京,emp0254@xingchen-tech.com,1931406106,本科,2024-02-02,薪酬原因,t
255,EMP0255,程敏,女,1997-12-17,2020-12-17,1,算法工程师,初级,全职,在职,16800.0,3,北京,emp0255@xingchen-tech.com,1913699318,本科,,,
256,EMP0256,冯雅静,女,1991-08-31,2021-08-31,1,测试工程师,初级,全职,在职,14000.0,3,杭州,emp0256@xingchen-tech.com,1585139539,本科,,,
257,EMP0257,罗浩,男,1987-07-30,2021-07-30,1,测试工程师,中级,外包,在职,22300.0,3,北京,emp0257@xingchen-tech.com,1883540029,硕士,,,
258,EMP0258,蒋志强,男,1994-08-02,2021-08-02,1,测试工程师,中级,兼职,离职,21200.0,2,北京,emp0258@xingchen-tech.com,1958646155,硕士,2024-09-04,个人原因,t
259,EMP0259,刘慧,女,1998-11-17,2022-11-17,4,渠道经理,初级,实习,离职,8500.0,6,杭州,emp0259@xingchen-tech.com,1357107588,本科,2023-03-23,实习结束,t
260,EMP0260,韩辉,男,1996-09-07,2020-09-07,1,测试工程师,中级,全职,离职,25900.0,2,北京,emp0260@xingchen-tech.com,1511218685,本科,2025-05-15,薪酬原因,t
261,EMP0261,梁娜,女,1989-10-13,2020-10-13,6,产品经理,高级,外包,在职,30900.0,4,上海,emp0261@xingchen-tech.com,1371166329,本科,,,
262,EMP0262,陈波,男,1992-08-16,2021-08-16,1,架构师,高级,全职,在职,35000.0,3,北京,emp0262@xingchen-tech.com,1379291308,博士,,,
263,EMP0263,吕艳,女,1996-06-17,2022-06-17,1,架构师,高级,全职,在职,27300.0,3,成都,emp0263@xingchen-tech.com,1595902573,硕士,,,
264,EMP0264,吴帆,男,1995-06-24,2021-06-24,4,销售运营,初级,全职,离职,11500.0,6,上海,emp0264@xingchen-tech.com,1850312639,本科,2026-07-02,个人原因,t
265,EMP0265,曾浩然,男,1979-10-26,2022-10-26,3,高级软件工程师,高级,兼职,在职,28900.0,3,北京,emp0265@xingchen-tech.com,1956136978,本科,,,
266,EMP0266,谢雨欣,女,1989-01-25,2021-01-25,4,税务专员,初级,全职,在职,11700.0,10,北京,emp0266@xingchen-tech.com,1995141429,大专,,,
267,EMP0267,田建国,男,1993-12-01,2020-12-01,6,客服代表,中级,全职,在职,11100.0,8,成都,emp0267@xingchen-tech.com,1926423859,大专,,,
268,EMP0268,吕娜,女,1996-04-19,2021-04-19,6,客服主管,初级,全职,离职,6900.0,8,成都,emp0268@xingchen-tech.com,1533754554,本科,2026-06-25,家庭原因,t
269,EMP0269,宋婷,女,1988-01-27,2022-01-27,3,活动策划,初级,全职,在职,13700.0,5,北京,emp0269@xingchen-tech.com,1376349402,本科,,,
270,EMP0270,袁宇,男,1992-11-07,2022-11-07,4,销售代表,高级,外包,离职,28000.0,6,上海,emp0270@xingchen-tech.com,1804035304,硕士,2024-10-21,薪酬原因,t
271,EMP0271,陈晓东,男,1981-04-15,2022-04-15,5,架构师,中级,外包,在职,25300.0,3,北京,emp0271@xingchen-tech.com,1520942708,本科,,,
272,EMP0272,程浩,男,1986-09-30,2021-09-30,1,数据工程师,中级,全职,在职,20800.0,2,北京,emp0272@xingchen-tech.com,1946471078,本科,,,
273,EMP0273,刘梦琪,女,1976-03-02,2021-03-02,4,渠道经理,高级,全职,在职,20100.0,6,杭州,emp0273@xingchen-tech.com,1911634380,本科,,,
274,EMP0274,高雪莲,女,1998-02-18,2021-02-18,1,高级软件工程师,初级,全职,离职,13800.0,2,北京,emp0274@xingchen-tech.com,1949220725,本科,2023-02-01,个人原因,t
275,EMP0275,宋思琪,女,1998-07-27,2020-07-27,8,会计,中级,全职,在职,18500.0,10,北京,emp0275@xingchen-tech.com,1338825516,本科,,,
276,EMP0276,朱丽,女,1987-08-01,2022-08-01,3,运营专员,初级,实习,离职,8100.0,5,远程,emp0276@xingchen-tech.com,1594254393,本科,2023-07-12,实习结束,t
277,EMP0277,刘俊杰,男,1997-06-07,2021-06-07,8,财务分析师,高级,全职,离职,29500.0,10,北京,emp0277@xingchen-tech.com,1523679652,本科,2023-07-13,家庭原因,t
278,EMP0278,叶明,男,1993-04-05,2021-04-05,7,招聘专员,初级,全职,在职,11700.0,9,上海,emp0278@xingchen-tech.com,1888944878,硕士,,,
279,EMP0279,孙佳怡,女,1988-08-05,2021-08-05,4,销售运营,中级,全职,在职,17100.0,6,北京,emp0279@xingchen-tech.com,1502351277,本科,,,
280,EMP0280,马磊,男,1994-09-06,2021-09-06,6,客服主管,中级,全职,在职,10700.0,8,成都,emp0280@xingchen-tech.com,1533850056,本科,,,
281,EMP0281,王俊杰,男,1995-07-21,2020-07-21,8,财务分析师,初级,全职,在职,11000.0,10,北京,emp0281@xingchen-tech.com,1984229827,本科,,,
282,EMP0282,余雪莲,女,1992-06-15,2022-06-15,1,客服主管,中级,全职,在职,12800.0,8,成都,emp0282@xingchen-tech.com,1856048932,本科,,,
283,EMP0283,肖娟,女,1992-01-10,2023-01-10,1,运维工程师,初级,全职,在职,12000.0,3,上海,emp0283@xingchen-tech.com,1331254977,硕士,,,
284,EMP0284,张宇,男,1988-01-26,2023-01-26,1,运维工程师,初级,全职,在职,13800.0,2,北京,emp0284@xingchen-tech.com,1311237774,硕士,,,
285,EMP0285,田明,男,1991-01-10,2023-01-10,5,市场专员,初级,全职,离职,11200.0,7,上海,emp0285@xingchen-tech.com,1514989569,本科,2025-07-04,深造学习,t
286,EMP0286,田慧,女,1987-01-02,2023-01-02,8,市场专员,初级,全职,离职,10400.0,7,远程,emp0286@xingchen-tech.com,1946537902,本科,2023-03-30,个人原因,t
287,EMP0287,杨宇,男,1991-01-25,2023-01-25,4,销售运营,高级,全职,在职,21400.0,6,上海,emp0287@xingchen-tech.com,1857107527,硕士,,,
288,EMP0288,蒋涛,男,1988-01-10,2023-01-10,4,销售运营,高级,全职,在职,25900.0,6,远程,emp0288@xingchen-tech.com,1826851371,硕士,,,
289,EMP0289,何凯,男,2000-02-03,2023-02-03,4,销售运营,高级,全职,离职,20200.0,6,上海,emp0289@xingchen-tech.com,1969697415,本科,2025-09-10,业绩不达标,f
290,EMP0290,张梦琪,女,2001-02-16,2023-02-16,1,数据工程师,初级,全职,离职,10300.0,3,北京,emp0290@xingchen-tech.com,1513320174,硕士,2023-06-01,职业发展,t
291,EMP0291,蒋丽,女,1991-02-03,2023-02-03,1,数据工程师,初级,全职,在职,17200.0,2,杭州,emp0291@xingchen-tech.com,1554448376,本科,,,
292,EMP0292,田艳,女,1993-02-23,2023-02-23,4,大客户经理,中级,全职,在职,15200.0,6,北京,emp0292@xingchen-tech.com,1950659228,硕士,,,
293,EMP0293,罗洋,男,1998-03-14,2023-03-14,1,测试工程师,专家,全职,在职,41300.0,3,北京,emp0293@xingchen-tech.com,1520341630,本科,,,
294,EMP0294,郑雪莲,女,1998-03-02,2023-03-02,1,测试工程师,专家,全职,离职,41900.0,2,北京,emp0294@xingchen-tech.com,1900690551,硕士,2023-06-22,职业发展,t
295,EMP0295,余波,男,1997-03-06,2023-03-06,1,测试工程师,专家,全职,在职,57000.0,3,杭州,emp0295@xingchen-tech.com,1509458336,硕士,,,
296,EMP0296,梁子轩,男,1993-03-27,2023-03-27,4,销售运营,初级,全职,离职,8300.0,6,深圳,emp0296@xingchen-tech.com,1897263293,硕士,2024-08-21,个人原因,t
297,EMP0297,赵刚,男,1988-03-29,2023-03-29,4,大客户经理,中级,全职,在职,18700.0,6,上海,emp0297@xingchen-tech.com,1983176049,本科,,,
298,EMP0298,王艳,女,1980-03-23,2023-03-23,4,大客户经理,中级,兼职,在职,14400.0,6,远程,emp0298@xingchen-tech.com,1912511766,本科,,,
299,EMP0299,王莹,女,1996-03-07,2023-03-07,4,销售运营,初级,全职,在职,12700.0,6,成都,emp0299@xingchen-tech.com,1383841545,大专,,,
300,EMP0300,彭明,男,2000-03-23,2023-03-23,1,数据工程师,高级,全职,离职,32400.0,2,北京,emp0300@xingchen-tech.com,1356321230,本科,2025-01-16,薪酬原因,t
301,EMP0301,邓强,男,1989-03-03,2023-03-03,3,数据工程师,高级,外包,离职,41300.0,2,北京,emp0301@xingchen-tech.com,1864100846,本科,2024-02-26,个人原因,t
302,EMP0302,马天宇,男,1999-03-21,2023-03-21,1,数据工程师,高级,全职,在职,40700.0,3,北京,emp0302@xingchen-tech.com,1562474270,本科,,,
303,EMP0303,马子轩,男,1979-03-01,2023-03-01,8,测试工程师,中级,全职,在职,22900.0,3,北京,emp0303@xingchen-tech.com,1573669535,博士,,,
304,EMP0304,梁雅静,女,1998-03-08,2023-03-08,1,测试工程师,中级,全职,离职,27800.0,3,远程,emp0304@xingchen-tech.com,1921930012,本科,2024-03-04,个人原因,t
305,EMP0305,朱慧,女,2001-03-07,2023-03-07,5,内容运营,高级,全职,在职,20300.0,7,上海,emp0305@xingchen-tech.com,1928699988,本科,,,
306,EMP0306,曾杰,男,1983-03-07,2023-03-07,8,大客户经理,高级,全职,离职,29300.0,6,成都,emp0306@xingchen-tech.com,1377613873,硕士,2024-07-23,业绩不达标,f
307,EMP0307,郭玉,女,1996-03-09,2023-03-09,4,大客户经理,高级,全职,在职,26100.0,6,上海,emp0307@xingchen-tech.com,1538593510,本科,,,
308,EMP0308,谢天宇,男,1998-03-14,2023-03-14,4,大客户经理,高级,全职,在职,24000.0,6,深圳,emp0308@xingchen-tech.com,1325502213,硕士,,,
309,EMP0309,王帆,男,1981-03-30,2023-03-30,1,数据工程师,专家,全职,在职,43400.0,3,成都,emp0309@xingchen-tech.com,1582722554,硕士,,,
310,EMP0310,程晓东,男,1983-03-15,2023-03-15,1,数据工程师,专家,全职,在职,58800.0,2,北京,emp0310@xingchen-tech.com,1834647530,硕士,,,
311,EMP0311,高磊,男,2000-03-13,2023-03-13,1,数据工程师,专家,全职,在职,41900.0,2,杭州,emp0311@xingchen-tech.com,1515064109,本科,,,
312,EMP0312,朱洋,男,2001-04-11,2023-04-11,2,UI设计师,中级,全职,在职,24700.0,4,北京,emp0312@xingchen-tech.com,1538615327,本科,,,
313,EMP0313,苏晓东,男,1990-04-17,2023-04-17,2,市场专员,初级,全职,在职,10000.0,7,深圳,emp0313@xingchen-tech.com,1838841643,本科,,,
314,EMP0314,宋敏,女,1996-04-18,2023-04-18,1,客服主管,中级,外包,离职,10000.0,8,成都,emp0314@xingchen-tech.com,1357412006,本科,2023-12-21,个人原因,t
315,EMP0315,林晓东,男,1994-04-05,2023-04-05,5,市场专员,初级,全职,在职,10000.0,7,远程,emp0315@xingchen-tech.com,1510125307,本科,,,
316,EMP0316,唐诗涵,女,1994-04-27,2023-04-27,1,软件工程师,初级,全职,在职,15200.0,2,北京,emp0316@xingchen-tech.com,1593204931,本科,,,
317,EMP0317,黄刚,男,1981-04-27,2023-04-27,5,市场专员,初级,全职,在职,10000.0,7,上海,emp0317@xingchen-tech.com,1814334086,本科,,,
318,EMP0318,魏诗涵,女,1999-04-18,2023-04-18,6,客服主管,中级,外包,离职,13000.0,8,远程,emp0318@xingchen-tech.com,1536838436,本科,2023-06-12,深造学习,t
319,EMP0319,郭思远,男,1998-04-25,2023-04-25,5,市场专员,初级,全职,在职,9500.0,7,上海,emp0319@xingchen-tech.com,1973267596,本科,,,
320,EMP0320,曾敏,女,1998-04-26,2023-04-26,5,市场专员,初级,全职,在职,12300.0,7,上海,emp0320@xingchen-tech.com,1509911572,本科,,,
321,EMP0321,徐雨欣,女,1999-04-10,2023-04-10,5,市场专员,初级,全职,离职,9800.0,7,上海,emp0321@xingchen-tech.com,1946419474,大专,2026-02-06,个人原因,t
322,EMP0322,曾健,男,1987-04-11,2023-04-11,3,活动策划,中级,全职,离职,16000.0,5,远程,emp0322@xingchen-tech.com,1999346540,硕士,2024-04-05,个人原因,t
323,EMP0323,宋子轩,男,1981-04-17,2023-04-17,3,活动策划,中级,全职,在职,21900.0,5,北京,emp0323@xingchen-tech.com,1366246269,硕士,,,
324,EMP0324,杨军,男,1989-04-06,2023-04-06,6,会计,中级,全职,离职,20900.0,10,北京,emp0324@xingchen-tech.com,1882276014,本科,2025-02-14,职业发展,t
325,EMP0325,余军,男,2000-04-19,2023-04-19,4,大客户经理,中级,全职,在职,19700.0,6,上海,emp0325@xingchen-tech.com,1500100247,大专,,,
326,EMP0326,梁颖,女,1991-04-13,2023-04-13,4,大客户经理,中级,兼职,离职,17800.0,6,上海,emp0326@xingchen-tech.com,1596303314,硕士,2024-11-21,职业发展,t
327,EMP0327,郑芳,女,1997-04-12,2023-04-12,4,大客户经理,中级,全职,在职,16500.0,6,远程,emp0327@xingchen-tech.com,1889762477,本科,,,
328,EMP0328,彭思琪,女,1997-04-05,2023-04-05,6,质检专员,高级,全职,在职,16700.0,8,杭州,emp0328@xingchen-tech.com,1521961909,本科,,,
329,EMP0329,蒋敏,女,1982-05-22,2023-05-22,3,运营专员,初级,全职,离职,9600.0,5,成都,emp0329@xingchen-tech.com,1837736588,本科,2025-11-17,组织调整,f
330,EMP0330,唐莹,女,1997-05-19,2023-05-19,3,运营专员,初级,全职,离职,11300.0,5,北京,emp0330@xingchen-tech.com,1877916510,硕士,2025-01-22,健康原因,t
331,EMP0331,吕晓燕,女,2001-05-05,2023-05-05,6,质检专员,高级,全职,在职,18700.0,8,成都,emp0331@xingchen-tech.com,1962290817,硕士,,,
332,EMP0332,许磊,男,1992-05-22,2023-05-22,6,质检专员,高级,全职,离职,20000.0,8,深圳,emp0332@xingchen-tech.com,1829750378,本科,2025-02-04,家庭原因,t
333,EMP0333,冯浩然,男,1996-05-26,2023-05-26,3,运营专员,初级,全职,在职,14100.0,5,北京,emp0333@xingchen-tech.com,1590910965,博士,,,
334,EMP0334,赵帆,男,1996-05-25,2023-05-25,4,渠道经理,高级,全职,在职,24600.0,6,上海,emp0334@xingchen-tech.com,1505527714,硕士,,,
335,EMP0335,叶军,男,1995-05-23,2023-05-23,4,渠道经理,高级,全职,在职,19300.0,6,上海,emp0335@xingchen-tech.com,1598151581,本科,,,
336,EMP0336,罗浩然,男,1996-05-17,2023-05-17,4,渠道经理,高级,实习,离职,22600.0,6,成都,emp0336@xingchen-tech.com,1914399656,硕士,2023-09-28,实习结束,t
337,EMP0337,苏丽,女,2000-05-03,2023-05-03,4,销售运营,初级,全职,离职,10800.0,6,深圳,emp0337@xingchen-tech.com,1507961368,本科,2023-09-29,职业发展,t
338,EMP0338,周文博,男,1999-05-04,2023-05-04,4,销售运营,初级,全职,在职,10700.0,6,深圳,emp0338@xingchen-tech.com,1520929715,硕士,,,
339,EMP0339,吴雪,女,1992-06-29,2023-06-29,5,市场分析师,中级,全职,离职,13500.0,7,上海,emp0339@xingchen-tech.com,1367615296,本科,2026-07-09,业绩不达标,f
340,EMP0340,韩诗涵,女,1993-06-09,2023-06-09,4,销售运营,初级,全职,离职,13300.0,6,北京,emp0340@xingchen-tech.com,1886020502,硕士,2023-09-25,合同到期,f
341,EMP0341,田浩然,男,1997-06-30,2023-06-30,3,运营专员,初级,全职,在职,14700.0,5,远程,emp0341@xingchen-tech.com,1369685208,本科,,,
342,EMP0342,袁健,男,1999-06-27,2023-06-27,3,运营专员,初级,全职,在职,12500.0,5,北京,emp0342@xingchen-tech.com,1599958988,大专,,,
343,EMP0343,曾伟,男,1979-06-13,2023-06-13,3,运营专员,初级,全职,在职,11200.0,5,北京,emp0343@xingchen-tech.com,1572433852,博士,,,
344,EMP0344,魏晓雯,女,1996-06-29,2023-06-29,1,测试工程师,初级,全职,离职,10300.0,2,北京,emp0344@xingchen-tech.com,1537859831,大专,2024-06-05,职业发展,t
345,EMP0345,周志强,男,1999-06-14,2023-06-14,1,测试工程师,初级,全职,在职,18100.0,2,北京,emp0345@xingchen-tech.com,1527892817,硕士,,,
346,EMP0346,肖明,男,1997-06-20,2023-06-20,1,高级软件工程师,高级,全职,在职,28800.0,3,北京,emp0346@xingchen-tech.com,1332234300,本科,,,
347,EMP0347,宋志强,男,1989-06-16,2023-06-16,1,高级软件工程师,高级,全职,在职,31400.0,2,北京,emp0347@xingchen-tech.com,1822501660,博士,,,
348,EMP0348,潘刚,男,2000-07-24,2023-07-24,7,薪酬绩效专员,初级,全职,在职,10900.0,9,成都,emp0348@xingchen-tech.com,1847904950,本科,,,
349,EMP0349,肖俊,男,1994-07-18,2023-07-18,3,运营专员,初级,全职,在职,14300.0,5,成都,emp0349@xingchen-tech.com,1832751020,本科,,,
350,EMP0350,吴莹,女,1986-07-18,2023-07-18,5,运营专员,初级,全职,在职,9500.0,5,北京,emp0350@xingchen-tech.com,1830882919,本科,,,
351,EMP0351,冯刚,男,1996-07-27,2023-07-27,3,运营专员,初级,全职,在职,11800.0,5,上海,emp0351@xingchen-tech.com,1590118147,本科,,,
352,EMP0352,叶娟,女,2001-07-04,2023-07-04,1,高级软件工程师,中级,全职,离职,25400.0,3,北京,emp0352@xingchen-tech.com,1520160991,硕士,2025-10-27,深造学习,t
353,EMP0353,张军,男,1990-07-27,2023-07-27,1,高级软件工程师,中级,全职,在职,18600.0,3,北京,emp0353@xingchen-tech.com,1818402233,本科,,,
354,EMP0354,蒋勇,男,2001-07-12,2023-07-12,1,高级软件工程师,中级,全职,在职,17600.0,2,北京,emp0354@xingchen-tech.com,1916383196,硕士,,,
355,EMP0355,杜辉,男,2000-07-14,2023-07-14,5,市场分析师,高级,全职,在职,32300.0,7,上海,emp0355@xingchen-tech.com,1586244558,本科,,,
356,EMP0356,郭艳,女,1999-07-31,2023-07-31,1,架构师,初级,全职,在职,11100.0,2,上海,emp0356@xingchen-tech.com,1501973093,本科,,,
357,EMP0357,高帆,男,1993-07-03,2023-07-03,1,架构师,初级,全职,在职,10100.0,2,北京,emp0357@xingchen-tech.com,1974601066,本科,,,
358,EMP0358,许晨,男,1992-08-30,2023-08-30,1,架构师,初级,全职,在职,14700.0,3,上海,emp0358@xingchen-tech.com,1321758843,本科,,,
359,EMP0359,高杰,男,1997-08-25,2023-08-25,4,渠道经理,初级,全职,离职,12700.0,6,北京,emp0359@xingchen-tech.com,1560295570,本科,2026-06-09,薪酬原因,t
360,EMP0360,张波,男,1995-08-11,2023-08-11,5,内容运营,专家,全职,在职,37200.0,7,上海,emp0360@xingchen-tech.com,1514807886,硕士,,,
361,EMP0361,朱晨,男,1987-08-15,2023-08-15,5,内容运营,专家,全职,离职,44900.0,7,上海,emp0361@xingchen-tech.com,1395900738,硕士,2024-12-16,家庭原因,t
362,EMP0362,袁帆,男,1992-08-03,2023-08-03,5,内容运营,专家,全职,在职,30300.0,7,上海,emp0362@xingchen-tech.com,1332466456,本科,,,
363,EMP0363,谢雪莲,女,1995-08-28,2023-08-28,1,架构师,初级,全职,在职,10900.0,3,杭州,emp0363@xingchen-tech.com,1969407997,本科,,,
364,EMP0364,唐娟,女,2000-08-09,2023-08-09,4,架构师,初级,全职,离职,13800.0,2,北京,emp0364@xingchen-tech.com,1879220742,本科,2025-03-31,薪酬原因,t
365,EMP0365,谢明,男,2001-08-17,2023-08-17,1,架构师,初级,外包,在职,11800.0,2,北京,emp0365@xingchen-tech.com,1946163630,硕士,,,
366,EMP0366,杜凯,男,1980-08-04,2023-08-04,1,运维工程师,高级,全职,在职,38300.0,2,上海,emp0366@xingchen-tech.com,1307167622,本科,,,
367,EMP0367,孙俊,男,1990-09-21,2023-09-21,1,运维工程师,高级,全职,在职,41700.0,2,北京,emp0367@xingchen-tech.com,1935142666,硕士,,,
368,EMP0368,谢建华,男,1988-09-26,2023-09-26,3,运营专员,中级,全职,在职,14900.0,5,北京,emp0368@xingchen-tech.com,1948770322,硕士,,,
369,EMP0369,郭浩,男,1996-09-05,2023-09-05,3,运营专员,中级,全职,离职,22800.0,5,成都,emp0369@xingchen-tech.com,1916885169,本科,2026-01-19,薪酬原因,t
370,EMP0370,杨芳,女,1999-09-21,2023-09-21,3,运营专员,中级,全职,在职,20500.0,5,北京,emp0370@xingchen-tech.com,1907165950,硕士,,,
371,EMP0371,蒋军,男,1978-09-22,2023-09-22,6,质检专员,高级,全职,离职,13100.0,8,成都,emp0371@xingchen-tech.com,1312108921,硕士,2024-08-29,职业发展,t
372,EMP0372,梁刚,男,1993-09-21,2023-09-21,6,质检专员,高级,全职,离职,20000.0,8,成都,emp0372@xingchen-tech.com,1995052165,硕士,2025-04-23,薪酬原因,t
373,EMP0373,何娜,女,1999-09-07,2023-09-07,1,算法工程师,高级,全职,在职,40900.0,3,杭州,emp0373@xingchen-tech.com,1568235737,博士,,,
374,EMP0374,韩波,男,1996-09-20,2023-09-20,1,算法工程师,高级,全职,在职,31700.0,3,北京,emp0374@xingchen-tech.com,1831841223,本科,,,
375,EMP0375,冯颖,女,1990-09-20,2023-09-20,1,客服代表,中级,全职,离职,9500.0,8,成都,emp0375@xingchen-tech.com,1810402146,本科,2024-11-21,薪酬原因,t
376,EMP0376,高雪,女,1994-09-05,2023-09-05,6,客服代表,中级,全职,离职,13300.0,8,成都,emp0376@xingchen-tech.com,1874536364,硕士,2025-10-16,家庭原因,t
377,EMP0377,何娟,女,1979-09-08,2023-09-08,1,测试工程师,高级,全职,在职,28300.0,2,远程,emp0377@xingchen-tech.com,1303267369,硕士,,,
378,EMP0378,吕敏,女,1999-09-08,2023-09-08,1,测试工程师,高级,全职,在职,34900.0,2,深圳,emp0378@xingchen-tech.com,1858672090,本科,,,
379,EMP0379,唐雪莲,女,1986-09-25,2023-09-25,1,测试工程师,高级,全职,在职,40800.0,2,上海,emp0379@xingchen-tech.com,1571213861,硕士,,,
380,EMP0380,唐志强,男,1999-09-14,2023-09-14,1,软件工程师,高级,全职,离职,29000.0,2,北京,emp0380@xingchen-tech.com,1911126510,本科,2025-07-15,组织调整,f
381,EMP0381,罗晓雯,女,1996-09-13,2023-09-13,1,高级软件工程师,高级,全职,在职,31900.0,2,北京,emp0381@xingchen-tech.com,1870574392,本科,,,
382,EMP0382,曾琳,女,1989-09-11,2023-09-11,1,高级软件工程师,高级,实习,离职,25900.0,3,北京,emp0382@xingchen-tech.com,1918598511,本科,2024-07-04,实习结束,t
383,EMP0383,蒋雨欣,女,1982-10-16,2023-10-16,1,高级软件工程师,高级,全职,离职,29700.0,3,远程,emp0383@xingchen-tech.com,1325614293,本科,2023-12-01,薪酬原因,t
384,EMP0384,许晓燕,女,1983-10-18,2023-10-18,4,渠道经理,初级,全职,在职,13000.0,6,深圳,emp0384@xingchen-tech.com,1992157817,本科,,,
385,EMP0385,张艳,女,1999-10-17,2023-10-17,4,渠道经理,初级,全职,离职,13400.0,6,上海,emp0385@xingchen-tech.com,1881403801,硕士,2025-09-19,个人原因,t
386,EMP0386,魏天宇,男,1992-10-26,2023-10-26,7,招聘专员,初级,全职,离职,12200.0,9,北京,emp0386@xingchen-tech.com,1881724132,硕士,2025-08-29,家庭原因,t
387,EMP0387,潘芳,女,1992-10-23,2023-10-23,7,招聘专员,初级,外包,离职,9800.0,9,北京,emp0387@xingchen-tech.com,1901975368,硕士,2024-03-13,薪酬原因,t
388,EMP0388,魏宇,男,1982-10-04,2023-10-04,3,运营专员,初级,全职,离职,11100.0,5,北京,emp0388@xingchen-tech.com,1375591861,本科,2024-04-16,合同到期,f
389,EMP0389,彭勇,男,1995-10-17,2023-10-17,3,运营专员,初级,全职,在职,9300.0,5,北京,emp0389@xingchen-tech.com,1585868646,本科,,,
390,EMP0390,王凯,男,1998-10-13,2023-10-13,8,税务专员,初级,全职,离职,12300.0,10,北京,emp0390@xingchen-tech.com,1806649318,本科,2024-03-27,职业发展,t
391,EMP0391,程波,男,1990-10-17,2023-10-17,8,税务专员,初级,全职,离职,8200.0,10,北京,emp0391@xingchen-tech.com,1908496175,本科,2025-09-17,职业发展,t
392,EMP0392,黄娜,女,1984-10-04,2023-10-04,1,软件工程师,高级,全职,离职,36300.0,2,远程,emp0392@xingchen-tech.com,1974061807,硕士,2026-04-22,薪酬原因,t
393,EMP0393,程军,男,1997-10-10,2023-10-10,4,大客户经理,初级,全职,离职,8800.0,6,北京,emp0393@xingchen-tech.com,1501075836,硕士,2023-12-04,个人原因,t
394,EMP0394,胡强,男,2001-10-26,2023-10-26,4,大客户经理,初级,全职,在职,7900.0,6,上海,emp0394@xingchen-tech.com,1808283381,本科,,,
395,EMP0395,程娟,女,1979-11-14,2023-11-14,4,销售运营,中级,全职,在职,14800.0,6,深圳,emp0395@xingchen-tech.com,1548568830,本科,,,
396,EMP0396,李欣怡,女,1978-11-01,2023-11-01,3,数据分析师,初级,全职,离职,15400.0,5,远程,emp0396@xingchen-tech.com,1907644148,博士,2024-07-05,合同到期,f
397,EMP0397,郭娟,女,1987-11-08,2023-11-08,3,数据分析师,初级,全职,离职,11600.0,5,北京,emp0397@xingchen-tech.com,1304236891,本科,2024-05-14,薪酬原因,t
398,EMP0398,韩晓雯,女,1989-11-10,2023-11-10,6,客服代表,初级,全职,在职,8500.0,8,成都,emp0398@xingchen-tech.com,1922192723,硕士,,,
399,EMP0399,李文博,男,1998-11-01,2023-11-01,6,客服代表,初级,全职,离职,7000.0,8,成都,emp0399@xingchen-tech.com,1930214035,本科,2024-05-28,职业发展,t
400,EMP0400,何勇,男,1991-11-13,2023-11-13,1,架构师,中级,外包,在职,28200.0,3,成都,emp0400@xingchen-tech.com,1949292629,硕士,,,
401,EMP0401,李俊,男,1982-11-21,2023-11-21,1,架构师,中级,全职,在职,26400.0,3,北京,emp0401@xingchen-tech.com,1349482092,本科,,,
402,EMP0402,刘晓雯,女,1995-12-08,2023-12-08,1,算法工程师,初级,全职,离职,11000.0,2,成都,emp0402@xingchen-tech.com,1890885021,本科,2025-09-30,薪酬原因,t
403,EMP0403,宋帆,男,1997-12-21,2023-12-21,1,算法工程师,初级,全职,在职,13500.0,3,杭州,emp0403@xingchen-tech.com,1861099068,本科,,,
404,EMP0404,程梦琪,女,1991-12-08,2023-12-08,1,算法工程师,初级,兼职,离职,14700.0,2,成都,emp0404@xingchen-tech.com,1931593792,本科,2025-03-13,深造学习,t
405,EMP0405,韩浩然,男,1985-12-20,2023-12-20,4,销售代表,高级,全职,离职,21800.0,6,上海,emp0405@xingchen-tech.com,1567314514,硕士,2024-07-30,职业发展,t
406,EMP0406,吴健,男,1996-12-04,2023-12-04,4,销售代表,高级,全职,在职,20600.0,6,成都,emp0406@xingchen-tech.com,1571885690,硕士,,,
407,EMP0407,叶雪莲,女,1995-12-05,2023-12-05,4,销售代表,高级,全职,在职,27900.0,6,上海,emp0407@xingchen-tech.com,1931727240,硕士,,,
408,EMP0408,何晨,男,1984-12-04,2023-12-04,3,产品运营,中级,全职,离职,19000.0,4,深圳,emp0408@xingchen-tech.com,1396128709,硕士,2024-02-23,职业发展,t
409,EMP0409,杨文博,男,1996-12-05,2023-12-05,2,产品运营,中级,全职,离职,24400.0,4,北京,emp0409@xingchen-tech.com,1597130773,本科,2024-04-12,健康原因,t
410,EMP0410,杜子轩,男,1988-12-14,2023-12-14,6,产品运营,中级,全职,离职,16300.0,4,北京,emp0410@xingchen-tech.com,1325821441,本科,2026-03-17,职业发展,t
411,EMP0411,高琳,女,1989-12-14,2023-12-14,1,数据工程师,中级,全职,在职,25000.0,3,远程,emp0411@xingchen-tech.com,1864655229,硕士,,,
412,EMP0412,魏涛,男,1980-12-11,2023-12-11,1,数据工程师,中级,全职,在职,24600.0,3,杭州,emp0412@xingchen-tech.com,1325870723,本科,,,
413,EMP0413,余海燕,女,1991-01-02,2024-01-02,1,高级软件工程师,高级,全职,在职,30500.0,2,北京,emp0413@xingchen-tech.com,1815903733,硕士,,,
414,EMP0414,张芳,女,1992-01-23,2024-01-23,1,数据工程师,中级,全职,在职,19400.0,3,上海,emp0414@xingchen-tech.com,1357020660,硕士,,,
415,EMP0415,高颖,女,1995-01-01,2024-01-01,4,渠道经理,中级,全职,在职,12600.0,6,上海,emp0415@xingchen-tech.com,1950222642,本科,,,
416,EMP0416,许诗涵,女,1991-01-01,2024-01-01,4,渠道经理,中级,全职,离职,21300.0,6,成都,emp0416@xingchen-tech.com,1544131605,本科,2024-12-20,个人原因,t
417,EMP0417,韩文博,男,2000-01-02,2024-01-02,4,渠道经理,中级,全职,在职,19300.0,6,上海,emp0417@xingchen-tech.com,1322544924,本科,,,
418,EMP0418,王慧,女,1992-01-02,2024-01-02,3,运营专员,初级,全职,离职,15000.0,5,北京,emp0418@xingchen-tech.com,1342965636,本科,2024-06-03,个人原因,t
419,EMP0419,苏艳,女,1999-02-28,2024-02-28,1,数据工程师,高级,全职,在职,40500.0,2,北京,emp0419@xingchen-tech.com,1565304135,本科,,,
420,EMP0420,朱斌,男,1998-02-12,2024-02-12,3,运营专员,初级,全职,在职,13200.0,5,北京,emp0420@xingchen-tech.com,1521757375,本科,,,
421,EMP0421,郑波,男,1980-02-05,2024-02-05,1,数据工程师,高级,全职,离职,28200.0,2,杭州,emp0421@xingchen-tech.com,1323773830,硕士,2024-07-04,薪酬原因,t
422,EMP0422,程婷,女,1999-02-23,2024-02-23,1,数据工程师,高级,全职,在职,38300.0,2,深圳,emp0422@xingchen-tech.com,1925993170,本科,,,
423,EMP0423,杜强,男,1988-03-01,2024-03-01,1,算法工程师,初级,全职,在职,15000.0,2,北京,emp0423@xingchen-tech.com,1389964487,硕士,,,
424,EMP0424,余志强,男,1997-03-14,2024-03-14,4,软件工程师,中级,全职,离职,26700.0,3,北京,emp0424@xingchen-tech.com,1336881973,大专,2025-07-03,业绩不达标,f
425,EMP0425,王波,男,1991-03-05,2024-03-05,1,算法工程师,初级,全职,离职,16000.0,2,北京,emp0425@xingchen-tech.com,1851480909,本科,2024-12-20,个人原因,t
426,EMP0426,刘健,男,1990-03-15,2024-03-15,1,架构师,中级,全职,离职,17600.0,3,北京,emp0426@xingchen-tech.com,1811321812,硕士,2026-08-11,个人原因,t
427,EMP0427,谢子轩,男,1996-03-27,2024-03-27,1,软件工程师,中级,全职,离职,24300.0,2,北京,emp0427@xingchen-tech.com,1826587072,本科,2024-06-03,职业发展,t
428,EMP0428,彭颖,女,1990-03-12,2024-03-12,1,软件工程师,中级,全职,离职,23500.0,3,北京,emp0428@xingchen-tech.com,1861934108,本科,2025-03-18,组织调整,f
429,EMP0429,蒋晓雯,女,1999-03-04,2024-03-04,4,销售运营,初级,全职,在职,10000.0,6,上海,emp0429@xingchen-tech.com,1595167007,本科,,,
430,EMP0430,许晓雯,女,2002-03-08,2024-03-08,1,软件工程师,初级,全职,在职,11300.0,3,北京,emp0430@xingchen-tech.com,1596877017,本科,,,
431,EMP0431,许思远,男,1980-03-08,2024-03-08,3,算法工程师,中级,全职,在职,27300.0,3,北京,emp0431@xingchen-tech.com,1361124364,本科,,,
432,EMP0432,王娜,女,1990-03-22,2024-03-22,1,算法工程师,中级,全职,在职,22900.0,2,杭州,emp0432@xingchen-tech.com,1815606640,本科,,,
433,EMP0433,吕凯,男,1999-03-04,2024-03-04,1,算法工程师,中级,兼职,在职,26100.0,3,深圳,emp0433@xingchen-tech.com,1818740214,本科,,,
434,EMP0434,吴雅静,女,1998-03-21,2024-03-21,1,运维工程师,初级,全职,在职,10300.0,3,北京,emp0434@xingchen-tech.com,1564296288,本科,,,
435,EMP0435,杨晓东,男,1997-03-13,2024-03-13,1,运维工程师,初级,全职,在职,14200.0,3,北京,emp0435@xingchen-tech.com,1997596576,大专,,,
436,EMP0436,胡涛,男,1993-03-01,2024-03-01,4,渠道经理,高级,全职,离职,24000.0,6,上海,emp0436@xingchen-tech.com,1372676445,硕士,2024-08-13,组织调整,f
437,EMP0437,袁磊,男,2001-03-15,2024-03-15,4,渠道经理,高级,全职,在职,29300.0,6,北京,emp0437@xingchen-tech.com,1953293236,本科,,,
438,EMP0438,朱杰,男,1994-03-18,2024-03-18,4,渠道经理,高级,兼职,离职,28000.0,6,上海,emp0438@xingchen-tech.com,1351177447,本科,2024-07-31,职业发展,t
439,EMP0439,曹子轩,男,1996-03-25,2024-03-25,3,活动策划,初级,全职,离职,12000.0,5,成都,emp0439@xingchen-tech.com,1560544102,本科,2026-04-16,个人原因,t
440,EMP0440,徐雪莲,女,1990-03-22,2024-03-22,6,活动策划,初级,全职,离职,9300.0,5,上海,emp0440@xingchen-tech.com,1872471100,本科,2024-11-18,家庭原因,t
441,EMP0441,陈建华,男,1982-03-08,2024-03-08,3,运营专员,高级,实习,离职,28700.0,5,杭州,emp0441@xingchen-tech.com,1998576974,硕士,2025-06-04,实习结束,t
442,EMP0442,蔡建国,男,1996-04-23,2024-04-23,3,运营专员,高级,全职,离职,35300.0,5,深圳,emp0442@xingchen-tech.com,1373612423,硕士,2025-10-01,健康原因,t
443,EMP0443,宋晓燕,女,1998-04-11,2024-04-11,7,HR专员,高级,全职,在职,29900.0,9,北京,emp0443@xingchen-tech.com,1873753761,硕士,,,
444,EMP0444,肖辉,男,1986-04-24,2024-04-24,4,大客户经理,中级,全职,离职,17000.0,6,上海,emp0444@xingchen-tech.com,1839684436,大专,2024-10-01,个人原因,t
445,EMP0445,许佳怡,女,1980-04-12,2024-04-12,4,大客户经理,中级,全职,在职,16900.0,6,上海,emp0445@xingchen-tech.com,1395298507,本科,,,
446,EMP0446,蔡帆,男,2001-04-24,2024-04-24,1,数据工程师,初级,全职,离职,11600.0,2,北京,emp0446@xingchen-tech.com,1908070444,大专,2025-05-14,组织调整,f
447,EMP0447,韩晨,男,1990-04-24,2024-04-24,1,数据工程师,初级,全职,在职,17300.0,3,北京,emp0447@xingchen-tech.com,1841559282,本科,,,
448,EMP0448,肖慧,女,1998-04-04,2024-04-04,3,用户运营,初级,全职,在职,15300.0,5,北京,emp0448@xingchen-tech.com,1874692631,本科,,,
449,EMP0449,谢晓东,男,1996-04-25,2024-04-25,3,用户运营,初级,全职,在职,13900.0,5,北京,emp0449@xingchen-tech.com,1844347493,硕士,,,
450,EMP0450,彭志强,男,1998-04-18,2024-04-18,6,客服代表,初级,全职,在职,7300.0,8,成都,emp0450@xingchen-tech.com,1999739729,本科,,,
451,EMP0451,袁杰,男,1982-04-04,2024-04-04,6,客服代表,初级,外包,离职,6900.0,8,成都,emp0451@xingchen-tech.com,1343565861,硕士,2024-12-11,家庭原因,t
452,EMP0452,田强,男,1997-04-09,2024-04-09,1,测试工程师,初级,外包,离职,15000.0,2,杭州,emp0452@xingchen-tech.com,1804057745,本科,2025-07-17,个人原因,t
453,EMP0453,周佳怡,女,1982-04-19,2024-04-19,1,测试工程师,初级,全职,在职,17600.0,2,北京,emp0453@xingchen-tech.com,1806356840,本科,,,
454,EMP0454,吕文博,男,1990-04-08,2024-04-08,1,测试工程师,初级,全职,离职,14800.0,2,成都,emp0454@xingchen-tech.com,1511315901,本科,2025-01-08,职业发展,t
455,EMP0455,朱健,男,1996-04-01,2024-04-01,2,产品运营,初级,外包,离职,10100.0,4,远程,emp0455@xingchen-tech.com,1343238019,本科,2024-05-02,个人原因,t
456,EMP0456,高晓东,男,2002-04-16,2024-04-16,2,高级产品经理,专家,全职,在职,39500.0,4,北京,emp0456@xingchen-tech.com,1348390634,博士,,,
457,EMP0457,宋晨,男,1979-04-05,2024-04-05,2,高级产品经理,专家,全职,在职,45800.0,4,远程,emp0457@xingchen-tech.com,1984151863,博士,,,
458,EMP0458,田勇,男,1986-04-11,2024-04-11,2,高级产品经理,专家,全职,在职,34200.0,4,北京,emp0458@xingchen-tech.com,1513240944,硕士,,,
459,EMP0459,杨雅静,女,2001-04-16,2024-04-16,1,算法工程师,中级,全职,在职,22600.0,3,北京,emp0459@xingchen-tech.com,1372622737,本科,,,
460,EMP0460,郭勇,男,2001-04-24,2024-04-24,1,算法工程师,中级,全职,在职,27600.0,3,北京,emp0460@xingchen-tech.com,1935436854,本科,,,
461,EMP0461,田雪,女,1991-05-29,2024-05-29,1,算法工程师,中级,全职,在职,18900.0,2,远程,emp0461@xingchen-tech.com,1374050981,硕士,,,
462,EMP0462,田宇,男,1993-05-27,2024-05-27,1,架构师,专家,全职,在职,54300.0,2,北京,emp0462@xingchen-tech.com,1383295311,硕士,,,
463,EMP0463,高伟,男,1982-05-09,2024-05-09,1,架构师,专家,实习,离职,37900.0,2,北京,emp0463@xingchen-tech.com,1325396904,本科,2024-12-24,实习结束,t
464,EMP0464,魏丽,女,2000-05-08,2024-05-08,1,架构师,专家,全职,在职,58300.0,3,北京,emp0464@xingchen-tech.com,1546701316,本科,,,
465,EMP0465,蒋海燕,女,1989-05-21,2024-05-21,6,客服代表,初级,全职,离职,6900.0,8,成都,emp0465@xingchen-tech.com,1828474017,硕士,2024-12-03,健康原因,t
466,EMP0466,吕帆,男,1992-05-03,2024-05-03,6,客服代表,初级,全职,在职,5000.0,8,成都,emp0466@xingchen-tech.com,1968601860,大专,,,
467,EMP0467,孙芳,女,1990-05-28,2024-05-28,1,架构师,初级,实习,离职,14300.0,2,北京,emp0467@xingchen-tech.com,1809878283,博士,2025-01-09,实习结束,t
468,EMP0468,杨颖,女,1992-05-07,2024-05-07,1,架构师,初级,全职,离职,14600.0,3,上海,emp0468@xingchen-tech.com,1867828176,本科,2025-03-26,个人原因,t
469,EMP0469,许海燕,女,1997-05-01,2024-05-01,6,客服主管,中级,全职,在职,8900.0,8,成都,emp0469@xingchen-tech.com,1310584275,本科,,,
470,EMP0470,郭琳,女,2000-06-27,2024-06-27,4,渠道经理,中级,全职,在职,12800.0,6,远程,emp0470@xingchen-tech.com,1962020684,本科,,,
471,EMP0471,谢磊,男,1996-06-24,2024-06-24,1,软件工程师,中级,全职,在职,19800.0,3,北京,emp0471@xingchen-tech.com,1538775099,硕士,,,
472,EMP0472,邓浩,男,1987-06-19,2024-06-19,4,渠道经理,中级,全职,在职,19900.0,6,上海,emp0472@xingchen-tech.com,1384703922,硕士,,,
473,EMP0473,魏凯,男,1980-06-10,2024-06-10,1,软件工程师,中级,全职,在职,23200.0,2,上海,emp0473@xingchen-tech.com,1889075700,本科,,,
474,EMP0474,黄慧,女,1999-06-04,2024-06-04,4,渠道经理,中级,全职,在职,20900.0,6,上海,emp0474@xingchen-tech.com,1814202236,本科,,,
475,EMP0475,袁晓燕,女,2002-06-12,2024-06-12,4,渠道经理,中级,全职,离职,13300.0,6,北京,emp0475@xingchen-tech.com,1889161238,硕士,2025-08-18,家庭原因,t
476,EMP0476,黄帆,男,1995-06-26,2024-06-26,6,客服主管,初级,全职,在职,8800.0,8,成都,emp0476@xingchen-tech.com,1569999534,大专,,,
477,EMP0477,董佳怡,女,1991-06-04,2024-06-04,1,软件工程师,高级,全职,在职,39200.0,3,北京,emp0477@xingchen-tech.com,1521726434,本科,,,
478,EMP0478,刘浩,男,1990-06-17,2024-06-17,1,软件工程师,高级,全职,离职,39000.0,2,北京,emp0478@xingchen-tech.com,1303190887,硕士,2024-09-24,个人原因,t
479,EMP0479,程颖,女,1987-06-19,2024-06-19,5,市场专员,中级,全职,在职,19200.0,7,北京,emp0479@xingchen-tech.com,1598380126,硕士,,,
480,EMP0480,许强,男,1996-07-23,2024-07-23,5,市场专员,中级,全职,离职,13200.0,7,北京,emp0480@xingchen-tech.com,1916011705,本科,2025-07-07,健康原因,t
481,EMP0481,杨建国,男,2002-07-18,2024-07-18,1,架构师,初级,全职,离职,17000.0,2,北京,emp0481@xingchen-tech.com,1326415097,本科,2026-08-07,健康原因,t
482,EMP0482,郭晨,男,1994-07-05,2024-07-05,6,招聘专员,中级,全职,离职,22000.0,9,北京,emp0482@xingchen-tech.com,1851906456,本科,2025-01-14,个人原因,t
483,EMP0483,彭晓燕,女,1994-07-19,2024-07-19,7,招聘专员,中级,全职,在职,13600.0,9,北京,emp0483@xingchen-tech.com,1926476639,本科,,,
484,EMP0484,董文博,男,1996-07-09,2024-07-09,7,招聘专员,中级,全职,离职,21400.0,9,杭州,emp0484@xingchen-tech.com,1591624844,硕士,2025-08-04,家庭原因,t
485,EMP0485,邓慧,女,1999-07-12,2024-07-12,1,高级软件工程师,中级,全职,离职,27500.0,3,北京,emp0485@xingchen-tech.com,1902513514,硕士,2024-08-14,业绩不达标,f
486,EMP0486,余宇,男,1994-07-19,2024-07-19,1,高级软件工程师,中级,全职,在职,26100.0,2,北京,emp0486@xingchen-tech.com,1367008083,硕士,,,
487,EMP0487,周勇,男,2001-08-19,2024-08-19,1,高级软件工程师,中级,全职,在职,27600.0,2,北京,emp0487@xingchen-tech.com,1919456628,本科,,,
488,EMP0488,袁刚,男,1981-08-23,2024-08-23,3,活动策划,初级,全职,离职,15800.0,5,杭州,emp0488@xingchen-tech.com,1898013319,硕士,2025-05-02,薪酬原因,t
489,EMP0489,郭俊杰,男,1998-08-06,2024-08-06,8,税务专员,初级,全职,在职,10200.0,10,北京,emp0489@xingchen-tech.com,1829329663,大专,,,
490,EMP0490,谢志强,男,1996-08-23,2024-08-23,8,税务专员,初级,全职,在职,12100.0,10,北京,emp0490@xingchen-tech.com,1854299063,本科,,,
491,EMP0491,余磊,男,1995-08-05,2024-08-05,8,税务专员,初级,全职,在职,11500.0,10,深圳,emp0491@xingchen-tech.com,1559963660,本科,,,
492,EMP0492,刘雪莲,女,1990-08-07,2024-08-07,1,软件工程师,初级,全职,在职,13900.0,2,远程,emp0492@xingchen-tech.com,1550928511,硕士,,,
493,EMP0493,魏斌,男,1989-08-20,2024-08-20,7,软件工程师,初级,全职,在职,13400.0,3,北京,emp0493@xingchen-tech.com,1870037680,硕士,,,
494,EMP0494,高建国,男,1990-08-23,2024-08-23,1,软件工程师,初级,全职,在职,15600.0,3,远程,emp0494@xingchen-tech.com,1939150344,硕士,,,
495,EMP0495,李玉,女,1994-08-05,2024-08-05,7,HRBP,高级,全职,离职,25000.0,9,北京,emp0495@xingchen-tech.com,1913033952,本科,2025-03-10,业绩不达标,f
496,EMP0496,杜娜,女,1980-09-03,2024-09-03,7,薪酬绩效专员,初级,全职,在职,14000.0,9,北京,emp0496@xingchen-tech.com,1866411278,硕士,,,
497,EMP0497,吴颖,女,1992-09-11,2024-09-11,4,销售运营,高级,外包,在职,27300.0,6,成都,emp0497@xingchen-tech.com,1576825838,本科,,,
498,EMP0498,胡佳怡,女,2000-09-03,2024-09-03,7,HRBP,高级,全职,在职,25700.0,9,北京,emp0498@xingchen-tech.com,1338412396,硕士,,,
499,EMP0499,叶诗涵,女,2000-09-26,2024-09-26,4,销售运营,高级,全职,在职,23600.0,6,上海,emp0499@xingchen-tech.com,1904916557,本科,,,
500,EMP0500,李佳怡,女,1998-09-11,2024-09-11,4,销售运营,高级,全职,离职,30600.0,6,上海,emp0500@xingchen-tech.com,1963380255,硕士,2025-05-06,个人原因,t
501,EMP0501,潘晓东,男,1991-09-11,2024-09-11,1,算法工程师,初级,全职,离职,10700.0,2,远程,emp0501@xingchen-tech.com,1384192265,大专,2024-10-11,个人原因,t
502,EMP0502,朱琳,女,1997-09-17,2024-09-17,1,算法工程师,初级,全职,在职,16300.0,3,北京,emp0502@xingchen-tech.com,1907538125,硕士,,,
503,EMP0503,袁志强,男,1989-09-17,2024-09-17,2,产品运营,中级,全职,在职,23700.0,4,北京,emp0503@xingchen-tech.com,1886883065,硕士,,,
504,EMP0504,罗建华,男,1986-09-16,2024-09-16,2,产品运营,中级,全职,在职,25700.0,4,北京,emp0504@xingchen-tech.com,1501000020,本科,,,
505,EMP0505,李雨欣,女,1987-09-04,2024-09-04,1,运维工程师,中级,全职,离职,20300.0,2,远程,emp0505@xingchen-tech.com,1500285527,本科,2025-05-06,个人原因,t
506,EMP0506,林伟,男,1989-09-06,2024-09-06,1,运维工程师,中级,全职,离职,28400.0,3,北京,emp0506@xingchen-tech.com,1891689058,本科,2025-05-23,组织调整,f
507,EMP0507,谢诗涵,女,1992-09-24,2024-09-24,3,活动策划,中级,全职,在职,20300.0,5,北京,emp0507@xingchen-tech.com,1816864902,本科,,,
508,EMP0508,袁丽,女,1993-09-11,2024-09-11,3,活动策划,中级,全职,在职,19800.0,5,北京,emp0508@xingchen-tech.com,1583889555,本科,,,
509,EMP0509,马晓雯,女,2002-09-19,2024-09-19,4,渠道经理,中级,全职,在职,15600.0,6,远程,emp0509@xingchen-tech.com,1389749637,本科,,,
510,EMP0510,苏晨,男,1982-09-06,2024-09-06,4,渠道经理,中级,全职,在职,19800.0,6,上海,emp0510@xingchen-tech.com,1833369656,博士,,,
511,EMP0511,曾诗涵,女,1981-10-25,2024-10-25,4,大客户经理,初级,全职,离职,8100.0,6,上海,emp0511@xingchen-tech.com,1345077947,本科,2026-02-10,业绩不达标,f
512,EMP0512,林晓雯,女,1996-10-04,2024-10-04,1,高级软件工程师,初级,全职,在职,10100.0,2,北京,emp0512@xingchen-tech.com,1985721514,硕士,,,
513,EMP0513,吕雪莲,女,2001-10-08,2024-10-08,1,高级软件工程师,初级,全职,在职,10100.0,3,北京,emp0513@xingchen-tech.com,1311795436,大专,,,
514,EMP0514,吴静,女,1992-10-03,2024-10-03,4,大客户经理,初级,全职,在职,7900.0,6,上海,emp0514@xingchen-tech.com,1315649320,硕士,,,
515,EMP0515,吴辉,男,1995-10-24,2024-10-24,1,测试工程师,初级,全职,在职,15800.0,2,北京,emp0515@xingchen-tech.com,1588144036,本科,,,
516,EMP0516,郑诗涵,女,2001-10-08,2024-10-08,1,测试工程师,初级,全职,在职,15200.0,3,北京,emp0516@xingchen-tech.com,1906936871,本科,,,
517,EMP0517,梁慧,女,2000-10-23,2024-10-23,2,产品经理,初级,全职,在职,15800.0,4,远程,emp0517@xingchen-tech.com,1898447855,本科,,,
518,EMP0518,袁艳,女,1998-10-09,2024-10-09,2,产品经理,初级,外包,离职,13800.0,4,深圳,emp0518@xingchen-tech.com,1891362561,本科,2025-03-20,个人原因,t
519,EMP0519,杜晓东,男,1990-10-07,2024-10-07,2,产品经理,初级,全职,在职,15100.0,4,北京,emp0519@xingchen-tech.com,1816424255,本科,,,
520,EMP0520,郑军,男,1990-10-09,2024-10-09,6,客服主管,高级,全职,离职,16800.0,8,成都,emp0520@xingchen-tech.com,1513808252,硕士,2025-02-19,个人原因,t
521,EMP0521,潘晓燕,女,1996-10-14,2024-10-14,6,客服主管,高级,全职,离职,14600.0,8,成都,emp0521@xingchen-tech.com,1871935015,硕士,2025-05-12,合同到期,f
522,EMP0522,杨莹,女,1998-10-01,2024-10-01,4,大客户经理,高级,全职,在职,21900.0,6,上海,emp0522@xingchen-tech.com,1947363528,本科,,,
523,EMP0523,林琳,女,2001-10-23,2024-10-23,4,大客户经理,高级,全职,离职,20000.0,6,上海,emp0523@xingchen-tech.com,1883896560,硕士,2025-04-01,薪酬原因,t
524,EMP0524,张健,男,1989-11-12,2024-11-12,7,HR专员,初级,全职,离职,13700.0,9,北京,emp0524@xingchen-tech.com,1802716525,本科,2025-04-04,个人原因,t
525,EMP0525,徐琳,女,1996-11-28,2024-11-28,7,HR专员,初级,全职,离职,8400.0,9,杭州,emp0525@xingchen-tech.com,1381701811,本科,2024-12-31,薪酬原因,t
526,EMP0526,曹琳,女,1979-11-05,2024-11-05,3,运营专员,中级,全职,在职,16300.0,5,成都,emp0526@xingchen-tech.com,1911267030,本科,,,
527,EMP0527,宋晓东,男,1986-11-25,2024-11-25,8,出纳,高级,外包,在职,23100.0,10,北京,emp0527@xingchen-tech.com,1819320472,硕士,,,
528,EMP0528,朱俊,男,1999-11-13,2024-11-13,8,出纳,高级,全职,在职,23100.0,10,北京,emp0528@xingchen-tech.com,1540989204,本科,,,
529,EMP0529,李宇,男,1995-11-12,2024-11-12,8,出纳,高级,全职,在职,24200.0,10,北京,emp0529@xingchen-tech.com,1563436333,硕士,,,
530,EMP0530,胡娟,女,2001-11-22,2024-11-22,3,用户运营,高级,全职,离职,32300.0,5,北京,emp0530@xingchen-tech.com,1339154815,本科,2024-12-02,薪酬原因,t
531,EMP0531,宋雨欣,女,1995-11-08,2024-11-08,3,用户运营,高级,兼职,离职,28800.0,5,深圳,emp0531@xingchen-tech.com,1855976316,硕士,2025-05-27,个人原因,t
532,EMP0532,周欣怡,女,1999-12-31,2024-12-31,1,测试工程师,中级,全职,离职,22800.0,3,北京,emp0532@xingchen-tech.com,1582941053,硕士,2026-08-17,薪酬原因,t
533,EMP0533,赵波,男,1999-12-03,2024-12-03,3,活动策划,初级,外包,在职,14200.0,5,杭州,emp0533@xingchen-tech.com,1549932422,硕士,,,
534,EMP0534,张洋,男,1986-12-05,2024-12-05,3,活动策划,初级,全职,离职,12600.0,5,北京,emp0534@xingchen-tech.com,1893683508,本科,2025-05-09,个人原因,t
535,EMP0535,陈雪莲,女,1998-12-27,2024-12-27,1,测试工程师,中级,全职,离职,28600.0,3,北京,emp0535@xingchen-tech.com,1817542233,本科,2026-07-28,个人原因,t
536,EMP0536,赵洋,男,1992-12-26,2024-12-26,6,客服主管,高级,全职,在职,20600.0,8,成都,emp0536@xingchen-tech.com,1391723324,本科,,,
537,EMP0537,吕莹,女,1986-12-12,2024-12-12,6,客服主管,高级,全职,在职,13200.0,8,杭州,emp0537@xingchen-tech.com,1897818120,硕士,,,
538,EMP0538,肖杰,男,1983-12-24,2024-12-24,1,客服主管,高级,全职,在职,14100.0,8,成都,emp0538@xingchen-tech.com,1516872355,博士,,,
539,EMP0539,何慧,女,1985-12-27,2024-12-27,1,运维工程师,中级,外包,离职,27300.0,2,北京,emp0539@xingchen-tech.com,1386530228,本科,2026-01-21,职业发展,t
540,EMP0540,蔡艳,女,1990-01-01,2025-01-01,1,运维工程师,中级,实习,离职,22700.0,3,北京,emp0540@xingchen-tech.com,1878937160,本科,2025-07-28,实习结束,t
541,EMP0541,董俊杰,男,2000-01-22,2025-01-22,1,运维工程师,中级,全职,在职,20200.0,2,北京,emp0541@xingchen-tech.com,1301199077,本科,,,
542,EMP0542,李思远,男,1997-01-16,2025-01-16,1,运维工程师,中级,全职,在职,24700.0,3,北京,emp0542@xingchen-tech.com,1391356197,本科,,,
543,EMP0543,张娟,女,2000-01-24,2025-01-24,1,数据工程师,中级,全职,在职,19400.0,3,北京,emp0543@xingchen-tech.com,1915063370,本科,,,
544,EMP0544,高欣怡,女,1980-01-16,2025-01-16,1,数据工程师,中级,兼职,在职,22600.0,3,北京,emp0544@xingchen-tech.com,1928039123,本科,,,
545,EMP0545,赵军,男,1987-01-14,2025-01-14,1,数据工程师,中级,兼职,离职,16900.0,2,北京,emp0545@xingchen-tech.com,1873155003,硕士,2026-01-21,健康原因,t
546,EMP0546,彭建华,男,1998-01-30,2025-01-30,4,销售代表,高级,全职,在职,29600.0,6,上海,emp0546@xingchen-tech.com,1841198231,博士,,,
547,EMP0547,田波,男,1993-01-24,2025-01-24,1,运维工程师,初级,全职,在职,16400.0,3,北京,emp0547@xingchen-tech.com,1819452687,本科,,,
548,EMP0548,张志强,男,1995-02-19,2025-02-19,1,算法工程师,初级,全职,在职,11500.0,2,上海,emp0548@xingchen-tech.com,1361295678,大专,,,
549,EMP0549,谢杰,男,1986-02-11,2025-02-11,1,运维工程师,初级,全职,在职,18100.0,3,北京,emp0549@xingchen-tech.com,1549424178,硕士,,,
550,EMP0550,苏文博,男,1999-02-25,2025-02-25,4,运维工程师,初级,全职,在职,10100.0,2,北京,emp0550@xingchen-tech.com,1889244176,本科,,,
551,EMP0551,杜雨欣,女,1990-02-10,2025-02-10,5,市场专员,初级,全职,在职,9500.0,7,成都,emp0551@xingchen-tech.com,1310774341,本科,,,
552,EMP0552,冯欣怡,女,2001-03-04,2025-03-04,3,运营专员,初级,全职,在职,11400.0,5,北京,emp0552@xingchen-tech.com,1361828249,大专,,,
553,EMP0553,何海燕,女,1984-03-04,2025-03-04,1,运营专员,初级,全职,在职,15800.0,5,北京,emp0553@xingchen-tech.com,1506566088,本科,,,
554,EMP0554,孙杰,男,1987-03-24,2025-03-24,4,销售运营,中级,全职,在职,13300.0,6,上海,emp0554@xingchen-tech.com,1512046077,本科,,,
555,EMP0555,韩静,女,1996-03-06,2025-03-06,7,销售运营,中级,全职,离职,15800.0,6,上海,emp0555@xingchen-tech.com,1928255699,硕士,2026-03-25,深造学习,t
556,EMP0556,李杰,男,2001-03-14,2025-03-14,4,销售运营,中级,全职,在职,14000.0,6,远程,emp0556@xingchen-tech.com,1927405710,硕士,,,
557,EMP0557,何辉,男,1999-03-17,2025-03-17,3,用户运营,高级,全职,在职,34300.0,5,北京,emp0557@xingchen-tech.com,1580481760,本科,,,
558,EMP0558,蔡敏,女,2003-03-25,2025-03-25,4,销售运营,初级,全职,在职,11500.0,6,远程,emp0558@xingchen-tech.com,1364848606,博士,,,
559,EMP0559,罗宇,男,1981-03-27,2025-03-27,4,销售运营,初级,全职,在职,8400.0,6,上海,emp0559@xingchen-tech.com,1334540068,本科,,,
560,EMP0560,张子轩,男,2002-03-11,2025-03-11,1,高级软件工程师,高级,全职,离职,31500.0,2,北京,emp0560@xingchen-tech.com,1902485670,硕士,2026-07-21,个人原因,t
561,EMP0561,叶娜,女,1996-03-27,2025-03-27,1,高级软件工程师,高级,外包,离职,34100.0,2,深圳,emp0561@xingchen-tech.com,1949537502,本科,2026-06-25,职业发展,t
562,EMP0562,冯艳,女,1997-03-14,2025-03-14,1,高级软件工程师,高级,全职,在职,30400.0,3,远程,emp0562@xingchen-tech.com,1337088293,本科,,,
563,EMP0563,李诗涵,女,1994-03-03,2025-03-03,1,算法工程师,初级,全职,在职,13900.0,2,北京,emp0563@xingchen-tech.com,1573551939,本科,,,
564,EMP0564,曹梦琪,女,1986-03-27,2025-03-27,1,高级软件工程师,初级,全职,离职,14400.0,3,北京,emp0564@xingchen-tech.com,1977561561,本科,2025-07-25,薪酬原因,t
565,EMP0565,田芳,女,1993-03-25,2025-03-25,1,高级软件工程师,初级,全职,在职,15100.0,2,成都,emp0565@xingchen-tech.com,1392085345,硕士,,,
566,EMP0566,杜建国,男,1996-03-07,2025-03-07,1,算法工程师,高级,全职,在职,31900.0,2,北京,emp0566@xingchen-tech.com,1812253019,本科,,,
567,EMP0567,许莹,女,1994-03-05,2025-03-05,2,产品经理,初级,全职,在职,13000.0,4,北京,emp0567@xingchen-tech.com,1997507489,硕士,,,
568,EMP0568,冯凯,男,1989-03-04,2025-03-04,2,UI设计师,初级,全职,离职,16300.0,4,北京,emp0568@xingchen-tech.com,1348459698,本科,2026-05-12,合同到期,f
569,EMP0569,赵强,男,1998-03-25,2025-03-25,2,UI设计师,初级,全职,在职,10600.0,4,北京,emp0569@xingchen-tech.com,1364660357,硕士,,,
570,EMP0570,魏思琪,女,1994-03-25,2025-03-25,2,UI设计师,初级,全职,离职,13800.0,4,成都,emp0570@xingchen-tech.com,1905175651,本科,2025-08-06,健康原因,t
571,EMP0571,彭洋,男,1996-03-25,2025-03-25,7,HRBP,初级,实习,离职,8700.0,9,北京,emp0571@xingchen-tech.com,1964486125,博士,2025-07-07,实习结束,t
572,EMP0572,冯辉,男,1988-03-27,2025-03-27,1,数据工程师,初级,全职,离职,16800.0,3,北京,emp0572@xingchen-tech.com,1358153642,硕士,2025-12-19,组织调整,f
573,EMP0573,赵雪,女,1997-04-14,2025-04-14,1,数据工程师,初级,全职,离职,10800.0,2,深圳,emp0573@xingchen-tech.com,1573157828,硕士,2026-07-27,个人原因,t
574,EMP0574,马晓东,男,1990-04-30,2025-04-30,1,数据工程师,初级,全职,在职,17300.0,2,北京,emp0574@xingchen-tech.com,1888093060,本科,,,
575,EMP0575,蒋慧,女,2002-04-21,2025-04-21,1,高级软件工程师,中级,全职,在职,21600.0,2,北京,emp0575@xingchen-tech.com,1917414865,本科,,,
576,EMP0576,马艳,女,1993-04-23,2025-04-23,1,高级软件工程师,中级,全职,在职,27900.0,3,北京,emp0576@xingchen-tech.com,1540193929,本科,,,
577,EMP0577,马杰,男,1993-04-08,2025-04-08,4,销售代表,初级,实习,离职,12500.0,6,上海,emp0577@xingchen-tech.com,1906220983,本科,2025-08-26,实习结束,t
578,EMP0578,陈芳,女,1990-04-16,2025-04-16,1,高级软件工程师,中级,外包,在职,23100.0,2,上海,emp0578@xingchen-tech.com,1568858115,博士,,,
579,EMP0579,邓志强,男,1998-04-08,2025-04-08,3,活动策划,高级,全职,离职,34600.0,5,北京,emp0579@xingchen-tech.com,1347564914,本科,2026-02-09,健康原因,t
580,EMP0580,梁欣怡,女,2001-04-22,2025-04-22,2,产品经理,初级,全职,在职,15400.0,4,杭州,emp0580@xingchen-tech.com,1996410690,本科,,,
581,EMP0581,苏志强,男,1989-04-18,2025-04-18,5,内容运营,初级,全职,在职,9800.0,7,北京,emp0581@xingchen-tech.com,1565956521,硕士,,,
582,EMP0582,董玉,女,2003-04-21,2025-04-21,5,内容运营,初级,全职,在职,11400.0,7,上海,emp0582@xingchen-tech.com,1931760627,博士,,,
583,EMP0583,曾志强,男,1987-04-28,2025-04-28,5,内容运营,初级,外包,在职,11900.0,7,上海,emp0583@xingchen-tech.com,1375606673,本科,,,
584,EMP0584,孙子轩,男,1992-04-25,2025-04-25,1,算法工程师,初级,全职,在职,16200.0,2,北京,emp0584@xingchen-tech.com,1561552388,本科,,,
585,EMP0585,苏琳,女,2002-04-18,2025-04-18,1,算法工程师,初级,全职,在职,16300.0,3,北京,emp0585@xingchen-tech.com,1857329553,本科,,,
586,EMP0586,刘艳,女,1988-04-04,2025-04-04,6,客服代表,初级,外包,在职,8600.0,8,成都,emp0586@xingchen-tech.com,1852082334,本科,,,
587,EMP0587,余斌,男,1982-04-16,2025-04-16,6,客服代表,初级,实习,离职,8000.0,8,成都,emp0587@xingchen-tech.com,1566197034,本科,2025-09-09,实习结束,t
588,EMP0588,冯莹,女,1987-04-28,2025-04-28,5,市场专员,初级,全职,离职,11200.0,7,成都,emp0588@xingchen-tech.com,1398547528,本科,2025-11-03,家庭原因,t
589,EMP0589,高婷,女,1983-04-17,2025-04-17,8,出纳,高级,实习,离职,21600.0,10,北京,emp0589@xingchen-tech.com,1558026891,本科,2026-02-05,实习结束,t
590,EMP0590,余俊杰,男,1990-04-18,2025-04-18,8,出纳,高级,全职,在职,29300.0,10,北京,emp0590@xingchen-tech.com,1919694877,本科,,,
591,EMP0591,马敏,女,1995-04-30,2025-04-30,8,出纳,高级,全职,在职,24600.0,10,北京,emp0591@xingchen-tech.com,1521803030,本科,,,
592,EMP0592,郑雪,女,1993-05-06,2025-05-06,1,运维工程师,初级,全职,在职,16300.0,3,北京,emp0592@xingchen-tech.com,1852115010,硕士,,,
593,EMP0593,孙晓东,男,1986-05-16,2025-05-16,6,质检专员,初级,全职,在职,5700.0,8,成都,emp0593@xingchen-tech.com,1331556789,本科,,,
594,EMP0594,曹志强,男,1999-05-26,2025-05-26,1,高级软件工程师,初级,外包,离职,14800.0,2,杭州,emp0594@xingchen-tech.com,1928295228,硕士,2026-05-19,职业发展,t
595,EMP0595,赵杰,男,1991-05-19,2025-05-19,1,高级软件工程师,初级,全职,在职,11500.0,2,成都,emp0595@xingchen-tech.com,1978199510,本科,,,
596,EMP0596,朱晓雯,女,1981-05-16,2025-05-16,1,软件工程师,高级,外包,在职,35300.0,2,北京,emp0596@xingchen-tech.com,1863259797,硕士,,,
597,EMP0597,周子轩,男,1980-05-15,2025-05-15,1,软件工程师,高级,全职,在职,26600.0,2,北京,emp0597@xingchen-tech.com,1577530346,硕士,,,
598,EMP0598,曹莹,女,2003-05-05,2025-05-05,1,数据工程师,中级,全职,在职,21500.0,2,远程,emp0598@xingchen-tech.com,1971176131,硕士,,,
599,EMP0599,朱欣怡,女,1996-05-30,2025-05-30,1,数据工程师,中级,外包,在职,19700.0,3,北京,emp0599@xingchen-tech.com,1364887172,本科,,,
600,EMP0600,苏婷,女,2002-05-28,2025-05-28,1,数据工程师,中级,全职,在职,16800.0,2,北京,emp0600@xingchen-tech.com,1878076826,本科,,,
601,EMP0601,李洋,男,1985-05-12,2025-05-12,1,测试工程师,初级,全职,在职,13200.0,2,远程,emp0601@xingchen-tech.com,1994312405,大专,,,
602,EMP0602,张涛,男,1997-05-21,2025-05-21,1,测试工程师,初级,全职,在职,17800.0,3,远程,emp0602@xingchen-tech.com,1316944963,硕士,,,
603,EMP0603,潘强,男,1995-06-27,2025-06-27,1,软件工程师,中级,全职,在职,18700.0,2,北京,emp0603@xingchen-tech.com,1375009751,本科,,,
604,EMP0604,韩雪莲,女,1991-06-04,2025-06-04,1,软件工程师,中级,全职,在职,18400.0,3,北京,emp0604@xingchen-tech.com,1324200835,本科,,,
605,EMP0605,马晨,男,2003-06-23,2025-06-23,2,产品运营,中级,全职,在职,19900.0,4,远程,emp0605@xingchen-tech.com,1918998841,本科,,,
606,EMP0606,蔡雨欣,女,1992-06-13,2025-06-13,4,产品运营,中级,全职,在职,19800.0,4,北京,emp0606@xingchen-tech.com,1912065590,硕士,,,
607,EMP0607,田帆,男,1980-06-02,2025-06-02,2,产品运营,中级,全职,在职,18000.0,4,杭州,emp0607@xingchen-tech.com,1561568352,本科,,,
608,EMP0608,邓建华,男,1992-06-06,2025-06-06,8,高级软件工程师,高级,全职,在职,29000.0,3,北京,emp0608@xingchen-tech.com,1308288912,本科,,,
609,EMP0609,余晓燕,女,1999-06-26,2025-06-26,1,高级软件工程师,高级,全职,在职,36200.0,2,远程,emp0609@xingchen-tech.com,1998040855,本科,,,
610,EMP0610,李雪,女,1982-06-17,2025-06-17,1,软件工程师,中级,全职,在职,25600.0,2,北京,emp0610@xingchen-tech.com,1343681152,本科,,,
611,EMP0611,彭浩然,男,1990-07-22,2025-07-22,1,软件工程师,中级,外包,在职,21800.0,3,远程,emp0611@xingchen-tech.com,1325219051,本科,,,
612,EMP0612,蒋莹,女,1998-07-25,2025-07-25,4,销售运营,中级,全职,离职,20800.0,6,上海,emp0612@xingchen-tech.com,1883579425,本科,2025-12-01,职业发展,t
613,EMP0613,余强,男,1999-07-21,2025-07-21,4,销售运营,中级,全职,离职,16100.0,6,上海,emp0613@xingchen-tech.com,1912497454,本科,2025-08-28,个人原因,t
614,EMP0614,郑浩,男,1987-07-04,2025-07-04,2,高级产品经理,专家,全职,在职,39000.0,4,北京,emp0614@xingchen-tech.com,1347793974,本科,,,
615,EMP0615,袁诗涵,女,2003-07-25,2025-07-25,6,客服主管,初级,外包,离职,8000.0,8,成都,emp0615@xingchen-tech.com,1359784500,本科,2026-03-27,个人原因,t
616,EMP0616,蔡雪,女,1992-07-23,2025-07-23,4,大客户经理,中级,全职,离职,18000.0,6,上海,emp0616@xingchen-tech.com,1880115187,博士,2026-04-17,职业发展,t
617,EMP0617,郭莹,女,1981-07-14,2025-07-14,4,大客户经理,中级,全职,离职,18500.0,6,上海,emp0617@xingchen-tech.com,1515353006,本科,2026-06-04,个人原因,t
618,EMP0618,冯雪,女,1999-07-22,2025-07-22,4,大客户经理,中级,全职,离职,20200.0,6,上海,emp0618@xingchen-tech.com,1507343738,本科,2025-12-23,个人原因,t
619,EMP0619,杜颖,女,1993-07-29,2025-07-29,1,架构师,高级,全职,在职,31700.0,3,北京,emp0619@xingchen-tech.com,1820661112,博士,,,
620,EMP0620,何浩,男,2001-08-20,2025-08-20,1,算法工程师,初级,全职,在职,10600.0,2,成都,emp0620@xingchen-tech.com,1990951594,本科,,,
621,EMP0621,赵娜,女,1994-08-26,2025-08-26,6,客服主管,初级,全职,在职,6100.0,8,成都,emp0621@xingchen-tech.com,1322783467,硕士,,,
622,EMP0622,林娟,女,1997-08-06,2025-08-06,1,架构师,高级,全职,在职,30600.0,2,北京,emp0622@xingchen-tech.com,1364336311,硕士,,,
623,EMP0623,叶佳怡,女,1993-08-22,2025-08-22,1,算法工程师,初级,全职,在职,17800.0,2,上海,emp0623@xingchen-tech.com,1540853104,本科,,,
624,EMP0624,林晨,男,1995-08-11,2025-08-11,1,算法工程师,初级,全职,在职,15900.0,3,成都,emp0624@xingchen-tech.com,1532309761,大专,,,
625,EMP0625,苏敏,女,2001-08-06,2025-08-06,1,算法工程师,中级,全职,在职,20000.0,2,北京,emp0625@xingchen-tech.com,1962750678,本科,,,
626,EMP0626,邓浩然,男,2002-08-19,2025-08-19,6,质检专员,初级,全职,在职,6700.0,8,成都,emp0626@xingchen-tech.com,1522889597,本科,,,
627,EMP0627,孙梦琪,女,1983-08-05,2025-08-05,6,质检专员,初级,兼职,在职,9000.0,8,上海,emp0627@xingchen-tech.com,1375210111,大专,,,
628,EMP0628,杨慧,女,1991-08-27,2025-08-27,6,质检专员,初级,全职,在职,7600.0,8,成都,emp0628@xingchen-tech.com,1537292596,本科,,,
629,EMP0629,王刚,男,1991-08-11,2025-08-11,4,大客户经理,初级,全职,离职,12600.0,6,杭州,emp0629@xingchen-tech.com,1899540064,博士,2026-04-15,家庭原因,t
630,EMP0630,余雨欣,女,1989-08-28,2025-08-28,4,大客户经理,初级,全职,在职,8000.0,6,上海,emp0630@xingchen-tech.com,1350774521,本科,,,
631,EMP0631,冯娜,女,1997-09-16,2025-09-16,1,算法工程师,专家,全职,在职,50400.0,3,深圳,emp0631@xingchen-tech.com,1840436200,本科,,,
632,EMP0632,肖颖,女,1987-09-03,2025-09-03,1,算法工程师,专家,全职,在职,51000.0,2,北京,emp0632@xingchen-tech.com,1344761267,本科,,,
633,EMP0633,潘婷,女,2001-09-19,2025-09-19,2,数据工程师,专家,全职,在职,38600.0,3,北京,emp0633@xingchen-tech.com,1838045051,硕士,,,
634,EMP0634,肖勇,男,2003-09-08,2025-09-08,1,数据工程师,专家,外包,在职,60700.0,3,北京,emp0634@xingchen-tech.com,1888204695,本科,,,
635,EMP0635,郑娜,女,1996-09-26,2025-09-26,7,招聘专员,初级,全职,在职,10100.0,9,北京,emp0635@xingchen-tech.com,1908728705,本科,,,
636,EMP0636,袁梦琪,女,2001-09-29,2025-09-29,1,算法工程师,高级,全职,在职,33700.0,2,北京,emp0636@xingchen-tech.com,1945283524,本科,,,
637,EMP0637,许涛,男,2001-09-29,2025-09-29,1,算法工程师,高级,全职,在职,38000.0,3,成都,emp0637@xingchen-tech.com,1508287327,硕士,,,
638,EMP0638,潘慧,女,1985-09-02,2025-09-02,1,算法工程师,高级,全职,在职,37600.0,3,北京,emp0638@xingchen-tech.com,1532976841,本科,,,
639,EMP0639,李思琪,女,1999-09-19,2025-09-19,7,测试工程师,专家,全职,在职,41400.0,3,杭州,emp0639@xingchen-tech.com,1380017909,本科,,,
640,EMP0640,孙雪莲,女,1987-09-30,2025-09-30,1,软件工程师,初级,全职,在职,12000.0,3,北京,emp0640@xingchen-tech.com,1879390876,大专,,,
641,EMP0641,曾军,男,1998-09-26,2025-09-26,1,软件工程师,初级,全职,在职,15400.0,2,北京,emp0641@xingchen-tech.com,1978459753,大专,,,
642,EMP0642,朱莹,女,1999-09-10,2025-09-10,1,软件工程师,初级,全职,在职,16400.0,3,上海,emp0642@xingchen-tech.com,1356705699,博士,,,
643,EMP0643,陈浩,男,1999-09-03,2025-09-03,7,薪酬绩效专员,初级,全职,在职,8000.0,9,杭州,emp0643@xingchen-tech.com,1974062426,本科,,,
644,EMP0644,唐辉,男,1984-09-25,2025-09-25,6,客服代表,初级,全职,离职,8400.0,8,成都,emp0644@xingchen-tech.com,1813242566,本科,2026-04-23,健康原因,t
645,EMP0645,董浩,男,1998-09-19,2025-09-19,6,客服代表,初级,外包,离职,5100.0,8,远程,emp0645@xingchen-tech.com,1952190321,硕士,2026-04-02,薪酬原因,t
646,EMP0646,谢宇,男,1995-09-25,2025-09-25,3,用户运营,初级,全职,在职,11700.0,5,上海,emp0646@xingchen-tech.com,1504405040,本科,,,
647,EMP0647,曾雅静,女,1994-09-04,2025-09-04,3,用户运营,初级,全职,在职,13300.0,5,北京,emp0647@xingchen-tech.com,1365475235,大专,,,
648,EMP0648,朱敏,女,1994-09-18,2025-09-18,3,用户运营,初级,全职,在职,12400.0,5,远程,emp0648@xingchen-tech.com,1961941538,硕士,,,
649,EMP0649,林佳怡,女,2002-09-30,2025-09-30,1,高级软件工程师,中级,全职,在职,26800.0,2,北京,emp0649@xingchen-tech.com,1579870995,硕士,,,
650,EMP0650,黄涛,男,1995-09-09,2025-09-09,1,高级软件工程师,中级,全职,在职,28000.0,2,上海,emp0650@xingchen-tech.com,1870710302,本科,,,
651,EMP0651,陈雨欣,女,1998-09-18,2025-09-18,1,高级软件工程师,中级,全职,在职,19400.0,3,远程,emp0651@xingchen-tech.com,1836817517,本科,,,
652,EMP0652,许俊,男,1981-10-31,2025-10-31,4,销售运营,初级,全职,离职,8200.0,6,杭州,emp0652@xingchen-tech.com,1337905333,本科,2025-12-25,个人原因,t
653,EMP0653,徐健,男,1998-10-23,2025-10-23,2,产品经理,初级,全职,在职,10800.0,4,北京,emp0653@xingchen-tech.com,1548092769,本科,,,
654,EMP0654,高晓雯,女,1980-10-24,2025-10-24,1,运维工程师,中级,兼职,离职,22600.0,3,上海,emp0654@xingchen-tech.com,1365325887,博士,2026-07-22,职业发展,t
655,EMP0655,曾玉,女,1997-10-08,2025-10-08,1,运维工程师,中级,全职,在职,19800.0,3,远程,emp0655@xingchen-tech.com,1337347952,本科,,,
656,EMP0656,杨勇,男,1998-10-16,2025-10-16,1,高级软件工程师,初级,全职,在职,18200.0,3,北京,emp0656@xingchen-tech.com,1820603869,本科,,,
657,EMP0657,赵思远,男,1980-10-15,2025-10-15,1,运维工程师,初级,全职,在职,17200.0,3,北京,emp0657@xingchen-tech.com,1806251714,大专,,,
658,EMP0658,杨刚,男,1984-10-01,2025-10-01,4,渠道经理,初级,全职,在职,10700.0,6,上海,emp0658@xingchen-tech.com,1909213928,本科,,,
659,EMP0659,周琳,女,1991-10-07,2025-10-07,4,渠道经理,初级,全职,离职,11400.0,6,杭州,emp0659@xingchen-tech.com,1941464102,大专,2026-03-25,薪酬原因,t
660,EMP0660,魏娜,女,1998-10-01,2025-10-01,4,渠道经理,初级,全职,在职,13200.0,6,上海,emp0660@xingchen-tech.com,1501481462,本科,,,
661,EMP0661,袁雅静,女,1999-10-07,2025-10-07,3,用户运营,高级,全职,在职,27600.0,5,北京,emp0661@xingchen-tech.com,1973793862,本科,,,
662,EMP0662,杨梦琪,女,1997-10-28,2025-10-28,6,质检专员,中级,全职,在职,11100.0,8,成都,emp0662@xingchen-tech.com,1894009016,硕士,,,
663,EMP0663,杜莹,女,1988-10-29,2025-10-29,1,算法工程师,高级,全职,在职,41100.0,2,杭州,emp0663@xingchen-tech.com,1852424219,博士,,,
664,EMP0664,孙雅静,女,1997-10-09,2025-10-09,1,算法工程师,高级,全职,在职,41600.0,3,远程,emp0664@xingchen-tech.com,1843869269,本科,,,
665,EMP0665,郑洋,男,1981-10-09,2025-10-09,1,算法工程师,高级,全职,在职,27300.0,3,北京,emp0665@xingchen-tech.com,1380716523,硕士,,,
666,EMP0666,李晓燕,女,1996-10-22,2025-10-22,2,产品运营,中级,全职,在职,15900.0,4,北京,emp0666@xingchen-tech.com,1353954480,硕士,,,
667,EMP0667,曹健,男,1998-10-10,2025-10-10,6,客服主管,初级,全职,离职,5300.0,8,成都,emp0667@xingchen-tech.com,1355214406,硕士,2026-08-13,薪酬原因,t
668,EMP0668,马静,女,1980-10-21,2025-10-21,6,客服主管,初级,全职,在职,7200.0,8,远程,emp0668@xingchen-tech.com,1363305753,本科,,,
669,EMP0669,潘雪莲,女,1990-11-26,2025-11-26,6,客服主管,初级,兼职,在职,6500.0,8,成都,emp0669@xingchen-tech.com,1935742443,硕士,,,
670,EMP0670,赵佳怡,女,1999-11-07,2025-11-07,1,运维工程师,初级,全职,在职,10300.0,2,北京,emp0670@xingchen-tech.com,1816226571,本科,,,
671,EMP0671,程明,男,1992-11-28,2025-11-28,1,运维工程师,初级,全职,在职,12600.0,3,北京,emp0671@xingchen-tech.com,1523299732,大专,,,
672,EMP0672,苏欣怡,女,1994-11-19,2025-11-19,1,算法工程师,专家,全职,在职,48300.0,3,远程,emp0672@xingchen-tech.com,1510346499,硕士,,,
673,EMP0673,韩刚,男,2001-11-04,2025-11-04,1,算法工程师,专家,全职,在职,59000.0,2,深圳,emp0673@xingchen-tech.com,1845812024,本科,,,
674,EMP0674,潘明,男,1999-11-11,2025-11-11,1,架构师,初级,全职,在职,17100.0,2,深圳,emp0674@xingchen-tech.com,1396923223,本科,,,
675,EMP0675,何莹,女,2002-11-07,2025-11-07,1,架构师,初级,全职,离职,16800.0,2,北京,emp0675@xingchen-tech.com,1560245568,本科,2026-07-17,家庭原因,t
676,EMP0676,罗磊,男,1991-11-13,2025-11-13,1,架构师,初级,实习,离职,16200.0,2,北京,emp0676@xingchen-tech.com,1929380278,硕士,2026-04-22,实习结束,t
677,EMP0677,黄艳,女,2002-11-07,2025-11-07,3,数据分析师,中级,兼职,在职,15900.0,5,北京,emp0677@xingchen-tech.com,1582224066,本科,,,
678,EMP0678,徐涛,男,1995-11-06,2025-11-06,4,销售运营,初级,全职,离职,9200.0,6,深圳,emp0678@xingchen-tech.com,1327911209,本科,2026-02-17,个人原因,t
679,EMP0679,彭佳怡,女,1994-11-12,2025-11-12,4,销售运营,初级,全职,在职,7800.0,6,北京,emp0679@xingchen-tech.com,1932176890,本科,,,
680,EMP0680,何梦琪,女,1997-12-05,2025-12-05,5,市场分析师,初级,全职,在职,10000.0,7,上海,emp0680@xingchen-tech.com,1594647011,大专,,,
681,EMP0681,张佳怡,女,1982-12-18,2025-12-18,4,销售运营,初级,外包,在职,10000.0,6,上海,emp0681@xingchen-tech.com,1553562357,硕士,,,
682,EMP0682,唐浩然,男,2001-12-08,2025-12-08,4,渠道经理,高级,全职,在职,21700.0,6,上海,emp0682@xingchen-tech.com,1862839970,硕士,,,
683,EMP0683,唐建国,男,2000-12-17,2025-12-17,5,市场分析师,初级,外包,在职,11800.0,7,深圳,emp0683@xingchen-tech.com,1807374271,本科,,,
684,EMP0684,谢浩,男,2001-12-30,2025-12-30,5,市场分析师,初级,全职,在职,11100.0,7,北京,emp0684@xingchen-tech.com,1316037151,本科,,,
685,EMP0685,李子轩,男,2000-12-24,2025-12-24,2,UI设计师,初级,全职,在职,11300.0,4,深圳,emp0685@xingchen-tech.com,1802167025,硕士,,,
686,EMP0686,董帆,男,1991-12-26,2025-12-26,2,UI设计师,初级,全职,在职,9700.0,4,北京,emp0686@xingchen-tech.com,1920713503,本科,,,
687,EMP0687,许雅静,女,1994-12-15,2025-12-15,2,UI设计师,初级,全职,在职,13900.0,4,深圳,emp0687@xingchen-tech.com,1871412167,本科,,,
688,EMP0688,韩晓燕,女,1997-12-24,2025-12-24,1,测试工程师,中级,全职,在职,22500.0,3,北京,emp0688@xingchen-tech.com,1855651702,本科,,,
689,EMP0689,王思远,男,1986-12-04,2025-12-04,7,HRBP,中级,全职,在职,13100.0,9,北京,emp0689@xingchen-tech.com,1851481770,本科,,,
690,EMP0690,梁佳怡,女,2002-12-29,2025-12-29,6,客服代表,高级,全职,在职,15800.0,8,成都,emp0690@xingchen-tech.com,1389977142,硕士,,,
691,EMP0691,陈宇,男,2000-01-23,2026-01-23,6,客服代表,高级,全职,在职,17600.0,8,成都,emp0691@xingchen-tech.com,1939774840,本科,,,
692,EMP0692,谢凯,男,1994-01-08,2026-01-08,6,客服代表,高级,全职,在职,18900.0,8,成都,emp0692@xingchen-tech.com,1955263470,硕士,,,
693,EMP0693,杜芳,女,1995-01-20,2026-01-20,6,客服代表,初级,全职,在职,7000.0,8,成都,emp0693@xingchen-tech.com,1978564616,本科,,,
694,EMP0694,高静,女,2002-01-09,2026-01-09,4,渠道经理,初级,全职,在职,10900.0,6,上海,emp0694@xingchen-tech.com,1942493358,大专,,,
695,EMP0695,许波,男,2004-01-29,2026-01-29,4,渠道经理,初级,实习,离职,7500.0,6,上海,emp0695@xingchen-tech.com,1305283125,本科,2026-06-02,实习结束,t
696,EMP0696,邓婷,女,1999-01-20,2026-01-20,4,渠道经理,初级,全职,在职,11100.0,6,上海,emp0696@xingchen-tech.com,1302677458,本科,,,
697,EMP0697,李静,女,1997-01-14,2026-01-14,1,运维工程师,专家,全职,在职,48300.0,2,北京,emp0697@xingchen-tech.com,1548129391,硕士,,,
698,EMP0698,冯雨欣,女,2001-01-27,2026-01-27,1,运维工程师,专家,全职,在职,60500.0,3,深圳,emp0698@xingchen-tech.com,1534191632,硕士,,,
699,EMP0699,吴慧,女,1989-02-26,2026-02-26,1,运维工程师,专家,全职,在职,45100.0,2,北京,emp0699@xingchen-tech.com,1872188073,硕士,,,
700,EMP0700,程慧,女,1995-02-18,2026-02-18,1,运维工程师,中级,全职,在职,24400.0,2,北京,emp0700@xingchen-tech.com,1563734933,本科,,,
701,EMP0701,田志强,男,1998-02-09,2026-02-09,1,运维工程师,中级,全职,在职,22100.0,2,北京,emp0701@xingchen-tech.com,1817433851,本科,,,
702,EMP0702,潘敏,女,1997-02-27,2026-02-27,7,活动策划,初级,外包,在职,13300.0,5,成都,emp0702@xingchen-tech.com,1874408430,本科,,,
703,EMP0703,唐思远,男,1998-02-12,2026-02-12,3,运营专员,初级,全职,在职,11700.0,5,北京,emp0703@xingchen-tech.com,1553992816,本科,,,
704,EMP0704,黄晓雯,女,1994-03-23,2026-03-23,3,运营专员,初级,全职,在职,8900.0,5,成都,emp0704@xingchen-tech.com,1354591229,硕士,,,
705,EMP0705,田雅静,女,2001-03-18,2026-03-18,3,运营专员,初级,全职,在职,15200.0,5,北京,emp0705@xingchen-tech.com,1380145768,硕士,,,
706,EMP0706,徐梦琪,女,1997-03-17,2026-03-17,6,客服主管,初级,实习,离职,6200.0,8,成都,emp0706@xingchen-tech.com,1991120534,本科,2026-08-14,实习结束,t
707,EMP0707,邓雪莲,女,1992-03-19,2026-03-19,6,客服主管,初级,全职,在职,5000.0,8,上海,emp0707@xingchen-tech.com,1331895270,硕士,,,
708,EMP0708,高洋,男,2000-03-24,2026-03-24,5,内容运营,初级,全职,在职,12700.0,7,上海,emp0708@xingchen-tech.com,1832456351,本科,,,
709,EMP0709,邓敏,女,1998-03-13,2026-03-13,5,内容运营,初级,全职,在职,8400.0,7,上海,emp0709@xingchen-tech.com,1565552267,本科,,,
710,EMP0710,赵静,女,1993-03-03,2026-03-03,5,内容运营,初级,全职,在职,12100.0,7,上海,emp0710@xingchen-tech.com,1923601524,本科,,,
711,EMP0711,朱辉,男,1983-03-03,2026-03-03,1,数据工程师,初级,全职,在职,16700.0,2,深圳,emp0711@xingchen-tech.com,1842990651,博士,,,
712,EMP0712,李凯,男,2000-03-09,2026-03-09,1,数据工程师,初级,全职,离职,15200.0,2,深圳,emp0712@xingchen-tech.com,1950427986,本科,2026-08-26,家庭原因,t
713,EMP0713,马伟,男,1988-03-23,2026-03-23,3,数据分析师,高级,全职,在职,25600.0,5,北京,emp0713@xingchen-tech.com,1989977887,硕士,,,
714,EMP0714,何军,男,2000-03-18,2026-03-18,3,数据分析师,高级,全职,在职,28900.0,5,深圳,emp0714@xingchen-tech.com,1576619188,博士,,,
715,EMP0715,苏帆,男,2001-03-03,2026-03-03,7,HR专员,中级,全职,在职,18800.0,9,北京,emp0715@xingchen-tech.com,1802292506,硕士,,,
716,EMP0716,高丽,女,2001-03-24,2026-03-24,1,算法工程师,中级,全职,在职,21400.0,2,北京,emp0716@xingchen-tech.com,1522862418,大专,,,
717,EMP0717,吴敏,女,2004-03-05,2026-03-05,1,算法工程师,中级,全职,在职,23200.0,3,深圳,emp0717@xingchen-tech.com,1819504600,本科,,,
718,EMP0718,叶健,男,1993-03-06,2026-03-06,1,架构师,高级,全职,在职,28200.0,3,杭州,emp0718@xingchen-tech.com,1911828724,本科,,,
719,EMP0719,吴娜,女,1991-03-09,2026-03-09,1,架构师,高级,全职,在职,30500.0,2,深圳,emp0719@xingchen-tech.com,1816032571,硕士,,,
720,EMP0720,杨子轩,男,1999-03-13,2026-03-13,1,架构师,高级,全职,在职,35500.0,3,上海,emp0720@xingchen-tech.com,1963596236,硕士,,,
721,EMP0721,肖思琪,女,1981-03-26,2026-03-26,7,薪酬绩效专员,中级,外包,在职,17100.0,9,北京,emp0721@xingchen-tech.com,1914995240,硕士,,,
722,EMP0722,马颖,女,1998-03-10,2026-03-10,1,架构师,中级,全职,在职,17200.0,3,远程,emp0722@xingchen-tech.com,1522449515,本科,,,
723,EMP0723,郭建华,男,2003-03-12,2026-03-12,1,算法工程师,中级,全职,在职,27600.0,2,北京,emp0723@xingchen-tech.com,1879456057,本科,,,
724,EMP0724,吕晨,男,1992-03-27,2026-03-27,1,算法工程师,中级,全职,在职,19500.0,3,成都,emp0724@xingchen-tech.com,1335739998,本科,,,
725,EMP0725,程晨,男,1997-03-04,2026-03-04,1,算法工程师,中级,全职,在职,27400.0,2,北京,emp0725@xingchen-tech.com,1863158106,硕士,,,
726,EMP0726,潘洋,男,2001-03-09,2026-03-09,3,活动策划,专家,外包,在职,38200.0,5,北京,emp0726@xingchen-tech.com,1887875059,硕士,,,
727,EMP0727,徐思远,男,1991-03-16,2026-03-16,5,活动策划,专家,全职,在职,37800.0,5,北京,emp0727@xingchen-tech.com,1534006951,硕士,,,
728,EMP0728,冯明,男,1997-04-01,2026-04-01,3,活动策划,专家,全职,在职,38300.0,5,北京,emp0728@xingchen-tech.com,1301210089,本科,,,
729,EMP0729,何波,男,1987-04-23,2026-04-23,3,运营专员,初级,全职,在职,11400.0,5,远程,emp0729@xingchen-tech.com,1979311498,本科,,,
730,EMP0730,徐辉,男,2002-04-24,2026-04-24,4,大客户经理,初级,全职,在职,9400.0,6,上海,emp0730@xingchen-tech.com,1371493958,本科,,,
731,EMP0731,杨浩然,男,1991-04-29,2026-04-29,4,大客户经理,初级,全职,在职,13600.0,6,上海,emp0731@xingchen-tech.com,1556309155,本科,,,
732,EMP0732,谢娜,女,1988-04-02,2026-04-02,4,大客户经理,初级,全职,在职,9300.0,6,上海,emp0732@xingchen-tech.com,1827036860,本科,,,
733,EMP0733,蔡莹,女,1991-04-22,2026-04-22,6,客服主管,初级,全职,在职,7400.0,8,成都,emp0733@xingchen-tech.com,1394808891,本科,,,
734,EMP0734,肖健,男,2003-04-20,2026-04-20,6,客服代表,中级,全职,在职,12700.0,8,远程,emp0734@xingchen-tech.com,1392061486,硕士,,,
735,EMP0735,谢思琪,女,1994-04-24,2026-04-24,6,客服代表,初级,全职,在职,5400.0,8,北京,emp0735@xingchen-tech.com,1372529458,硕士,,,
736,EMP0736,吕涛,男,1994-04-17,2026-04-17,6,客服代表,初级,全职,在职,7700.0,8,成都,emp0736@xingchen-tech.com,1914455748,本科,,,
737,EMP0737,王浩然,男,1989-04-07,2026-04-07,6,客服代表,初级,全职,离职,7000.0,8,成都,emp0737@xingchen-tech.com,1874901281,硕士,2026-05-18,健康原因,t
738,EMP0738,赵涛,男,1991-04-28,2026-04-28,6,客服主管,中级,全职,在职,11000.0,8,成都,emp0738@xingchen-tech.com,1869900142,本科,,,
739,EMP0739,陈涛,男,1992-04-29,2026-04-29,6,客服主管,中级,全职,在职,13000.0,8,成都,emp0739@xingchen-tech.com,1309768832,本科,,,
740,EMP0740,赵天宇,男,2002-04-22,2026-04-22,8,出纳,初级,全职,在职,13400.0,10,北京,emp0740@xingchen-tech.com,1894715878,本科,,,
741,EMP0741,唐伟,男,1991-04-16,2026-04-16,1,软件工程师,初级,全职,在职,14200.0,2,北京,emp0741@xingchen-tech.com,1522783274,大专,,,
742,EMP0742,胡宇,男,1991-04-13,2026-04-13,1,软件工程师,初级,全职,在职,16700.0,2,北京,emp0742@xingchen-tech.com,1378203876,本科,,,
743,EMP0743,魏杰,男,2001-04-17,2026-04-17,1,软件工程师,初级,兼职,在职,16900.0,2,远程,emp0743@xingchen-tech.com,1540823794,本科,,,
744,EMP0744,宋诗涵,女,2000-04-09,2026-04-09,4,渠道经理,高级,外包,离职,25300.0,6,上海,emp0744@xingchen-tech.com,1523058745,硕士,2026-07-23,家庭原因,t
745,EMP0745,冯文博,男,1994-04-22,2026-04-22,4,渠道经理,高级,全职,在职,27000.0,6,上海,emp0745@xingchen-tech.com,1358272848,硕士,,,
746,EMP0746,黄莹,女,1998-04-16,2026-04-16,4,渠道经理,高级,全职,在职,20300.0,6,北京,emp0746@xingchen-tech.com,1502651255,本科,,,
747,EMP0747,陈娟,女,2004-05-14,2026-05-14,4,运营专员,初级,兼职,在职,15800.0,5,北京,emp0747@xingchen-tech.com,1958487980,硕士,,,
748,EMP0748,冯琳,女,1998-05-06,2026-05-06,4,税务专员,初级,全职,在职,9500.0,10,深圳,emp0748@xingchen-tech.com,1359039213,本科,,,
749,EMP0749,袁晓东,男,1996-05-28,2026-05-28,7,数据工程师,高级,外包,在职,27000.0,3,深圳,emp0749@xingchen-tech.com,1908746841,硕士,,,
750,EMP0750,李勇,男,1983-05-01,2026-05-01,8,税务专员,初级,全职,在职,11100.0,10,杭州,emp0750@xingchen-tech.com,1356958101,大专,,,
751,EMP0751,陈强,男,2003-05-19,2026-05-19,3,运营专员,初级,外包,在职,10300.0,5,北京,emp0751@xingchen-tech.com,1589839182,本科,,,
752,EMP0752,吴芳,女,1986-05-26,2026-05-26,1,数据工程师,高级,全职,在职,28900.0,2,杭州,emp0752@xingchen-tech.com,1337561877,本科,,,
753,EMP0753,王健,男,2001-05-08,2026-05-08,4,大客户经理,专家,全职,在职,46000.0,6,上海,emp0753@xingchen-tech.com,1558659390,本科,,,
754,EMP0754,余莹,女,2001-05-11,2026-05-11,1,运维工程师,高级,全职,在职,28000.0,3,上海,emp0754@xingchen-tech.com,1347051752,硕士,,,
755,EMP0755,刘宇,男,1996-05-12,2026-05-12,3,运维工程师,高级,全职,离职,25700.0,2,北京,emp0755@xingchen-tech.com,1945626162,本科,2026-08-12,组织调整,f
756,EMP0756,徐凯,男,1999-06-25,2026-06-25,6,质检专员,初级,全职,在职,7200.0,8,上海,emp0756@xingchen-tech.com,1933603769,本科,,,
757,EMP0757,宋慧,女,2002-06-05,2026-06-05,1,架构师,初级,全职,在职,13400.0,2,成都,emp0757@xingchen-tech.com,1586337351,硕士,,,
758,EMP0758,郭雪,女,2002-06-15,2026-06-15,1,架构师,初级,全职,在职,11400.0,2,上海,emp0758@xingchen-tech.com,1325576638,本科,,,
759,EMP0759,郭刚,男,2003-06-16,2026-06-16,8,出纳,初级,全职,在职,13200.0,10,北京,emp0759@xingchen-tech.com,1551180928,本科,,,
760,EMP0760,袁辉,男,1996-06-02,2026-06-02,1,软件工程师,高级,全职,在职,33200.0,2,北京,emp0760@xingchen-tech.com,1541444121,博士,,,
761,EMP0761,马俊,男,2003-06-23,2026-06-23,1,软件工程师,高级,全职,在职,27100.0,3,深圳,emp0761@xingchen-tech.com,1546339874,硕士,,,
762,EMP0762,孙波,男,1989-06-16,2026-06-16,1,软件工程师,高级,全职,在职,30900.0,3,杭州,emp0762@xingchen-tech.com,1501542271,本科,,,
763,EMP0763,马梦琪,女,2001-06-12,2026-06-12,1,市场专员,初级,全职,在职,12700.0,7,上海,emp0763@xingchen-tech.com,1972690353,硕士,,,
764,EMP0764,冯娟,女,1991-06-25,2026-06-25,5,市场专员,初级,全职,在职,11700.0,7,上海,emp0764@xingchen-tech.com,1846402592,本科,,,
765,EMP0765,蒋凯,男,1998-06-22,2026-06-22,6,客服主管,高级,全职,在职,19700.0,8,深圳,emp0765@xingchen-tech.com,1391465173,本科,,,
766,EMP0766,许雨欣,女,1995-06-02,2026-06-02,6,客服主管,高级,全职,在职,15400.0,8,成都,emp0766@xingchen-tech.com,1960478191,本科,,,
767,EMP0767,苏梦琪,女,1997-07-07,2026-07-07,5,市场分析师,中级,全职,在职,17800.0,7,上海,emp0767@xingchen-tech.com,1990876886,本科,,,
768,EMP0768,刘建国,男,1999-07-23,2026-07-23,8,市场分析师,中级,全职,在职,20300.0,7,上海,emp0768@xingchen-tech.com,1341968495,本科,,,
769,EMP0769,王欣怡,女,1991-07-14,2026-07-14,5,市场分析师,中级,实习,在职,19700.0,7,杭州,emp0769@xingchen-tech.com,1983242075,硕士,,,
770,EMP0770,王婷,女,1996-07-20,2026-07-20,4,销售代表,初级,全职,在职,13500.0,6,上海,emp0770@xingchen-tech.com,1895925576,本科,,,
771,EMP0771,叶宇,男,1994-07-14,2026-07-14,4,销售代表,初级,全职,在职,10400.0,6,上海,emp0771@xingchen-tech.com,1316279696,大专,,,
772,EMP0772,徐海燕,女,1993-07-29,2026-07-29,8,税务专员,中级,全职,在职,13500.0,10,北京,emp0772@xingchen-tech.com,1956788396,大专,,,
773,EMP0773,郭海燕,女,2003-07-24,2026-07-24,2,产品经理,初级,外包,在职,13600.0,4,北京,emp0773@xingchen-tech.com,1346894682,本科,,,
774,EMP0774,蒋芳,女,2002-07-29,2026-07-29,2,产品经理,初级,全职,在职,9200.0,4,远程,emp0774@xingchen-tech.com,1391230524,硕士,,,
775,EMP0775,肖诗涵,女,1999-07-08,2026-07-08,2,产品经理,初级,全职,在职,11900.0,4,上海,emp0775@xingchen-tech.com,1368772024,本科,,,
776,EMP0776,蔡磊,男,1994-07-31,2026-07-31,1,算法工程师,初级,全职,在职,11100.0,2,北京,emp0776@xingchen-tech.com,1533898617,硕士,,,
777,EMP0777,潘涛,男,1993-07-14,2026-07-14,1,运维工程师,初级,外包,在职,11500.0,3,远程,emp0777@xingchen-tech.com,1535495446,本科,,,
778,EMP0778,王天宇,男,1987-08-20,2026-08-20,1,运维工程师,初级,全职,在职,16700.0,3,北京,emp0778@xingchen-tech.com,1320969167,大专,,,
779,EMP0779,冯佳怡,女,1998-08-26,2026-08-26,1,测试工程师,初级,全职,在职,14800.0,2,成都,emp0779@xingchen-tech.com,1883179193,博士,,,
780,EMP0780,宋玉,女,1982-08-20,2026-08-20,2,产品经理,中级,外包,在职,19600.0,4,北京,emp0780@xingchen-tech.com,1580629441,本科,,,
781,EMP0781,余辉,男,2004-08-10,2026-08-10,2,产品经理,中级,外包,在职,17900.0,4,北京,emp0781@xingchen-tech.com,1900411490,本科,,,
782,EMP0782,邓波,男,1986-08-07,2026-08-07,4,销售代表,中级,全职,在职,14300.0,6,上海,emp0782@xingchen-tech.com,1374075873,大专,,,
783,EMP0783,程娜,女,2000-08-26,2026-08-26,4,销售代表,中级,全职,在职,16600.0,6,上海,emp0783@xingchen-tech.com,1803126075,本科,,,
784,EMP0784,郭芳,女,1983-08-12,2026-08-12,4,销售代表,中级,全职,在职,14700.0,6,上海,emp0784@xingchen-tech.com,1833599297,本科,,,
785,EMP0785,周玉,女,1992-08-18,2026-08-18,5,市场专员,初级,实习,在职,10500.0,7,上海,emp0785@xingchen-tech.com,1816092468,本科,,,
786,EMP0786,潘雨欣,女,1998-08-17,2026-08-17,5,市场专员,初级,外包,在职,13800.0,7,远程,emp0786@xingchen-tech.com,1350616088,本科,,,
