dept_id,job_title,job_level,headcount,salary_min,salary_max,status,opened_at,closed_at,hired_count
1,数据工程师,初级,2,10900,16900,已关闭,2023-01-09,2023-03-28,2
1,测试工程师,专家,3,39800,58000,已关闭,2023-01-30,2023-04-28,3
5,市场专员,初级,3,8600,13300,已关闭,2023-02-20,2023-06-26,3
2,UI设计师,中级,1,16500,24300,已关闭,2023-02-20,2023-04-22,1
4,销售运营,初级,2,8100,12600,已关闭,2023-02-02,2023-04-20,2
3,运营专员,初级,3,9400,14700,已关闭,2023-03-29,2023-08-09,3
1,软件工程师,初级,1,10900,16900,已关闭,2023-03-14,2023-06-20,1
6,客服主管,中级,2,9000,13200,已关闭,2023-03-16,2023-07-25,2
7,薪酬绩效专员,初级,1,8500,13200,已关闭,2023-05-25,2023-07-02,1
5,市场分析师,中级,1,14200,20900,已关闭,2023-05-11,2023-09-15,1
4,渠道经理,初级,1,8100,12600,已关闭,2023-06-30,2023-11-11,1
4,渠道经理,初级,2,8100,12600,已关闭,2023-09-06,2023-10-29,2
4,渠道经理,中级,3,13500,19800,已关闭,2023-11-23,2024-02-28,3
1,高级软件工程师,高级,1,27800,38600,已关闭,2023-12-04,2024-01-31,1
1,数据工程师,高级,3,27800,38600,已关闭,2023-12-27,2024-05-25,3
1,软件工程师,中级,3,18100,26600,已关闭,2024-01-19,2024-05-30,3
1,架构师,中级,1,18100,26600,已关闭,2024-01-30,2024-05-02,1
1,算法工程师,初级,2,10900,16900,已关闭,2024-02-01,2024-04-07,2
7,HR专员,高级,1,21700,30200,已关闭,2024-02-19,2024-05-29,1
4,渠道经理,中级,2,13500,19800,已关闭,2024-04-23,2024-07-19,2
1,软件工程师,中级,2,18100,26600,已关闭,2024-05-01,2024-08-12,2
7,薪酬绩效专员,初级,1,8500,13200,已关闭,2024-07-24,2024-09-14,1
4,销售运营,高级,3,20700,28800,已关闭,2024-07-26,2024-09-19,3
1,测试工程师,初级,2,10900,16900,已关闭,2024-09-13,2024-12-04,2
1,高级软件工程师,初级,2,10900,16900,已关闭,2024-09-03,2024-12-16,2
4,大客户经理,初级,2,8100,12600,已关闭,2024-09-10,2024-12-27,2
6,客服主管,高级,3,13800,19200,已关闭,2024-10-24,2025-03-14,3
1,测试工程师,中级,2,18100,26600,已关闭,2024-10-22,2024-12-03,2
3,活动策划,初级,2,9400,14700,已关闭,2024-11-13,2025-03-19,2
1,算法工程师,初级,1,10900,16900,已关闭,2024-12-20,2025-04-08,1
1,运维工程师,中级,3,18100,26600,已关闭,2024-12-17,2025-01-25,3
3,运营专员,初级,2,9400,14700,已关闭,2025-01-30,2025-03-12,2
1,高级软件工程师,中级,2,18100,26600,已关闭,2025-03-10,2025-05-19,2
1,运维工程师,初级,1,10900,16900,已关闭,2025-03-27,2025-08-02,1
1,软件工程师,中级,2,18100,26600,已关闭,2025-04-30,2025-08-03,2
6,客服主管,初级,1,5400,8400,已关闭,2025-06-19,2025-08-26,1
1,算法工程师,中级,1,18100,26600,已关闭,2025-07-01,2025-10-15,1
1,算法工程师,初级,3,10900,16900,已关闭,2025-07-02,2025-09-02,3
4,销售运营,初级,1,8100,12600,已关闭,2025-08-25,2025-10-20,1
1,算法工程师,专家,2,39800,58000,已关闭,2025-08-07,2025-09-10,2
2,产品经理,初级,1,9900,15400,已关闭,2025-09-04,2025-10-23,1
1,运维工程师,中级,2,18100,26600,已关闭,2025-09-01,2026-01-24,2
5,市场分析师,初级,3,8600,13300,已关闭,2025-10-31,2026-03-06,3
4,渠道经理,高级,1,20700,28800,已关闭,2025-10-23,2025-11-30,1
4,大客户经理,初级,3,8100,12600,已关闭,2026-03-16,2026-04-25,3
3,运营专员,初级,2,9400,14700,已关闭,2026-03-26,2026-06-11,2
3,运营专员,初级,1,9400,14700,已关闭,2026-03-05,2026-06-15,1
8,税务专员,初级,2,8500,13200,已关闭,2026-04-15,2026-08-20,2
1,数据工程师,高级,2,27800,38600,已关闭,2026-04-08,2026-06-15,2
2,UI设计师,高级,3,25400,35300,招聘中,2026-07-23,,0
4,销售运营,初级,2,8100,12600,招聘中,2026-08-24,,0
1,运维工程师,初级,2,10900,16900,已关闭,2022-11-27,2023-01-16,2
5,市场专员,初级,2,8600,13300,已关闭,2022-12-02,2023-01-14,2
4,销售运营,高级,3,20700,28800,已关闭,2022-11-30,2023-04-06,3
4,大客户经理,中级,3,13500,19800,已关闭,2022-12-23,2023-04-27,3
1,数据工程师,高级,3,27800,38600,已关闭,2023-02-02,2023-04-04,3
1,测试工程师,中级,2,18100,26600,已关闭,2023-01-29,2023-06-24,2
5,内容运营,高级,1,21800,30400,已关闭,2023-02-04,2023-06-22,1
4,大客户经理,高级,3,20700,28800,已关闭,2023-01-22,2023-04-23,3
1,数据工程师,专家,3,39800,58000,已关闭,2023-01-23,2023-06-13,3
5,市场专员,初级,3,8600,13300,已关闭,2023-02-27,2023-07-05,3
3,活动策划,中级,2,15800,23100,已关闭,2023-03-10,2023-05-22,2
8,会计,中级,1,14200,20800,已关闭,2023-02-27,2023-06-09,1
4,大客户经理,中级,3,13500,19800,已关闭,2023-03-09,2023-06-29,3
6,质检专员,高级,3,13800,19200,已关闭,2023-02-24,2023-06-01,3
4,渠道经理,高级,3,20700,28800,已关闭,2023-04-09,2023-06-02,3
4,销售运营,初级,3,8100,12600,已关闭,2023-03-23,2023-05-28,3
3,运营专员,初级,3,9400,14700,已关闭,2023-05-06,2023-08-18,3
1,测试工程师,初级,2,10900,16900,已关闭,2023-04-29,2023-09-06,2
1,高级软件工程师,高级,2,27800,38600,已关闭,2023-05-12,2023-08-01,2
3,运营专员,初级,3,9400,14700,已关闭,2023-05-30,2023-10-02,3
1,高级软件工程师,中级,3,18100,26600,已关闭,2023-05-30,2023-08-31,3
5,市场分析师,高级,1,21800,30400,已关闭,2023-05-24,2023-09-06,1
1,架构师,初级,3,10900,16900,已关闭,2023-05-27,2023-07-02,3
5,内容运营,专家,3,31400,45600,已关闭,2023-07-09,2023-09-20,3
1,架构师,初级,3,10900,16900,已关闭,2023-07-12,2023-11-12,3
1,运维工程师,高级,2,27800,38600,已关闭,2023-07-02,2023-10-29,2
3,运营专员,中级,3,15800,23100,已关闭,2023-07-25,2023-12-06,3
6,质检专员,高级,2,13800,19200,已关闭,2023-08-04,2023-11-05,2
1,算法工程师,高级,2,27800,38600,已关闭,2023-08-04,2023-11-09,2
6,客服代表,中级,2,9000,13200,已关闭,2023-08-03,2023-12-23,2
1,测试工程师,高级,3,27800,38600,已关闭,2023-07-30,2023-10-05,3
1,软件工程师,高级,1,27800,38600,已关闭,2023-08-01,2023-11-05,1
1,高级软件工程师,高级,3,27800,38600,已关闭,2023-07-31,2023-10-05,3
7,招聘专员,初级,2,8500,13200,已关闭,2023-08-31,2023-11-03,2
3,运营专员,初级,2,9400,14700,已关闭,2023-08-22,2023-10-04,2
8,税务专员,初级,2,8500,13200,已关闭,2023-08-30,2023-10-24,2
1,软件工程师,高级,1,27800,38600,已关闭,2023-09-04,2023-11-04,1
4,大客户经理,初级,2,8100,12600,已关闭,2023-08-28,2024-01-25,2
4,销售运营,中级,1,13500,19800,已关闭,2023-10-02,2024-02-26,1
3,数据分析师,初级,2,9400,14700,已关闭,2023-10-05,2023-12-29,2
6,客服代表,初级,2,5400,8400,已关闭,2023-10-01,2023-12-01,2
1,架构师,中级,2,18100,26600,已关闭,2023-10-11,2024-01-25,2
1,算法工程师,初级,3,10900,16900,已关闭,2023-10-22,2024-01-14,3
4,销售代表,高级,3,20700,28800,已关闭,2023-10-27,2024-02-17,3
2,产品运营,中级,3,16500,24300,已关闭,2023-11-01,2024-03-13,3
1,数据工程师,中级,3,18100,26600,已关闭,2023-11-06,2023-12-23,3
3,运营专员,初级,2,9400,14700,已关闭,2023-12-09,2024-03-05,2
4,销售运营,初级,1,8100,12600,已关闭,2024-01-25,2024-03-19,1
1,软件工程师,初级,1,10900,16900,已关闭,2024-01-28,2024-06-24,1
1,算法工程师,中级,3,18100,26600,已关闭,2024-02-10,2024-06-30,3
1,运维工程师,初级,2,10900,16900,已关闭,2024-02-01,2024-03-04,2
4,渠道经理,高级,3,20700,28800,已关闭,2024-02-01,2024-06-26,3
3,活动策划,初级,2,9400,14700,已关闭,2024-01-26,2024-03-16,2
3,运营专员,高级,2,24200,33600,已关闭,2024-02-05,2024-03-07,2
4,大客户经理,中级,2,13500,19800,已关闭,2024-03-01,2024-06-20,2
1,数据工程师,初级,2,10900,16900,已关闭,2024-03-10,2024-07-04,2
3,用户运营,初级,2,9400,14700,已关闭,2024-03-03,2024-06-27,2
6,客服代表,初级,2,5400,8400,已关闭,2024-03-02,2024-07-28,2
1,测试工程师,初级,3,10900,16900,已关闭,2024-03-04,2024-06-05,3
2,产品运营,初级,1,9900,15400,已关闭,2024-03-01,2024-04-27,1
2,高级产品经理,专家,3,36400,52900,已关闭,2024-03-01,2024-04-08,3
1,算法工程师,中级,3,18100,26600,已关闭,2024-03-09,2024-05-06,3
1,架构师,专家,3,39800,58000,已关闭,2024-04-05,2024-07-30,3
6,客服代表,初级,2,5400,8400,已关闭,2024-04-08,2024-07-23,2
1,架构师,初级,2,10900,16900,已关闭,2024-03-24,2024-05-11,2
6,客服主管,中级,1,9000,13200,已关闭,2024-04-01,2024-05-05,1
4,渠道经理,中级,2,13500,19800,已关闭,2024-05-10,2024-08-06,2
6,客服主管,初级,1,5400,8400,已关闭,2024-04-25,2024-07-14,1
1,软件工程师,高级,2,27800,38600,已关闭,2024-04-24,2024-06-18,2
5,市场专员,中级,2,14200,20900,已关闭,2024-05-06,2024-07-04,2
1,架构师,初级,1,10900,16900,已关闭,2024-06-09,2024-07-27,1
7,招聘专员,中级,3,14200,20800,已关闭,2024-06-10,2024-08-31,3
1,高级软件工程师,中级,3,18100,26600,已关闭,2024-05-23,2024-09-26,3
3,活动策划,初级,1,9400,14700,已关闭,2024-06-24,2024-11-08,1
8,税务专员,初级,3,8500,13200,已关闭,2024-06-29,2024-08-13,3
1,软件工程师,初级,3,10900,16900,已关闭,2024-06-26,2024-11-09,3
7,HRBP,高级,2,21700,30200,已关闭,2024-06-22,2024-10-06,2
1,算法工程师,初级,2,10900,16900,已关闭,2024-08-01,2024-09-15,2
2,产品运营,中级,2,16500,24300,已关闭,2024-07-24,2024-09-26,2
1,运维工程师,中级,2,18100,26600,已关闭,2024-08-11,2024-09-23,2
3,活动策划,中级,2,15800,23100,已关闭,2024-08-01,2024-09-22,2
4,渠道经理,中级,2,13500,19800,已关闭,2024-08-05,2024-09-06,2
2,产品经理,初级,3,9900,15400,已关闭,2024-09-09,2025-01-22,3
6,客服主管,高级,2,13800,19200,已关闭,2024-08-25,2024-10-06,2
4,大客户经理,高级,2,20700,28800,已关闭,2024-09-08,2024-10-11,2
7,HR专员,初级,2,8500,13200,已关闭,2024-10-05,2025-02-25,2
3,运营专员,中级,1,15800,23100,已关闭,2024-09-30,2025-02-13,1
8,出纳,高级,3,21700,30200,已关闭,2024-09-30,2025-02-04,3
3,用户运营,高级,2,24200,33600,已关闭,2024-10-02,2025-02-19,2
1,运维工程师,中级,1,18100,26600,已关闭,2024-10-27,2025-01-25,1
1,数据工程师,中级,3,18100,26600,已关闭,2024-12-10,2025-01-28,3
4,销售代表,高级,1,20700,28800,已关闭,2024-12-03,2025-04-09,1
1,运维工程师,初级,3,10900,16900,已关闭,2024-12-04,2025-01-16,3
5,市场专员,初级,1,8600,13300,已关闭,2025-01-05,2025-02-21,1
4,销售运营,中级,3,13500,19800,已关闭,2025-02-04,2025-05-07,3
3,用户运营,高级,1,24200,33600,已关闭,2025-02-08,2025-04-17,1
4,销售运营,初级,1,8100,12600,已关闭,2025-02-09,2025-05-29,1
4,销售运营,初级,1,8100,12600,已关闭,2025-01-23,2025-03-18,1
1,高级软件工程师,高级,3,27800,38600,已关闭,2025-02-02,2025-03-12,3
1,算法工程师,初级,1,10900,16900,已关闭,2025-02-09,2025-06-19,1
1,高级软件工程师,初级,2,10900,16900,已关闭,2025-02-03,2025-05-16,2
1,算法工程师,高级,1,27800,38600,已关闭,2025-01-21,2025-05-09,1
2,产品经理,初级,1,9900,15400,已关闭,2025-01-31,2025-03-07,1
2,UI设计师,初级,3,9900,15400,已关闭,2025-02-03,2025-03-06,3
7,HRBP,初级,1,8500,13200,已关闭,2025-01-31,2025-04-16,1
1,数据工程师,初级,3,10900,16900,已关闭,2025-02-09,2025-05-15,3
4,销售代表,初级,1,8100,12600,已关闭,2025-02-27,2025-06-10,1
1,高级软件工程师,中级,1,18100,26600,已关闭,2025-02-28,2025-04-27,1
3,活动策划,高级,1,24200,33600,已关闭,2025-02-23,2025-05-05,1
2,产品经理,初级,1,9900,15400,已关闭,2025-03-10,2025-06-29,1
5,内容运营,初级,3,8600,13300,已关闭,2025-02-21,2025-03-28,3
1,算法工程师,初级,2,10900,16900,已关闭,2025-02-23,2025-03-25,2
6,客服代表,初级,2,5400,8400,已关闭,2025-02-20,2025-06-22,2
5,市场专员,初级,1,8600,13300,已关闭,2025-03-05,2025-06-27,1
8,出纳,高级,3,21700,30200,已关闭,2025-03-03,2025-05-16,3
6,质检专员,初级,1,5400,8400,已关闭,2025-03-22,2025-07-03,1
1,高级软件工程师,初级,2,10900,16900,已关闭,2025-04-04,2025-07-30,2
1,软件工程师,高级,2,27800,38600,已关闭,2025-03-25,2025-06-25,2
1,数据工程师,中级,3,18100,26600,已关闭,2025-04-08,2025-08-14,3
1,测试工程师,初级,2,10900,16900,已关闭,2025-03-25,2025-05-19,2
2,产品运营,中级,3,16500,24300,已关闭,2025-05-01,2025-07-04,3
1,高级软件工程师,高级,2,27800,38600,已关闭,2025-04-29,2025-09-26,2
1,软件工程师,中级,2,18100,26600,已关闭,2025-04-26,2025-09-19,2
4,销售运营,中级,2,13500,19800,已关闭,2025-06-08,2025-07-28,2
2,高级产品经理,专家,1,36400,52900,已关闭,2025-05-29,2025-06-29,1
6,客服主管,初级,1,5400,8400,已关闭,2025-05-27,2025-07-06,1
4,大客户经理,中级,3,13500,19800,已关闭,2025-05-30,2025-08-15,3
1,架构师,高级,2,27800,38600,已关闭,2025-05-30,2025-07-27,2
6,质检专员,初级,3,5400,8400,已关闭,2025-06-24,2025-10-24,3
4,大客户经理,初级,2,8100,12600,已关闭,2025-06-24,2025-09-12,2
1,数据工程师,专家,2,39800,58000,已关闭,2025-07-27,2025-09-18,2
7,招聘专员,初级,1,8500,13200,已关闭,2025-08-11,2025-10-09,1
1,算法工程师,高级,3,27800,38600,已关闭,2025-08-10,2025-12-17,3
1,测试工程师,专家,1,39800,58000,已关闭,2025-08-06,2025-12-29,1
1,软件工程师,初级,3,10900,16900,已关闭,2025-08-01,2025-12-26,3
7,薪酬绩效专员,初级,1,8500,13200,已关闭,2025-08-01,2025-10-13,1
6,客服代表,初级,2,5400,8400,已关闭,2025-07-29,2025-10-30,2
3,用户运营,初级,3,9400,14700,已关闭,2025-07-25,2025-09-02,3
1,高级软件工程师,中级,3,18100,26600,已关闭,2025-08-08,2025-10-02,3
1,高级软件工程师,初级,1,10900,16900,已关闭,2025-08-29,2025-10-28,1
1,运维工程师,初级,1,10900,16900,已关闭,2025-09-11,2025-12-30,1
4,渠道经理,初级,3,8100,12600,已关闭,2025-09-11,2025-10-27,3
3,用户运营,高级,1,24200,33600,已关闭,2025-09-08,2025-12-20,1
6,质检专员,中级,1,9000,13200,已关闭,2025-09-02,2025-12-14,1
1,算法工程师,高级,3,27800,38600,已关闭,2025-09-04,2025-10-10,3
2,产品运营,中级,1,16500,24300,已关闭,2025-08-22,2025-10-03,1
6,客服主管,初级,3,5400,8400,已关闭,2025-09-09,2025-11-07,3
1,运维工程师,初级,2,10900,16900,已关闭,2025-10-05,2025-11-06,2
1,算法工程师,专家,2,39800,58000,已关闭,2025-10-04,2025-12-19,2
1,架构师,初级,3,10900,16900,已关闭,2025-09-28,2025-11-01,3
3,数据分析师,中级,1,15800,23100,已关闭,2025-10-06,2026-01-30,1
4,销售运营,初级,3,8100,12600,已关闭,2025-10-11,2026-01-10,3
2,UI设计师,初级,3,9900,15400,已关闭,2025-11-07,2026-01-30,3
1,测试工程师,中级,1,18100,26600,已关闭,2025-11-02,2026-01-22,1
7,HRBP,中级,1,14200,20800,已关闭,2025-10-25,2025-12-14,1
6,客服代表,高级,3,13800,19200,已关闭,2025-10-23,2026-03-14,3
6,客服代表,初级,1,5400,8400,已关闭,2025-12-03,2026-03-24,1
4,渠道经理,初级,3,8100,12600,已关闭,2025-11-27,2026-01-29,3
1,运维工程师,专家,3,39800,58000,已关闭,2025-12-03,2026-04-23,3
1,运维工程师,中级,2,18100,26600,已关闭,2026-01-04,2026-05-09,2
3,活动策划,初级,1,9400,14700,已关闭,2026-01-06,2026-03-28,1
3,运营专员,初级,3,9400,14700,已关闭,2026-01-09,2026-04-25,3
6,客服主管,初级,2,5400,8400,已关闭,2026-01-22,2026-03-22,2
5,内容运营,初级,3,8600,13300,已关闭,2026-01-28,2026-04-01,3
1,数据工程师,初级,2,10900,16900,已关闭,2026-02-01,2026-03-15,2
3,数据分析师,高级,2,24200,33600,已关闭,2026-02-06,2026-06-11,2
7,HR专员,中级,1,14200,20800,已关闭,2026-02-02,2026-06-16,1
1,算法工程师,中级,2,18100,26600,已关闭,2026-02-05,2026-03-15,2
1,架构师,高级,3,27800,38600,已关闭,2026-01-26,2026-06-03,3
7,薪酬绩效专员,中级,1,14200,20800,已关闭,2026-02-04,2026-04-07,1
1,架构师,中级,1,18100,26600,已关闭,2026-01-27,2026-05-03,1
1,算法工程师,中级,3,18100,26600,已关闭,2026-02-05,2026-03-29,3
3,活动策划,专家,3,34600,50400,已关闭,2026-01-21,2026-05-04,3
6,客服主管,初级,1,5400,8400,已关闭,2026-03-02,2026-05-07,1
6,客服代表,中级,1,9000,13200,已关闭,2026-03-03,2026-04-19,1
6,客服代表,初级,3,5400,8400,已关闭,2026-02-25,2026-05-11,3
6,客服主管,中级,2,9000,13200,已关闭,2026-02-23,2026-06-06,2
8,出纳,初级,1,8500,13200,已关闭,2026-03-05,2026-07-26,1
1,软件工程师,初级,3,10900,16900,已关闭,2026-03-01,2026-05-27,3
4,渠道经理,高级,3,20700,28800,已关闭,2026-03-12,2026-05-23,3
4,大客户经理,专家,1,29700,43200,已关闭,2026-04-07,2026-06-19,1
1,运维工程师,高级,2,27800,38600,已关闭,2026-03-27,2026-05-02,2
6,质检专员,初级,1,5400,8400,已关闭,2026-05-03,2026-06-16,1
1,架构师,初级,2,10900,16900,已关闭,2026-04-27,2026-07-19,2
8,出纳,初级,1,8500,13200,已关闭,2026-05-10,2026-08-31,1
1,软件工程师,高级,3,27800,38600,已关闭,2026-04-29,2026-06-12,3
5,市场专员,初级,2,8600,13300,已关闭,2026-04-25,2026-08-31,2
6,客服主管,高级,2,13800,19200,已关闭,2026-05-08,2026-07-30,2
5,市场分析师,中级,3,14200,20900,已关闭,2026-05-29,2026-08-31,3
4,销售代表,初级,2,8100,12600,已关闭,2026-05-24,2026-08-13,2
8,税务专员,中级,1,14200,20800,已关闭,2026-05-28,2026-08-17,1
2,产品经理,初级,3,9900,15400,已关闭,2026-06-08,2026-08-06,3
1,算法工程师,初级,1,10900,16900,已关闭,2026-06-05,2026-08-28,1
1,运维工程师,初级,2,10900,16900,已关闭,2026-05-24,2026-08-31,2
1,测试工程师,初级,1,10900,16900,已关闭,2026-06-26,2026-08-31,1
2,产品经理,中级,2,16500,24300,已关闭,2026-06-25,2026-08-31,2
4,销售代表,中级,3,13500,19800,已关闭,2026-06-27,2026-08-04,3
5,市场专员,初级,2,8600,13300,已关闭,2026-06-25,2026-08-31,2
