emp_id,course_name,training_date,hours,completed,score
1,跨部门沟通协作,2024-02-02,4,t,96.0
1,管理力提升工作坊,2025-03-17,8,t,71.2
1,管理力提升工作坊,2024-12-10,3,t,88.0
1,技术分享会,2026-06-01,2,t,62.0
2,数据分析基础,2024-12-11,6,t,75.3
2,数据分析基础,2026-06-16,6,t,75.1
2,销售技巧实战营,2026-01-16,4,t,70.1
2,数据分析基础,2026-05-21,6,t,84.5
3,时间管理与效率提升,2023-02-17,4,t,79.7
3,技术分享会,2025-10-01,6,t,60.8
3,信息安全与合规培训,2023-05-04,2,t,
3,领导力发展计划,2023-01-31,2,f,75.7
3,管理力提升工作坊,2025-05-22,6,t,
4,信息安全与合规培训,2026-03-18,2,f,
4,数据分析基础,2025-12-19,8,f,85.9
4,管理力提升工作坊,2024-06-27,2,f,76.1
4,销售技巧实战营,2024-01-11,3,t,97.6
4,管理力提升工作坊,2023-05-29,6,t,70.1
4,时间管理与效率提升,2025-10-06,3,t,74.5
5,数据分析基础,2023-04-04,4,t,64.3
5,信息安全与合规培训,2024-02-27,6,t,67.5
5,销售技巧实战营,2023-03-29,3,t,81.0
5,技术分享会,2023-09-29,3,t,97.7
6,技术分享会,2023-09-21,2,t,66.4
6,数据分析基础,2026-01-15,3,t,94.5
7,跨部门沟通协作,2023-08-11,2,t,89.5
7,领导力发展计划,2022-11-10,3,t,
8,管理力提升工作坊,2022-09-08,4,t,86.9
8,管理力提升工作坊,2022-07-18,4,t,68.9
8,销售技巧实战营,2024-01-11,2,t,
9,跨部门沟通协作,2022-08-01,8,t,91.7
9,时间管理与效率提升,2026-01-19,4,t,
10,销售技巧实战营,2025-02-20,4,t,94.3
10,信息安全与合规培训,2025-04-18,4,f,67.8
10,销售技巧实战营,2025-03-28,8,f,
10,领导力发展计划,2022-10-27,3,t,88.4
10,管理力提升工作坊,2023-04-17,8,t,94.2
11,管理力提升工作坊,2022-12-08,3,t,82.2
11,管理力提升工作坊,2026-08-28,4,t,60.6
11,数据分析基础,2022-10-19,6,t,93.2
12,领导力发展计划,2023-12-29,3,t,66.2
12,领导力发展计划,2023-12-29,3,t,95.8
12,跨部门沟通协作,2024-06-04,8,f,62.5
12,销售技巧实战营,2025-02-28,3,t,87.3
12,数据分析基础,2024-02-26,4,f,80.6
12,时间管理与效率提升,2026-07-30,6,t,
13,新员工入职培训,2022-10-04,3,t,83.4
13,时间管理与效率提升,2022-08-24,8,t,85.9
13,信息安全与合规培训,2022-10-26,4,f,61.8
13,新员工入职培训,2022-08-15,2,t,74.9
14,管理力提升工作坊,2023-03-22,6,t,61.3
14,信息安全与合规培训,2023-02-01,3,t,71.0
14,时间管理与效率提升,2022-08-05,6,t,
14,时间管理与效率提升,2023-03-02,8,f,83.7
14,管理力提升工作坊,2022-09-05,6,t,91.4
15,管理力提升工作坊,2023-05-22,8,t,85.5
15,技术分享会,2025-06-20,6,t,90.7
16,销售技巧实战营,2022-12-29,6,f,81.1
16,数据分析基础,2022-08-04,6,t,
16,数据分析基础,2024-01-05,6,t,
16,销售技巧实战营,2024-03-06,6,t,71.1
16,技术分享会,2023-08-10,8,t,70.0
17,数据分析基础,2024-06-10,4,t,83.3
17,领导力发展计划,2023-11-01,4,t,63.2
18,新员工入职培训,2023-10-16,8,t,75.8
18,领导力发展计划,2023-05-11,6,t,62.7
18,领导力发展计划,2023-10-30,6,t,92.0
19,信息安全与合规培训,2023-09-25,4,f,83.5
19,信息安全与合规培训,2022-08-25,6,t,66.5
19,技术分享会,2023-08-07,3,t,82.2
19,领导力发展计划,2025-03-11,4,t,71.9
19,信息安全与合规培训,2026-06-23,2,t,
20,跨部门沟通协作,2023-08-14,2,t,73.2
20,数据分析基础,2022-09-05,6,t,63.7
21,技术分享会,2023-04-14,2,f,
21,新员工入职培训,2022-10-04,2,t,69.9
21,跨部门沟通协作,2023-05-29,3,f,70.5
21,数据分析基础,2023-09-11,6,t,70.8
22,新员工入职培训,2022-08-29,8,t,80.7
22,数据分析基础,2022-10-12,4,f,66.4
22,技术分享会,2022-08-16,6,t,78.4
22,跨部门沟通协作,2022-06-14,4,t,87.8
22,数据分析基础,2022-09-12,4,t,87.5
23,销售技巧实战营,2024-06-21,8,t,61.9
23,销售技巧实战营,2024-03-04,3,t,82.2
23,新员工入职培训,2024-11-04,3,t,86.3
23,跨部门沟通协作,2024-04-22,6,t,67.9
23,领导力发展计划,2022-12-01,2,t,74.9
23,技术分享会,2026-03-26,4,t,77.5
24,管理力提升工作坊,2024-09-26,2,f,93.5
24,数据分析基础,2022-11-24,3,t,61.0
25,销售技巧实战营,2024-01-29,6,t,95.6
25,技术分享会,2024-02-28,4,t,94.3
26,管理力提升工作坊,2022-11-24,4,t,
26,领导力发展计划,2023-10-09,8,t,
27,管理力提升工作坊,2023-02-17,6,t,79.4
27,销售技巧实战营,2022-07-29,2,t,85.1
28,信息安全与合规培训,2026-08-05,4,t,76.2
28,信息安全与合规培训,2026-03-20,4,t,70.0
29,信息安全与合规培训,2022-09-28,6,f,
29,时间管理与效率提升,2023-05-23,2,t,78.9
29,管理力提升工作坊,2024-04-12,2,t,
30,时间管理与效率提升,2022-06-16,6,t,63.1
30,新员工入职培训,2024-02-07,3,t,74.5
30,管理力提升工作坊,2023-01-11,2,t,80.9
30,信息安全与合规培训,2024-01-15,3,t,82.2
30,销售技巧实战营,2022-12-01,6,t,94.1
31,信息安全与合规培训,2022-08-05,4,t,75.9
31,新员工入职培训,2023-06-07,4,t,94.5
32,管理力提升工作坊,2023-07-21,2,f,74.0
32,新员工入职培训,2022-09-09,4,t,
33,技术分享会,2024-10-30,2,f,79.2
33,管理力提升工作坊,2022-06-06,8,f,76.3
33,跨部门沟通协作,2022-06-24,6,f,
34,跨部门沟通协作,2023-09-19,8,t,84.7
34,管理力提升工作坊,2024-03-12,6,t,63.2
34,数据分析基础,2025-02-26,3,t,65.9
35,领导力发展计划,2025-07-21,6,t,66.2
35,时间管理与效率提升,2025-11-21,3,t,
35,跨部门沟通协作,2026-06-08,4,t,85.1
36,新员工入职培训,2023-01-16,2,f,74.1
36,信息安全与合规培训,2026-02-24,2,t,
36,管理力提升工作坊,2026-07-21,3,t,71.8
36,时间管理与效率提升,2022-08-03,6,f,89.4
37,管理力提升工作坊,2023-05-30,3,t,70.1
37,销售技巧实战营,2022-06-29,2,t,
37,新员工入职培训,2022-06-07,2,t,76.6
37,时间管理与效率提升,2023-05-02,4,t,95.3
37,管理力提升工作坊,2023-02-03,8,t,
38,时间管理与效率提升,2024-12-30,8,t,69.8
38,信息安全与合规培训,2025-08-22,2,t,70.5
38,数据分析基础,2022-12-20,8,t,60.2
38,新员工入职培训,2023-05-15,3,t,
39,新员工入职培训,2023-02-08,4,t,
39,跨部门沟通协作,2023-04-24,3,t,91.8
39,时间管理与效率提升,2022-12-27,4,t,64.0
39,管理力提升工作坊,2023-05-10,2,t,85.1
40,时间管理与效率提升,2025-02-13,6,t,87.9
40,时间管理与效率提升,2025-07-02,3,t,94.7
41,管理力提升工作坊,2025-05-29,3,f,76.2
41,时间管理与效率提升,2025-04-23,3,t,
41,数据分析基础,2022-06-03,8,t,89.2
41,管理力提升工作坊,2025-02-03,6,t,92.1
41,领导力发展计划,2023-04-14,3,t,62.7
42,销售技巧实战营,2024-04-30,3,t,69.1
42,管理力提升工作坊,2025-02-13,4,t,75.5
42,领导力发展计划,2023-11-15,2,t,66.1
42,时间管理与效率提升,2022-07-22,2,t,
42,时间管理与效率提升,2023-05-12,2,t,67.6
43,时间管理与效率提升,2022-12-07,8,t,64.1
43,信息安全与合规培训,2022-11-28,2,t,
43,销售技巧实战营,2022-09-16,8,t,78.6
43,管理力提升工作坊,2023-03-23,6,f,74.3
43,销售技巧实战营,2022-07-15,6,t,73.2
44,数据分析基础,2023-08-07,6,t,80.7
44,信息安全与合规培训,2024-10-09,8,t,96.8
44,时间管理与效率提升,2023-01-26,4,t,
44,时间管理与效率提升,2026-08-11,6,t,
44,新员工入职培训,2023-02-24,8,f,95.6
45,数据分析基础,2022-08-30,4,t,
45,跨部门沟通协作,2023-07-25,8,t,
45,时间管理与效率提升,2022-07-21,6,t,
45,新员工入职培训,2023-03-13,4,t,
45,新员工入职培训,2022-10-28,6,t,73.4
46,新员工入职培训,2022-07-18,8,t,66.5
46,信息安全与合规培训,2023-02-17,2,t,
47,时间管理与效率提升,2024-05-03,2,t,90.3
47,销售技巧实战营,2023-08-17,6,t,80.3
47,数据分析基础,2022-10-06,6,t,90.1
47,新员工入职培训,2023-01-06,6,t,96.5
47,新员工入职培训,2025-12-05,8,t,71.1
47,管理力提升工作坊,2024-08-07,8,t,96.5
48,跨部门沟通协作,2023-03-06,8,t,74.1
48,销售技巧实战营,2022-08-02,2,f,
48,信息安全与合规培训,2025-04-01,3,t,61.0
48,新员工入职培训,2023-09-13,4,t,95.0
48,领导力发展计划,2023-12-19,4,t,89.2
49,时间管理与效率提升,2025-12-12,4,t,67.3
49,时间管理与效率提升,2025-01-28,3,t,80.8
49,技术分享会,2023-01-17,4,f,63.9
50,新员工入职培训,2023-10-25,3,t,
50,时间管理与效率提升,2025-02-21,8,t,61.1
50,领导力发展计划,2025-06-11,8,f,93.2
50,数据分析基础,2025-05-19,6,t,72.7
51,跨部门沟通协作,2022-10-26,6,t,
51,技术分享会,2022-11-09,8,t,
51,时间管理与效率提升,2022-12-23,4,t,79.3
51,管理力提升工作坊,2022-07-19,4,t,
51,新员工入职培训,2022-06-20,3,t,64.9
52,时间管理与效率提升,2023-04-27,6,t,63.4
52,新员工入职培训,2024-05-02,2,t,80.7
53,领导力发展计划,2025-08-21,4,t,64.3
53,信息安全与合规培训,2025-07-04,2,t,97.0
53,管理力提升工作坊,2023-03-13,2,t,
53,时间管理与效率提升,2026-07-08,2,f,96.2
54,管理力提升工作坊,2023-09-06,8,t,86.4
54,新员工入职培训,2025-03-21,3,t,
54,新员工入职培训,2025-07-03,2,t,83.6
54,管理力提升工作坊,2025-11-06,8,f,94.6
54,信息安全与合规培训,2023-12-06,2,t,
54,领导力发展计划,2026-01-07,3,t,63.8
55,信息安全与合规培训,2023-03-21,8,t,
55,新员工入职培训,2023-05-23,3,t,68.9
55,技术分享会,2023-01-19,6,t,84.7
55,时间管理与效率提升,2023-01-19,6,t,66.4
55,信息安全与合规培训,2022-11-03,2,f,71.3
56,跨部门沟通协作,2022-08-22,6,t,65.6
56,技术分享会,2023-04-07,2,t,79.3
56,时间管理与效率提升,2024-02-19,3,t,
56,销售技巧实战营,2022-10-20,8,t,
56,信息安全与合规培训,2022-12-19,8,t,73.3
56,销售技巧实战营,2023-08-30,3,t,70.5
57,技术分享会,2024-04-24,8,t,
57,技术分享会,2022-11-09,6,t,
57,技术分享会,2024-02-06,3,t,88.4
57,销售技巧实战营,2025-08-12,3,t,88.7
58,管理力提升工作坊,2023-05-09,8,t,81.2
58,跨部门沟通协作,2022-12-07,4,t,78.4
58,数据分析基础,2023-12-07,4,t,
58,技术分享会,2024-09-23,8,t,
58,跨部门沟通协作,2025-01-13,4,t,74.1
58,信息安全与合规培训,2022-11-16,6,t,80.6
59,领导力发展计划,2024-02-28,4,t,
59,领导力发展计划,2024-02-12,3,f,87.1
59,时间管理与效率提升,2024-06-03,8,t,68.1
59,时间管理与效率提升,2023-07-27,2,t,85.3
59,销售技巧实战营,2026-05-13,4,t,
60,跨部门沟通协作,2022-12-08,8,f,98.4
60,时间管理与效率提升,2024-06-27,4,t,79.7
60,跨部门沟通协作,2024-07-17,6,t,79.6
61,信息安全与合规培训,2023-08-30,2,t,62.4
61,技术分享会,2023-05-23,4,t,80.7
62,跨部门沟通协作,2023-02-03,8,t,
62,时间管理与效率提升,2023-03-03,3,f,
62,新员工入职培训,2023-04-11,6,t,
63,领导力发展计划,2025-07-11,2,t,76.3
63,领导力发展计划,2024-01-09,3,t,71.3
64,跨部门沟通协作,2025-02-04,2,t,85.2
64,跨部门沟通协作,2023-05-18,8,t,60.2
64,数据分析基础,2023-05-30,3,t,
65,跨部门沟通协作,2023-03-01,8,t,82.4
65,跨部门沟通协作,2024-06-20,8,f,98.1
66,跨部门沟通协作,2024-09-03,8,t,91.5
66,领导力发展计划,2024-03-29,4,t,
67,跨部门沟通协作,2026-04-23,3,f,
67,管理力提升工作坊,2024-11-15,3,t,91.2
68,技术分享会,2022-11-14,4,t,67.1
68,信息安全与合规培训,2022-06-22,2,t,64.3
68,销售技巧实战营,2022-10-27,6,t,
69,时间管理与效率提升,2023-06-01,4,t,
69,数据分析基础,2023-02-16,2,t,95.4
69,跨部门沟通协作,2023-05-10,2,f,84.9
70,管理力提升工作坊,2025-01-28,3,f,79.4
70,新员工入职培训,2026-07-24,3,t,65.1
70,新员工入职培训,2023-04-06,2,t,78.8
70,跨部门沟通协作,2026-04-16,8,t,
70,销售技巧实战营,2022-12-08,3,t,
70,销售技巧实战营,2022-10-21,8,t,
71,领导力发展计划,2022-11-17,2,t,91.8
71,管理力提升工作坊,2023-06-01,8,t,74.6
71,数据分析基础,2023-05-09,6,t,87.5
71,信息安全与合规培训,2023-03-22,3,t,78.6
72,时间管理与效率提升,2022-10-05,8,t,73.2
72,时间管理与效率提升,2022-12-20,6,t,73.5
72,领导力发展计划,2022-07-18,4,t,
72,管理力提升工作坊,2022-06-20,6,t,
72,跨部门沟通协作,2022-10-24,3,t,74.8
72,新员工入职培训,2022-09-23,6,t,75.6
73,新员工入职培训,2023-01-12,3,t,
73,领导力发展计划,2026-04-17,4,t,89.6
73,领导力发展计划,2026-02-10,8,f,96.4
73,领导力发展计划,2026-04-07,6,t,83.6
74,时间管理与效率提升,2023-02-09,6,t,63.8
74,数据分析基础,2025-10-03,6,t,
74,数据分析基础,2024-10-03,2,t,86.2
74,技术分享会,2026-08-11,8,t,
74,跨部门沟通协作,2026-03-04,3,t,67.6
74,跨部门沟通协作,2024-09-17,8,t,78.9
75,跨部门沟通协作,2026-03-17,4,t,93.4
75,销售技巧实战营,2026-01-28,8,t,62.9
75,新员工入职培训,2024-08-12,2,t,96.8
75,领导力发展计划,2024-09-04,3,t,
76,技术分享会,2024-10-03,2,t,86.9
76,信息安全与合规培训,2025-07-17,8,t,87.6
76,数据分析基础,2025-02-25,4,f,75.1
76,跨部门沟通协作,2024-07-02,8,t,63.0
77,技术分享会,2022-12-02,8,t,
77,销售技巧实战营,2022-12-20,3,t,69.1
77,领导力发展计划,2022-09-02,2,t,
78,跨部门沟通协作,2023-05-30,2,t,
78,领导力发展计划,2023-12-27,2,t,62.7
79,信息安全与合规培训,2024-09-25,2,t,76.7
79,领导力发展计划,2024-05-08,3,t,75.6
79,数据分析基础,2025-08-07,3,t,93.7
79,技术分享会,2022-07-04,8,t,
79,跨部门沟通协作,2024-08-21,6,t,84.3
80,领导力发展计划,2024-03-20,3,t,86.6
80,管理力提升工作坊,2026-07-07,8,t,86.9
80,时间管理与效率提升,2025-09-09,2,t,81.4
81,管理力提升工作坊,2022-11-02,3,t,
81,时间管理与效率提升,2023-04-20,6,t,71.0
82,数据分析基础,2022-08-26,3,t,92.2
82,跨部门沟通协作,2022-07-08,2,t,95.9
82,数据分析基础,2022-07-22,3,t,67.5
82,数据分析基础,2024-10-10,2,t,83.8
82,数据分析基础,2022-06-01,4,t,65.2
82,销售技巧实战营,2025-01-22,3,t,69.4
83,管理力提升工作坊,2023-01-18,2,t,
83,技术分享会,2023-02-03,2,t,
83,技术分享会,2022-10-13,3,f,68.6
83,技术分享会,2023-01-06,2,t,67.0
83,领导力发展计划,2022-10-14,6,t,
83,跨部门沟通协作,2022-07-13,8,f,69.8
84,领导力发展计划,2023-03-30,4,t,75.6
84,技术分享会,2023-10-26,4,t,90.4
84,技术分享会,2023-10-12,3,f,84.6
84,新员工入职培训,2023-06-23,2,t,65.7
85,销售技巧实战营,2024-01-22,8,f,
85,销售技巧实战营,2025-01-17,4,t,78.1
85,领导力发展计划,2024-01-05,3,t,
85,技术分享会,2024-05-07,4,t,66.0
85,销售技巧实战营,2023-06-07,8,t,65.5
85,数据分析基础,2023-03-15,6,t,63.2
86,技术分享会,2025-12-22,6,t,
86,跨部门沟通协作,2024-04-26,2,t,61.1
86,领导力发展计划,2022-10-03,8,t,86.4
86,跨部门沟通协作,2023-10-26,6,t,60.8
86,信息安全与合规培训,2024-05-20,8,t,83.0
86,数据分析基础,2022-08-22,8,t,85.9
87,管理力提升工作坊,2026-03-02,3,f,77.3
87,数据分析基础,2025-01-16,8,t,75.4
87,信息安全与合规培训,2022-09-15,4,t,87.4
87,新员工入职培训,2026-02-26,3,t,83.2
87,时间管理与效率提升,2022-08-05,2,t,75.9
88,时间管理与效率提升,2022-10-25,3,t,92.8
88,数据分析基础,2025-01-20,8,t,
89,时间管理与效率提升,2022-08-15,8,f,91.8
89,销售技巧实战营,2023-05-03,2,t,61.8
89,时间管理与效率提升,2023-06-22,6,t,97.5
89,信息安全与合规培训,2023-01-31,6,t,
89,时间管理与效率提升,2022-06-03,6,t,74.8
89,时间管理与效率提升,2023-10-17,4,t,
90,技术分享会,2022-08-31,4,f,
90,新员工入职培训,2023-02-17,3,t,75.4
90,领导力发展计划,2023-05-18,6,t,82.3
90,技术分享会,2023-05-02,3,t,
90,信息安全与合规培训,2022-09-19,6,t,66.6
91,技术分享会,2025-07-02,8,t,65.8
91,跨部门沟通协作,2024-01-29,8,t,89.1
91,领导力发展计划,2024-07-08,8,t,63.5
91,新员工入职培训,2026-04-06,3,f,72.0
91,时间管理与效率提升,2025-02-21,4,t,66.8
91,销售技巧实战营,2026-04-07,2,f,62.9
92,跨部门沟通协作,2023-05-29,6,t,80.7
92,信息安全与合规培训,2023-02-08,2,t,
93,管理力提升工作坊,2022-12-13,3,t,78.7
93,领导力发展计划,2024-07-31,8,t,
93,数据分析基础,2025-09-02,3,t,98.6
93,销售技巧实战营,2025-05-29,8,t,98.1
94,销售技巧实战营,2022-10-04,3,f,
94,技术分享会,2022-09-09,2,t,92.6
94,领导力发展计划,2023-03-27,4,t,67.2
94,新员工入职培训,2023-05-18,6,t,96.6
94,跨部门沟通协作,2023-05-22,4,t,98.3
94,销售技巧实战营,2022-06-22,6,f,64.5
95,技术分享会,2024-07-03,4,t,91.0
95,管理力提升工作坊,2023-08-03,6,t,78.3
95,信息安全与合规培训,2023-11-24,4,t,98.9
95,技术分享会,2023-03-27,2,t,96.3
96,数据分析基础,2023-03-02,3,t,78.2
96,技术分享会,2022-08-09,2,t,65.1
96,管理力提升工作坊,2022-11-24,3,t,
96,跨部门沟通协作,2022-06-06,4,t,96.6
97,销售技巧实战营,2024-02-15,3,t,96.0
97,新员工入职培训,2022-11-15,3,t,83.8
97,技术分享会,2022-07-22,4,t,
97,销售技巧实战营,2024-08-14,6,t,84.3
97,时间管理与效率提升,2025-04-16,2,t,
98,销售技巧实战营,2024-05-15,6,t,77.5
98,跨部门沟通协作,2026-07-07,4,t,80.4
98,信息安全与合规培训,2024-06-12,6,t,93.6
98,技术分享会,2023-07-28,6,t,98.1
98,技术分享会,2023-12-29,8,f,90.2
98,新员工入职培训,2022-11-08,4,t,
99,跨部门沟通协作,2023-09-26,3,t,62.5
99,信息安全与合规培训,2024-11-27,6,f,61.1
99,新员工入职培训,2023-05-10,2,t,
99,信息安全与合规培训,2024-04-10,8,t,71.7
100,销售技巧实战营,2023-06-29,2,t,92.5
100,数据分析基础,2026-01-21,6,t,61.6
100,销售技巧实战营,2025-05-22,2,f,93.7
100,技术分享会,2023-05-04,4,t,77.8
100,领导力发展计划,2024-03-14,3,t,65.5
101,数据分析基础,2024-02-02,6,f,69.4
101,技术分享会,2023-08-03,6,t,
102,销售技巧实战营,2023-02-02,8,t,93.3
102,新员工入职培训,2024-06-04,3,t,
102,信息安全与合规培训,2023-11-03,2,t,
102,跨部门沟通协作,2025-05-05,3,t,
102,新员工入职培训,2024-02-06,2,t,73.3
103,时间管理与效率提升,2024-07-30,3,t,72.0
103,跨部门沟通协作,2023-05-04,2,t,64.2
103,时间管理与效率提升,2023-06-20,8,t,99.0
103,信息安全与合规培训,2023-10-25,4,t,74.9
104,跨部门沟通协作,2022-08-04,8,t,
104,销售技巧实战营,2025-03-03,8,t,
104,技术分享会,2025-12-25,3,t,70.2
104,信息安全与合规培训,2022-11-11,8,t,97.2
105,新员工入职培训,2024-12-17,8,t,85.9
105,跨部门沟通协作,2023-08-24,6,t,82.3
105,领导力发展计划,2026-04-02,2,t,92.9
105,管理力提升工作坊,2026-07-20,6,t,83.2
105,数据分析基础,2024-06-05,3,t,83.2
106,领导力发展计划,2023-01-02,2,t,
106,数据分析基础,2023-02-13,6,t,91.6
106,领导力发展计划,2023-03-09,8,t,76.3
107,管理力提升工作坊,2022-12-09,6,t,67.1
107,数据分析基础,2024-01-29,6,t,61.5
107,新员工入职培训,2023-12-06,4,t,91.5
107,领导力发展计划,2023-09-07,2,t,
107,销售技巧实战营,2022-10-06,3,t,73.9
108,信息安全与合规培训,2023-08-15,4,t,96.7
108,管理力提升工作坊,2023-12-19,6,t,78.5
108,领导力发展计划,2023-07-05,6,t,87.4
108,跨部门沟通协作,2024-04-04,8,t,
108,数据分析基础,2022-11-25,3,f,74.1
108,新员工入职培训,2023-04-26,3,t,73.9
109,新员工入职培训,2023-06-13,2,t,95.4
109,技术分享会,2023-10-19,3,t,92.1
109,技术分享会,2023-01-31,4,t,85.4
109,时间管理与效率提升,2024-11-06,2,t,88.6
110,管理力提升工作坊,2024-03-12,3,f,
110,管理力提升工作坊,2022-11-07,8,t,96.3
110,销售技巧实战营,2024-10-23,2,f,85.1
110,时间管理与效率提升,2025-07-23,6,t,
110,信息安全与合规培训,2023-07-03,3,t,98.7
110,销售技巧实战营,2025-02-13,3,t,
111,跨部门沟通协作,2024-05-01,2,t,83.8
111,跨部门沟通协作,2024-03-25,4,t,90.9
111,管理力提升工作坊,2023-10-30,4,t,68.2
112,销售技巧实战营,2024-08-02,3,t,86.0
112,时间管理与效率提升,2026-05-19,6,t,73.8
112,信息安全与合规培训,2023-11-08,8,t,66.6
112,新员工入职培训,2022-11-02,8,t,
112,信息安全与合规培训,2022-08-25,3,t,
112,管理力提升工作坊,2025-03-26,4,t,82.8
113,技术分享会,2023-04-27,3,t,
113,数据分析基础,2025-03-07,4,t,
113,技术分享会,2024-05-06,8,t,79.1
113,数据分析基础,2024-03-22,3,t,74.4
114,数据分析基础,2024-12-06,2,t,64.8
114,时间管理与效率提升,2023-05-26,4,t,
114,销售技巧实战营,2023-10-04,2,t,65.8
114,数据分析基础,2024-10-10,8,t,85.0
114,技术分享会,2022-08-04,2,t,81.2
115,信息安全与合规培训,2023-08-21,3,f,76.1
115,技术分享会,2023-12-06,6,t,71.9
115,销售技巧实战营,2024-04-11,6,t,
115,信息安全与合规培训,2023-02-02,8,f,78.2
116,销售技巧实战营,2024-02-07,2,t,
116,领导力发展计划,2024-10-22,4,t,
117,时间管理与效率提升,2025-01-22,4,f,88.0
117,销售技巧实战营,2025-02-13,3,t,
117,领导力发展计划,2025-06-30,8,t,70.8
118,新员工入职培训,2022-07-25,2,t,85.9
118,数据分析基础,2022-08-23,6,t,66.7
118,信息安全与合规培训,2022-06-30,2,t,61.0
118,新员工入职培训,2023-01-25,4,t,97.5
118,时间管理与效率提升,2022-09-02,8,t,90.5
119,新员工入职培训,2023-01-31,6,t,72.4
119,信息安全与合规培训,2022-10-11,4,t,75.0
120,时间管理与效率提升,2026-07-21,2,t,91.9
120,技术分享会,2026-01-29,8,f,78.7
121,管理力提升工作坊,2025-12-26,4,t,92.6
121,新员工入职培训,2025-05-23,6,t,86.1
121,销售技巧实战营,2023-10-31,2,t,89.2
121,销售技巧实战营,2025-08-13,8,t,62.1
121,跨部门沟通协作,2024-07-25,6,f,
122,数据分析基础,2024-05-21,2,t,72.0
122,时间管理与效率提升,2025-02-05,2,t,60.2
122,新员工入职培训,2025-10-27,3,t,
123,领导力发展计划,2023-08-04,2,t,
123,信息安全与合规培训,2026-05-19,8,t,92.7
123,时间管理与效率提升,2023-09-15,4,t,91.3
124,跨部门沟通协作,2024-09-27,2,t,77.5
124,跨部门沟通协作,2025-06-17,3,t,61.0
125,时间管理与效率提升,2023-04-05,2,t,65.4
125,时间管理与效率提升,2023-02-20,4,t,
125,新员工入职培训,2023-06-27,2,t,69.7
125,销售技巧实战营,2023-05-18,6,t,
125,新员工入职培训,2023-01-31,3,t,83.1
125,时间管理与效率提升,2023-12-12,4,t,76.1
126,领导力发展计划,2024-05-22,2,t,68.4
126,时间管理与效率提升,2022-07-07,6,t,
126,信息安全与合规培训,2022-12-01,4,t,86.3
126,数据分析基础,2025-02-10,2,t,72.9
127,新员工入职培训,2022-06-15,6,t,97.7
127,信息安全与合规培训,2023-04-19,6,t,74.2
127,数据分析基础,2023-03-13,8,t,97.0
128,时间管理与效率提升,2025-01-06,8,t,78.7
128,技术分享会,2022-10-10,3,t,87.3
128,时间管理与效率提升,2022-09-13,6,t,91.1
129,信息安全与合规培训,2024-09-02,6,t,85.0
129,领导力发展计划,2025-06-30,6,t,98.0
129,时间管理与效率提升,2025-07-09,2,t,88.9
129,新员工入职培训,2026-01-16,2,t,86.3
129,数据分析基础,2025-01-09,6,t,63.8
129,时间管理与效率提升,2024-05-10,3,t,82.7
130,信息安全与合规培训,2023-11-08,6,t,83.8
130,数据分析基础,2023-08-09,3,f,98.5
130,跨部门沟通协作,2023-05-09,2,t,
130,领导力发展计划,2022-06-17,3,t,86.8
131,数据分析基础,2023-09-11,4,t,
131,管理力提升工作坊,2023-10-13,2,t,65.6
131,领导力发展计划,2023-01-17,6,t,91.7
131,技术分享会,2023-06-20,2,t,79.6
131,跨部门沟通协作,2023-04-06,8,t,81.6
131,时间管理与效率提升,2022-11-30,4,t,76.1
132,新员工入职培训,2024-04-02,8,t,
132,技术分享会,2022-11-24,8,t,
133,信息安全与合规培训,2023-06-21,4,t,78.1
133,管理力提升工作坊,2024-06-05,4,t,
133,新员工入职培训,2022-12-02,3,f,87.1
133,跨部门沟通协作,2024-07-22,3,t,96.1
134,销售技巧实战营,2023-03-27,6,t,
134,管理力提升工作坊,2026-06-02,6,t,97.8
134,管理力提升工作坊,2025-11-05,2,t,64.6
134,领导力发展计划,2023-06-07,6,t,67.9
134,跨部门沟通协作,2026-04-13,6,t,88.3
135,数据分析基础,2024-07-29,3,f,65.9
135,信息安全与合规培训,2026-02-12,6,t,76.5
135,信息安全与合规培训,2023-01-10,8,t,82.7
135,管理力提升工作坊,2025-03-06,4,t,
135,技术分享会,2025-11-04,3,t,93.0
136,跨部门沟通协作,2022-11-29,3,t,67.5
136,销售技巧实战营,2022-09-07,6,t,
137,数据分析基础,2025-05-19,6,t,94.7
137,管理力提升工作坊,2024-11-25,3,f,85.0
137,新员工入职培训,2022-08-19,2,t,61.2
137,领导力发展计划,2023-06-14,4,t,75.1
137,管理力提升工作坊,2025-06-23,8,t,
137,时间管理与效率提升,2022-06-22,4,f,93.4
138,技术分享会,2025-10-17,4,t,91.7
138,新员工入职培训,2025-01-08,8,t,75.7
138,销售技巧实战营,2024-05-17,4,f,80.3
139,管理力提升工作坊,2025-02-18,6,t,
139,销售技巧实战营,2023-03-01,6,t,92.8
139,时间管理与效率提升,2024-09-25,2,f,60.9
139,数据分析基础,2024-01-30,4,t,83.5
139,新员工入职培训,2025-11-19,3,t,75.2
140,信息安全与合规培训,2022-06-24,6,t,68.9
140,技术分享会,2023-05-25,6,f,94.9
140,数据分析基础,2022-07-20,6,t,
141,领导力发展计划,2024-10-29,6,t,95.9
141,销售技巧实战营,2022-12-23,3,t,
142,跨部门沟通协作,2025-09-24,3,t,97.1
142,管理力提升工作坊,2023-10-24,6,t,78.2
142,领导力发展计划,2025-02-17,3,t,
143,时间管理与效率提升,2024-03-14,3,t,
143,跨部门沟通协作,2023-10-20,4,t,71.4
143,销售技巧实战营,2023-06-12,4,f,95.7
143,信息安全与合规培训,2023-10-19,6,t,71.4
144,销售技巧实战营,2025-05-19,6,t,87.9
144,跨部门沟通协作,2026-08-27,2,t,67.3
144,技术分享会,2025-03-26,6,t,78.7
144,跨部门沟通协作,2023-08-07,3,t,78.6
145,技术分享会,2024-01-03,4,t,60.9
145,新员工入职培训,2023-11-20,3,t,
146,时间管理与效率提升,2022-10-21,3,t,60.6
146,管理力提升工作坊,2024-06-05,3,t,64.5
147,新员工入职培训,2023-09-15,3,t,76.0
147,技术分享会,2022-12-06,8,t,77.1
147,管理力提升工作坊,2026-05-08,6,t,
147,新员工入职培训,2024-03-19,4,t,66.0
147,管理力提升工作坊,2024-05-16,3,t,62.3
148,领导力发展计划,2024-08-05,2,t,89.7
148,销售技巧实战营,2024-01-03,6,t,98.5
148,跨部门沟通协作,2024-04-15,4,t,
148,时间管理与效率提升,2024-10-23,2,f,72.4
148,管理力提升工作坊,2022-06-23,8,t,87.3
148,数据分析基础,2023-12-21,3,t,
149,销售技巧实战营,2024-07-12,6,t,68.9
149,信息安全与合规培训,2023-02-09,3,t,73.4
149,时间管理与效率提升,2024-02-23,2,f,
149,新员工入职培训,2023-06-05,2,t,79.9
150,新员工入职培训,2023-10-25,4,t,90.8
150,技术分享会,2025-06-13,8,t,87.2
151,跨部门沟通协作,2025-05-26,6,t,97.8
151,跨部门沟通协作,2022-06-17,8,f,67.7
152,信息安全与合规培训,2022-11-29,6,f,97.1
152,信息安全与合规培训,2022-11-07,3,f,81.2
152,管理力提升工作坊,2022-07-06,8,t,72.9
152,技术分享会,2022-08-24,3,t,84.8
153,时间管理与效率提升,2022-12-20,6,t,
153,管理力提升工作坊,2023-03-16,4,f,70.8
153,领导力发展计划,2023-05-24,6,t,69.8
154,跨部门沟通协作,2025-05-12,2,t,61.0
154,销售技巧实战营,2023-01-30,3,t,94.7
155,管理力提升工作坊,2023-03-07,8,t,78.4
155,信息安全与合规培训,2023-05-25,2,t,67.8
155,销售技巧实战营,2023-04-06,6,t,91.3
156,管理力提升工作坊,2022-10-12,4,t,64.8
156,跨部门沟通协作,2022-12-21,3,t,
157,跨部门沟通协作,2023-10-10,2,t,
157,时间管理与效率提升,2026-06-26,4,t,87.4
158,销售技巧实战营,2025-10-14,3,f,88.0
158,新员工入职培训,2025-09-08,8,t,88.1
158,新员工入职培训,2025-09-10,6,t,
158,数据分析基础,2025-09-19,4,t,
159,领导力发展计划,2022-10-14,8,t,
159,跨部门沟通协作,2022-09-28,6,t,
159,新员工入职培训,2023-04-24,4,t,80.1
159,数据分析基础,2022-12-27,4,t,90.3
160,时间管理与效率提升,2024-11-05,3,t,68.7
160,时间管理与效率提升,2023-05-29,2,t,81.0
160,领导力发展计划,2024-06-25,6,t,
160,管理力提升工作坊,2026-02-16,8,t,81.9
161,管理力提升工作坊,2025-07-17,4,t,
161,跨部门沟通协作,2024-01-23,4,t,
161,时间管理与效率提升,2025-06-06,4,t,84.6
161,领导力发展计划,2022-12-09,2,t,68.0
161,管理力提升工作坊,2025-01-09,4,t,64.0
162,跨部门沟通协作,2023-06-28,8,t,69.2
162,数据分析基础,2024-08-02,3,f,88.4
162,数据分析基础,2026-03-09,6,t,69.1
163,销售技巧实战营,2022-09-01,8,t,63.1
163,销售技巧实战营,2022-10-04,2,t,
163,技术分享会,2023-03-09,3,t,83.4
163,管理力提升工作坊,2022-07-15,8,t,60.1
164,时间管理与效率提升,2025-08-04,2,t,61.8
164,技术分享会,2024-06-11,2,t,70.5
165,销售技巧实战营,2026-06-17,4,t,81.7
165,销售技巧实战营,2022-11-02,6,t,66.9
165,领导力发展计划,2025-09-25,2,t,61.8
165,时间管理与效率提升,2025-04-25,4,f,72.6
165,管理力提升工作坊,2026-01-20,6,t,75.1
166,销售技巧实战营,2024-11-06,3,t,
166,技术分享会,2025-12-05,2,t,76.0
166,新员工入职培训,2025-12-09,4,t,88.0
166,新员工入职培训,2022-12-15,4,t,65.7
167,技术分享会,2024-04-22,8,t,78.1
167,跨部门沟通协作,2025-09-08,4,t,
167,新员工入职培训,2026-04-30,6,t,
167,信息安全与合规培训,2023-03-20,8,t,81.4
167,跨部门沟通协作,2022-08-03,6,t,74.8
168,管理力提升工作坊,2025-07-23,2,t,85.9
168,时间管理与效率提升,2026-07-31,6,t,
168,管理力提升工作坊,2025-01-14,6,t,93.1
168,新员工入职培训,2025-06-24,6,t,71.1
168,信息安全与合规培训,2023-03-24,6,t,
168,信息安全与合规培训,2024-04-11,8,t,68.8
169,信息安全与合规培训,2023-09-08,6,t,80.5
169,新员工入职培训,2025-06-02,2,t,88.8
169,领导力发展计划,2025-04-25,4,t,77.6
169,管理力提升工作坊,2025-03-25,8,t,86.7
169,时间管理与效率提升,2025-04-11,8,t,
170,信息安全与合规培训,2022-08-19,2,t,66.9
170,新员工入职培训,2022-06-23,3,t,85.0
170,时间管理与效率提升,2023-09-05,4,t,63.8
170,新员工入职培训,2022-08-09,4,t,
170,管理力提升工作坊,2023-07-26,4,f,86.4
170,时间管理与效率提升,2022-09-07,6,t,96.6
171,管理力提升工作坊,2024-03-27,3,t,
171,销售技巧实战营,2023-12-18,4,t,
171,数据分析基础,2023-07-13,4,t,96.0
171,领导力发展计划,2025-03-20,6,t,63.2
171,新员工入职培训,2023-09-14,6,t,80.1
171,领导力发展计划,2023-02-03,6,t,97.7
172,销售技巧实战营,2022-07-05,4,t,61.1
172,领导力发展计划,2022-08-19,2,t,66.4
173,技术分享会,2022-12-12,4,t,
173,新员工入职培训,2022-08-12,2,t,71.8
173,信息安全与合规培训,2022-09-23,6,t,92.1
173,时间管理与效率提升,2022-12-20,8,t,85.1
173,时间管理与效率提升,2022-06-13,3,f,84.4
173,领导力发展计划,2022-09-09,6,t,77.7
174,技术分享会,2024-08-02,4,t,69.0
174,管理力提升工作坊,2024-06-24,6,t,93.8
175,信息安全与合规培训,2023-06-23,2,t,66.9
175,领导力发展计划,2023-05-11,2,t,
176,时间管理与效率提升,2024-11-29,3,t,93.7
176,信息安全与合规培训,2023-06-23,6,t,68.7
177,时间管理与效率提升,2026-01-15,3,t,97.5
177,时间管理与效率提升,2025-02-20,6,t,93.1
177,数据分析基础,2024-05-20,4,t,75.3
178,技术分享会,2024-08-09,3,t,98.6
178,领导力发展计划,2025-06-17,2,t,78.1
178,数据分析基础,2023-11-01,6,t,66.0
178,管理力提升工作坊,2022-11-02,8,t,86.5
179,管理力提升工作坊,2023-05-22,4,t,95.2
179,跨部门沟通协作,2025-11-06,8,t,
179,时间管理与效率提升,2025-11-12,8,f,75.5
179,时间管理与效率提升,2024-09-12,4,t,88.2
179,信息安全与合规培训,2025-11-19,4,t,90.9
180,数据分析基础,2025-06-02,3,t,72.1
180,信息安全与合规培训,2024-12-16,6,t,80.0
180,技术分享会,2025-03-20,2,t,82.6
181,跨部门沟通协作,2023-06-20,8,t,72.5
181,技术分享会,2025-07-03,3,t,61.0
181,信息安全与合规培训,2024-06-21,4,t,
181,数据分析基础,2023-09-07,6,t,64.1
181,信息安全与合规培训,2023-04-27,6,t,92.6
182,销售技巧实战营,2022-08-04,8,f,62.2
182,销售技巧实战营,2023-02-06,3,t,87.1
183,新员工入职培训,2026-06-19,8,f,
183,时间管理与效率提升,2022-08-15,8,t,65.6
183,管理力提升工作坊,2024-10-24,6,t,
183,管理力提升工作坊,2023-07-27,4,t,94.7
184,时间管理与效率提升,2024-08-16,2,t,76.2
184,数据分析基础,2025-03-31,8,t,80.9
184,数据分析基础,2023-02-13,4,t,
184,管理力提升工作坊,2022-09-09,3,f,61.3
184,新员工入职培训,2023-02-14,4,t,79.0
185,信息安全与合规培训,2022-11-25,2,t,81.3
185,销售技巧实战营,2022-09-09,6,f,
185,时间管理与效率提升,2022-10-18,8,t,71.4
186,销售技巧实战营,2023-12-28,2,t,74.4
186,领导力发展计划,2026-06-19,8,t,89.7
186,领导力发展计划,2022-07-12,2,t,
187,数据分析基础,2023-06-19,6,t,76.7
187,领导力发展计划,2023-11-14,6,t,
187,销售技巧实战营,2023-05-15,2,t,71.1
187,技术分享会,2022-07-20,4,t,
187,数据分析基础,2022-12-01,8,t,
187,技术分享会,2024-05-14,2,t,
188,新员工入职培训,2025-10-28,8,t,
188,销售技巧实战营,2023-02-23,4,f,94.2
188,数据分析基础,2025-05-20,6,t,89.4
188,领导力发展计划,2024-02-20,4,t,70.0
188,数据分析基础,2026-06-25,8,t,73.2
188,跨部门沟通协作,2025-10-30,2,t,61.4
189,技术分享会,2023-06-28,4,t,82.6
189,技术分享会,2024-03-11,8,t,90.5
189,技术分享会,2024-02-29,3,t,63.7
190,数据分析基础,2025-07-03,6,t,79.0
190,管理力提升工作坊,2024-03-01,3,t,70.7
190,跨部门沟通协作,2026-07-01,6,t,
190,信息安全与合规培训,2024-01-05,6,t,91.9
190,数据分析基础,2024-11-06,8,t,87.6
191,跨部门沟通协作,2024-03-18,8,t,72.0
191,信息安全与合规培训,2026-03-17,4,t,
191,销售技巧实战营,2025-07-16,3,t,72.0
191,技术分享会,2024-01-19,2,t,66.0
191,管理力提升工作坊,2023-03-20,3,t,96.6
192,管理力提升工作坊,2022-09-09,2,t,67.1
192,数据分析基础,2022-11-17,4,t,89.9
192,时间管理与效率提升,2022-06-23,2,t,64.6
192,新员工入职培训,2022-10-05,6,t,92.9
193,管理力提升工作坊,2025-01-20,3,t,
193,技术分享会,2022-12-12,8,t,
194,数据分析基础,2022-11-11,6,t,98.9
194,跨部门沟通协作,2024-03-26,2,t,86.1
194,数据分析基础,2023-12-18,8,t,94.5
194,管理力提升工作坊,2024-05-14,4,t,91.3
194,销售技巧实战营,2023-08-08,2,t,67.7
194,数据分析基础,2023-11-20,8,t,61.7
195,时间管理与效率提升,2025-11-05,3,f,
195,技术分享会,2023-06-21,3,t,
195,领导力发展计划,2023-01-10,6,t,
195,信息安全与合规培训,2025-01-01,3,t,80.3
195,管理力提升工作坊,2023-06-05,8,t,
195,时间管理与效率提升,2023-06-13,2,t,88.6
196,技术分享会,2024-05-07,3,t,92.0
196,数据分析基础,2022-08-26,2,t,71.0
196,管理力提升工作坊,2024-04-08,2,t,87.2
196,新员工入职培训,2023-03-03,6,t,77.6
196,技术分享会,2023-09-29,6,t,77.6
197,数据分析基础,2023-09-14,8,f,75.2
197,新员工入职培训,2024-04-09,3,t,73.1
197,销售技巧实战营,2022-12-13,2,t,93.3
198,领导力发展计划,2022-09-20,3,t,96.4
198,信息安全与合规培训,2022-09-08,8,t,63.3
199,领导力发展计划,2024-02-21,8,t,
199,信息安全与合规培训,2023-08-09,2,t,95.3
199,销售技巧实战营,2024-05-27,3,t,
199,销售技巧实战营,2022-10-20,4,t,69.8
199,数据分析基础,2023-04-04,8,t,70.7
200,领导力发展计划,2023-11-29,6,t,91.9
200,跨部门沟通协作,2023-06-07,8,t,90.8
200,领导力发展计划,2025-02-05,8,t,90.2
201,领导力发展计划,2026-08-27,6,t,84.7
201,时间管理与效率提升,2023-09-22,2,f,91.3
202,销售技巧实战营,2024-07-01,8,t,
202,信息安全与合规培训,2023-10-25,3,t,66.8
203,新员工入职培训,2025-05-12,6,t,92.4
203,时间管理与效率提升,2025-11-14,2,f,78.0
203,时间管理与效率提升,2023-04-11,4,t,85.7
203,技术分享会,2026-06-10,6,t,64.6
203,时间管理与效率提升,2023-10-02,2,t,
204,跨部门沟通协作,2023-03-22,4,t,
204,新员工入职培训,2023-02-07,3,t,62.1
204,销售技巧实战营,2023-01-12,4,t,60.7
204,新员工入职培训,2023-02-17,8,t,
204,销售技巧实战营,2023-03-23,3,t,
205,时间管理与效率提升,2022-08-23,6,t,95.7
205,领导力发展计划,2025-03-04,8,t,
205,管理力提升工作坊,2022-10-21,4,t,81.3
205,销售技巧实战营,2024-08-20,8,t,74.5
206,数据分析基础,2025-11-19,2,t,64.7
206,新员工入职培训,2023-01-24,3,t,77.1
207,销售技巧实战营,2026-01-12,8,t,73.1
207,跨部门沟通协作,2022-07-06,4,f,97.8
207,数据分析基础,2026-02-26,8,f,86.1
207,领导力发展计划,2026-04-03,4,t,95.4
208,领导力发展计划,2023-03-23,8,t,60.8
208,跨部门沟通协作,2025-05-27,2,t,87.0
208,数据分析基础,2023-01-13,8,t,95.6
208,信息安全与合规培训,2025-06-24,3,t,83.9
208,信息安全与合规培训,2025-05-08,4,t,
209,销售技巧实战营,2022-09-29,6,t,85.8
209,管理力提升工作坊,2024-08-01,8,t,79.8
209,管理力提升工作坊,2026-05-28,2,t,65.7
209,销售技巧实战营,2025-09-04,2,t,
209,跨部门沟通协作,2024-03-20,6,t,78.9
209,领导力发展计划,2025-11-10,3,t,96.4
210,数据分析基础,2025-10-27,2,t,80.6
210,新员工入职培训,2025-12-16,3,t,91.4
210,技术分享会,2024-02-14,8,t,90.2
210,跨部门沟通协作,2024-09-05,4,t,70.7
210,领导力发展计划,2024-07-04,8,f,95.4
211,数据分析基础,2024-02-28,4,t,86.9
211,领导力发展计划,2024-08-09,6,t,
211,数据分析基础,2025-05-01,2,t,
211,时间管理与效率提升,2023-09-14,2,t,92.0
212,领导力发展计划,2023-02-21,8,t,81.3
212,跨部门沟通协作,2022-09-05,6,t,75.8
212,管理力提升工作坊,2022-09-16,6,t,
213,领导力发展计划,2026-02-24,4,t,75.2
213,领导力发展计划,2025-07-25,3,t,
213,管理力提升工作坊,2024-04-11,4,t,87.2
213,管理力提升工作坊,2024-11-15,4,t,
213,技术分享会,2026-01-20,6,t,62.9
213,领导力发展计划,2023-06-01,8,t,80.0
214,销售技巧实战营,2024-04-19,8,f,66.6
214,销售技巧实战营,2024-10-31,4,t,74.7
215,信息安全与合规培训,2023-03-10,4,t,
215,信息安全与合规培训,2024-10-23,6,t,69.3
216,销售技巧实战营,2024-06-19,2,t,87.1
216,数据分析基础,2022-12-30,4,t,93.9
216,信息安全与合规培训,2026-07-03,2,t,62.1
216,领导力发展计划,2022-12-27,6,t,
217,技术分享会,2025-05-12,2,f,74.5
217,跨部门沟通协作,2026-02-23,3,t,68.2
217,时间管理与效率提升,2026-07-09,2,t,
217,领导力发展计划,2023-12-11,8,t,
218,跨部门沟通协作,2023-05-02,4,t,77.1
218,领导力发展计划,2024-08-09,2,t,82.1
218,销售技巧实战营,2023-01-09,8,t,91.1
218,新员工入职培训,2024-09-18,6,t,76.4
218,技术分享会,2025-11-26,4,t,
219,信息安全与合规培训,2025-04-11,3,t,92.7
219,数据分析基础,2023-03-31,4,t,64.6
219,技术分享会,2025-04-29,4,t,72.2
219,信息安全与合规培训,2024-12-17,4,t,88.7
219,销售技巧实战营,2024-03-28,3,t,76.0
219,数据分析基础,2025-03-10,4,t,72.7
220,销售技巧实战营,2026-05-07,6,t,89.9
220,领导力发展计划,2025-10-24,6,t,
220,技术分享会,2025-12-17,3,t,64.5
220,跨部门沟通协作,2025-11-25,2,t,70.9
220,销售技巧实战营,2026-04-09,2,t,86.1
221,技术分享会,2026-05-26,8,t,76.3
221,管理力提升工作坊,2024-05-03,4,t,63.0
221,跨部门沟通协作,2024-07-05,3,t,96.1
221,管理力提升工作坊,2023-06-07,8,f,91.0
221,新员工入职培训,2026-06-05,4,t,
221,信息安全与合规培训,2023-09-11,6,t,
222,信息安全与合规培训,2023-06-13,8,t,76.1
222,信息安全与合规培训,2022-08-26,4,t,94.2
222,跨部门沟通协作,2022-10-20,6,t,91.6
223,跨部门沟通协作,2022-12-22,8,f,84.9
223,销售技巧实战营,2023-09-26,3,t,62.5
223,技术分享会,2023-09-05,3,t,96.5
224,新员工入职培训,2024-02-28,3,t,
224,技术分享会,2024-01-19,8,t,63.5
224,销售技巧实战营,2024-06-28,4,t,80.3
225,新员工入职培训,2024-04-01,2,t,85.7
225,信息安全与合规培训,2023-11-13,4,t,68.1
225,数据分析基础,2026-06-17,3,t,
225,跨部门沟通协作,2025-11-10,4,t,80.1
225,领导力发展计划,2022-11-25,2,t,95.9
225,管理力提升工作坊,2025-12-02,2,t,92.2
226,技术分享会,2025-09-02,8,t,
226,新员工入职培训,2024-11-29,6,t,67.0
226,时间管理与效率提升,2023-07-31,6,t,
226,数据分析基础,2023-11-08,3,t,94.8
226,数据分析基础,2024-09-25,3,f,64.1
227,技术分享会,2023-07-19,6,t,73.9
227,时间管理与效率提升,2022-07-19,6,t,75.7
228,数据分析基础,2026-06-03,3,f,74.4
228,技术分享会,2024-07-30,4,f,97.0
228,技术分享会,2023-01-31,6,t,60.3
228,新员工入职培训,2026-05-01,2,t,65.8
228,领导力发展计划,2025-04-07,8,t,
228,时间管理与效率提升,2022-07-14,4,t,63.7
229,销售技巧实战营,2022-07-19,3,t,
229,技术分享会,2022-11-18,4,t,80.3
229,销售技巧实战营,2022-07-15,4,t,80.2
229,销售技巧实战营,2022-11-25,2,t,
229,管理力提升工作坊,2023-01-24,8,t,
229,时间管理与效率提升,2023-02-10,3,t,
230,时间管理与效率提升,2025-07-16,6,t,77.2
230,数据分析基础,2025-10-17,4,t,84.0
230,领导力发展计划,2022-09-27,6,f,81.9
230,信息安全与合规培训,2025-06-06,3,t,92.8
230,新员工入职培训,2023-06-02,2,t,96.8
231,时间管理与效率提升,2025-07-28,8,t,67.6
231,数据分析基础,2025-11-07,8,t,60.5
231,跨部门沟通协作,2024-03-12,4,t,72.7
232,数据分析基础,2025-08-06,8,f,97.9
232,时间管理与效率提升,2023-01-18,3,t,
232,数据分析基础,2024-07-12,2,f,83.0
232,销售技巧实战营,2024-12-12,3,t,88.3
233,数据分析基础,2023-06-23,2,t,69.0
233,数据分析基础,2022-07-27,8,t,68.8
233,信息安全与合规培训,2022-10-14,3,t,60.4
234,新员工入职培训,2026-03-23,4,f,80.4
234,时间管理与效率提升,2024-07-10,2,t,71.4
234,管理力提升工作坊,2026-03-25,3,f,61.4
234,管理力提升工作坊,2026-05-22,6,t,78.8
234,领导力发展计划,2026-07-20,2,t,90.5
234,时间管理与效率提升,2023-05-10,8,t,79.8
235,时间管理与效率提升,2022-11-29,8,f,98.7
235,领导力发展计划,2022-12-29,3,t,92.5
235,时间管理与效率提升,2022-08-26,8,t,70.5
236,数据分析基础,2023-11-01,4,t,
236,技术分享会,2024-06-17,6,t,60.6
236,管理力提升工作坊,2024-08-15,6,f,61.7
236,领导力发展计划,2024-02-14,4,t,88.8
237,销售技巧实战营,2023-11-06,2,t,83.1
237,跨部门沟通协作,2026-07-02,3,t,78.8
237,信息安全与合规培训,2024-06-27,2,f,86.5
237,跨部门沟通协作,2023-07-25,2,t,79.6
238,新员工入职培训,2022-10-05,4,t,70.0
238,信息安全与合规培训,2023-10-09,6,f,92.6
238,数据分析基础,2022-11-03,4,t,81.6
239,跨部门沟通协作,2022-12-01,6,t,70.9
239,领导力发展计划,2026-05-21,2,t,97.0
240,管理力提升工作坊,2022-08-04,4,t,85.7
240,技术分享会,2022-07-05,2,t,92.6
240,时间管理与效率提升,2024-11-22,6,t,93.5
240,跨部门沟通协作,2024-08-20,6,t,64.9
240,数据分析基础,2026-01-30,8,t,78.2
241,领导力发展计划,2022-07-21,4,t,91.1
241,数据分析基础,2022-08-05,6,t,94.6
241,技术分享会,2023-02-17,6,f,76.5
241,销售技巧实战营,2022-09-15,6,t,89.7
242,领导力发展计划,2024-10-30,8,t,79.8
242,销售技巧实战营,2024-11-01,8,t,68.5
242,管理力提升工作坊,2025-01-21,2,t,
243,新员工入职培训,2024-11-06,8,t,70.5
243,技术分享会,2022-08-05,2,f,
243,领导力发展计划,2024-07-25,2,t,96.2
243,领导力发展计划,2025-08-13,8,f,84.7
243,信息安全与合规培训,2026-01-01,2,t,69.6
243,信息安全与合规培训,2022-09-13,6,t,98.1
244,技术分享会,2022-11-02,6,t,75.1
244,管理力提升工作坊,2023-02-10,3,t,80.3
244,新员工入职培训,2022-07-06,2,t,83.2
244,数据分析基础,2023-01-04,8,t,68.6
244,新员工入职培训,2023-01-06,2,t,
244,领导力发展计划,2022-08-29,2,t,82.5
245,时间管理与效率提升,2023-09-25,4,t,61.2
245,信息安全与合规培训,2023-08-10,3,f,69.1
246,领导力发展计划,2022-11-04,4,t,84.3
246,信息安全与合规培训,2022-11-28,3,t,80.8
247,信息安全与合规培训,2024-03-26,3,t,
247,领导力发展计划,2023-12-07,6,t,95.8
247,数据分析基础,2025-01-14,6,t,79.8
248,技术分享会,2023-03-24,3,t,
248,领导力发展计划,2025-06-05,4,t,65.5
248,新员工入职培训,2023-10-24,3,t,69.5
249,数据分析基础,2022-11-24,4,t,83.7
249,技术分享会,2022-11-16,3,t,
249,新员工入职培训,2022-11-04,2,t,78.5
249,数据分析基础,2022-12-06,6,t,89.7
249,销售技巧实战营,2022-09-19,3,t,
249,时间管理与效率提升,2023-01-05,2,f,77.2
250,时间管理与效率提升,2023-08-11,3,t,
250,技术分享会,2025-08-14,3,t,
250,销售技巧实战营,2025-04-14,3,t,75.5
251,时间管理与效率提升,2023-12-21,8,t,67.0
251,管理力提升工作坊,2023-04-10,6,t,94.6
251,领导力发展计划,2024-03-22,3,t,82.9
252,数据分析基础,2023-06-28,4,t,69.1
252,时间管理与效率提升,2023-01-19,8,t,70.2
252,领导力发展计划,2026-04-01,8,t,67.5
252,信息安全与合规培训,2026-02-04,2,t,
253,数据分析基础,2024-03-28,3,t,61.8
253,管理力提升工作坊,2024-05-31,2,f,77.0
253,时间管理与效率提升,2024-07-23,8,t,92.3
253,领导力发展计划,2025-01-20,4,f,
253,跨部门沟通协作,2026-05-13,3,f,
253,管理力提升工作坊,2025-11-05,6,t,84.4
254,销售技巧实战营,2023-07-14,4,t,93.8
254,时间管理与效率提升,2024-02-01,6,t,60.6
254,信息安全与合规培训,2023-02-20,8,t,97.0
255,新员工入职培训,2025-05-06,3,t,87.8
255,新员工入职培训,2026-01-22,4,t,
255,数据分析基础,2023-06-09,4,f,
255,技术分享会,2026-04-16,4,t,83.4
255,信息安全与合规培训,2023-12-18,6,t,
255,跨部门沟通协作,2023-11-21,3,t,70.9
256,销售技巧实战营,2024-07-29,4,t,79.0
256,数据分析基础,2025-07-08,8,f,72.0
256,新员工入职培训,2024-05-23,8,t,87.7
256,数据分析基础,2024-11-26,8,t,67.5
256,技术分享会,2026-08-13,8,t,90.5
256,管理力提升工作坊,2025-03-07,6,t,65.9
257,领导力发展计划,2025-09-01,2,t,70.8
257,销售技巧实战营,2022-11-01,2,t,75.9
257,信息安全与合规培训,2024-08-05,3,t,79.5
258,新员工入职培训,2023-06-14,6,t,
258,技术分享会,2023-09-05,2,t,78.4
259,销售技巧实战营,2023-03-17,3,f,
259,信息安全与合规培训,2023-03-01,2,t,
259,信息安全与合规培训,2023-03-13,2,t,72.2
259,信息安全与合规培训,2022-12-22,3,t,86.7
259,销售技巧实战营,2023-02-09,6,t,75.9
259,新员工入职培训,2022-12-21,2,t,70.4
260,时间管理与效率提升,2024-06-17,6,t,73.6
260,新员工入职培训,2024-05-13,6,t,69.3
260,新员工入职培训,2023-09-21,3,t,76.4
260,管理力提升工作坊,2024-01-16,4,t,98.8
261,领导力发展计划,2023-06-27,3,t,93.4
261,跨部门沟通协作,2024-02-22,4,f,87.7
261,技术分享会,2024-01-19,6,t,
262,跨部门沟通协作,2022-09-27,2,t,74.4
262,跨部门沟通协作,2023-05-23,6,t,84.1
262,销售技巧实战营,2022-07-27,2,t,60.4
262,销售技巧实战营,2025-01-20,4,t,70.1
263,技术分享会,2023-07-10,4,t,75.5
263,新员工入职培训,2024-06-05,8,t,
263,技术分享会,2023-10-25,2,t,
263,时间管理与效率提升,2026-06-09,8,t,
263,时间管理与效率提升,2024-05-21,3,t,71.8
263,销售技巧实战营,2024-12-18,2,f,96.6
264,管理力提升工作坊,2024-01-03,4,t,86.1
264,领导力发展计划,2026-05-14,8,t,72.9
264,跨部门沟通协作,2022-06-20,4,t,63.5
264,时间管理与效率提升,2022-11-25,3,t,77.0
264,时间管理与效率提升,2023-12-19,4,t,91.8
264,跨部门沟通协作,2023-08-30,4,t,93.0
265,时间管理与效率提升,2026-02-03,6,t,95.8
265,管理力提升工作坊,2025-09-26,2,t,62.7
265,销售技巧实战营,2024-03-13,8,f,73.1
266,信息安全与合规培训,2025-11-10,6,t,63.8
266,销售技巧实战营,2024-02-16,6,t,93.2
266,信息安全与合规培训,2025-08-27,4,t,
266,跨部门沟通协作,2026-06-10,4,t,
266,信息安全与合规培训,2025-05-20,6,t,92.7
267,管理力提升工作坊,2026-03-27,2,t,73.2
267,领导力发展计划,2025-08-14,2,f,71.4
267,领导力发展计划,2025-06-18,6,t,79.6
267,领导力发展计划,2022-06-24,4,t,95.3
267,数据分析基础,2025-11-12,3,t,64.9
268,信息安全与合规培训,2025-10-08,6,t,96.4
268,跨部门沟通协作,2023-11-28,6,t,69.6
268,领导力发展计划,2023-01-19,3,f,73.7
268,领导力发展计划,2024-09-25,4,t,75.0
268,时间管理与效率提升,2022-06-24,3,t,
269,管理力提升工作坊,2025-12-22,3,t,67.5
269,时间管理与效率提升,2025-05-08,2,t,93.1
269,数据分析基础,2024-09-27,4,f,
269,时间管理与效率提升,2025-06-11,2,t,75.2
270,技术分享会,2022-12-02,3,t,
270,管理力提升工作坊,2024-05-14,2,f,61.3
270,时间管理与效率提升,2024-08-14,8,t,
270,管理力提升工作坊,2023-08-14,6,t,64.9
270,数据分析基础,2023-03-22,2,f,77.9
270,领导力发展计划,2024-07-02,2,t,76.0
271,管理力提升工作坊,2023-08-28,4,t,88.8
271,领导力发展计划,2022-08-09,4,t,
271,数据分析基础,2024-11-22,3,t,83.8
272,领导力发展计划,2022-11-30,6,t,89.8
272,技术分享会,2026-08-14,8,t,65.7
272,数据分析基础,2026-01-02,3,t,98.4
273,销售技巧实战营,2023-05-30,8,t,83.3
273,时间管理与效率提升,2024-04-09,6,t,
273,数据分析基础,2026-04-02,4,t,92.6
273,信息安全与合规培训,2023-02-08,8,f,81.6
273,管理力提升工作坊,2022-08-17,3,t,92.2
274,时间管理与效率提升,2023-01-31,4,t,
274,领导力发展计划,2022-07-06,6,t,93.7
274,数据分析基础,2022-07-18,3,t,74.9
274,新员工入职培训,2022-06-29,4,t,68.9
274,数据分析基础,2022-12-02,2,t,
274,时间管理与效率提升,2023-01-23,4,t,76.1
275,信息安全与合规培训,2025-08-08,8,t,94.5
275,新员工入职培训,2023-01-24,3,t,73.2
275,销售技巧实战营,2023-06-06,3,t,
275,跨部门沟通协作,2024-08-05,2,t,91.0
276,数据分析基础,2023-02-23,4,t,
276,技术分享会,2023-04-26,3,t,84.6
276,领导力发展计划,2022-08-02,8,t,75.5
276,新员工入职培训,2022-09-21,3,t,73.9
277,跨部门沟通协作,2022-10-25,3,t,
277,新员工入职培训,2023-03-29,8,f,88.3
277,领导力发展计划,2022-08-22,2,t,
277,新员工入职培训,2022-06-15,4,f,85.3
277,数据分析基础,2023-05-26,2,t,88.4
277,销售技巧实战营,2022-11-24,3,t,87.9
278,数据分析基础,2024-10-30,6,t,
278,跨部门沟通协作,2024-08-27,6,t,95.3
278,技术分享会,2026-05-12,4,f,70.4
278,管理力提升工作坊,2024-10-24,4,f,77.7
279,销售技巧实战营,2024-02-05,8,t,
279,新员工入职培训,2024-05-15,4,f,67.6
279,领导力发展计划,2026-07-09,3,t,76.8
279,管理力提升工作坊,2023-02-08,6,t,94.0
279,信息安全与合规培训,2024-09-16,4,t,77.2
280,销售技巧实战营,2025-05-30,3,t,69.3
280,信息安全与合规培训,2024-08-16,2,t,96.3
280,管理力提升工作坊,2024-07-16,8,t,72.3
280,信息安全与合规培训,2023-06-01,6,t,79.4
280,新员工入职培训,2025-07-31,3,t,78.0
280,新员工入职培训,2022-08-23,2,t,81.9
281,管理力提升工作坊,2022-11-07,8,t,75.7
281,销售技巧实战营,2026-03-17,6,t,
282,新员工入职培训,2025-03-04,8,t,66.7
282,跨部门沟通协作,2024-11-19,8,t,85.5
282,时间管理与效率提升,2026-02-16,8,t,96.6
282,数据分析基础,2025-07-18,2,t,73.1
282,领导力发展计划,2026-02-11,6,t,88.3
283,技术分享会,2023-05-04,3,t,97.5
283,跨部门沟通协作,2025-07-24,3,f,60.5
283,信息安全与合规培训,2026-05-18,4,t,91.4
283,管理力提升工作坊,2024-08-20,3,t,88.6
284,领导力发展计划,2026-07-13,4,t,80.8
284,数据分析基础,2026-08-31,4,t,98.8
284,销售技巧实战营,2024-05-21,4,t,
284,跨部门沟通协作,2025-03-28,4,t,95.6
284,领导力发展计划,2026-03-11,8,t,77.0
285,领导力发展计划,2024-05-06,8,t,75.0
285,技术分享会,2023-08-17,4,t,62.4
286,技术分享会,2023-01-24,8,t,88.8
286,技术分享会,2023-03-16,2,f,66.3
286,领导力发展计划,2023-01-20,4,t,73.1
286,技术分享会,2023-03-27,6,f,97.3
287,时间管理与效率提升,2026-05-29,3,f,
287,信息安全与合规培训,2023-05-22,3,t,78.6
287,跨部门沟通协作,2023-07-06,4,t,98.9
287,时间管理与效率提升,2023-04-04,2,t,77.2
287,领导力发展计划,2024-03-04,2,f,82.6
287,信息安全与合规培训,2024-05-09,8,t,81.1
288,时间管理与效率提升,2023-07-17,3,t,84.3
288,技术分享会,2025-03-26,3,t,61.3
288,技术分享会,2024-11-21,8,t,66.0
288,数据分析基础,2024-03-29,2,t,91.6
288,跨部门沟通协作,2026-02-19,3,t,62.3
289,数据分析基础,2024-03-27,3,t,90.2
289,跨部门沟通协作,2024-05-14,4,t,91.7
290,数据分析基础,2023-05-30,2,t,73.5
290,时间管理与效率提升,2023-03-03,3,t,68.1
290,领导力发展计划,2023-04-21,8,t,79.3
290,新员工入职培训,2023-03-15,3,t,90.5
290,新员工入职培训,2023-03-06,8,t,
291,时间管理与效率提升,2026-01-02,6,t,78.3
291,时间管理与效率提升,2024-12-23,2,t,72.0
292,数据分析基础,2026-01-28,6,f,63.4
292,数据分析基础,2023-06-26,3,t,71.7
292,跨部门沟通协作,2026-03-30,4,t,63.5
293,时间管理与效率提升,2023-06-12,6,t,71.9
293,时间管理与效率提升,2026-07-30,6,t,63.6
293,跨部门沟通协作,2023-08-18,2,t,
293,时间管理与效率提升,2023-08-23,8,t,92.0
294,技术分享会,2023-04-21,3,t,78.9
294,新员工入职培训,2023-04-25,3,t,88.8
295,新员工入职培训,2026-07-13,4,t,77.5
295,数据分析基础,2024-10-11,6,t,96.1
295,技术分享会,2024-08-06,2,f,93.9
295,数据分析基础,2026-02-24,3,t,86.6
296,信息安全与合规培训,2023-05-04,3,f,89.9
296,跨部门沟通协作,2023-08-14,8,f,92.2
296,信息安全与合规培训,2024-02-13,4,t,84.0
296,技术分享会,2024-08-12,8,t,98.5
297,时间管理与效率提升,2023-11-10,6,f,74.7
297,技术分享会,2023-06-27,8,t,
298,数据分析基础,2024-11-22,4,t,85.7
298,信息安全与合规培训,2025-01-08,4,t,75.6
299,销售技巧实战营,2023-09-19,6,t,77.5
299,数据分析基础,2025-03-27,2,t,83.8
299,信息安全与合规培训,2025-07-09,4,t,81.8
299,信息安全与合规培训,2025-04-10,8,t,77.9
299,新员工入职培训,2023-06-07,2,t,63.7
299,管理力提升工作坊,2023-10-20,4,t,79.9
300,数据分析基础,2024-12-19,8,t,63.2
300,数据分析基础,2023-07-12,3,t,89.4
301,新员工入职培训,2023-12-06,8,t,64.3
301,新员工入职培训,2023-12-26,2,t,89.4
301,信息安全与合规培训,2023-05-04,8,t,64.4
302,数据分析基础,2026-08-24,8,t,
302,跨部门沟通协作,2024-04-03,2,t,78.6
302,技术分享会,2026-01-07,8,t,63.3
302,时间管理与效率提升,2026-07-30,2,t,63.4
302,跨部门沟通协作,2025-05-30,8,t,94.8
303,管理力提升工作坊,2025-05-05,3,t,81.4
303,销售技巧实战营,2024-12-30,3,t,67.5
303,跨部门沟通协作,2023-06-15,2,f,94.3
303,销售技巧实战营,2024-07-01,8,t,77.4
303,销售技巧实战营,2024-02-06,8,t,60.2
303,信息安全与合规培训,2023-06-22,6,t,86.9
304,跨部门沟通协作,2023-12-05,3,t,
304,新员工入职培训,2023-08-16,4,t,64.7
305,管理力提升工作坊,2026-03-31,6,f,94.5
305,信息安全与合规培训,2024-02-05,2,t,
305,新员工入职培训,2024-06-20,4,f,80.8
305,新员工入职培训,2026-01-05,2,t,88.2
305,技术分享会,2024-09-18,3,t,
305,数据分析基础,2024-01-05,3,t,81.2
306,新员工入职培训,2024-04-09,4,t,85.1
306,信息安全与合规培训,2023-10-02,3,f,76.1
306,跨部门沟通协作,2023-06-27,4,t,90.8
306,技术分享会,2023-06-13,4,t,95.7
306,跨部门沟通协作,2024-05-21,4,t,71.3
307,销售技巧实战营,2025-10-20,3,f,67.1
307,时间管理与效率提升,2026-03-17,3,t,93.0
307,跨部门沟通协作,2024-05-09,4,t,82.8
307,数据分析基础,2023-04-06,3,t,94.3
307,跨部门沟通协作,2023-05-18,4,t,
308,数据分析基础,2023-05-12,8,t,
308,信息安全与合规培训,2023-10-03,8,t,64.8
308,信息安全与合规培训,2023-09-14,6,t,71.7
308,跨部门沟通协作,2025-07-28,8,t,89.3
309,时间管理与效率提升,2024-05-09,2,t,64.9
309,时间管理与效率提升,2025-03-28,8,t,63.1
309,技术分享会,2024-09-20,8,t,90.5
309,技术分享会,2023-09-14,8,t,
309,销售技巧实战营,2025-02-26,2,t,
310,销售技巧实战营,2023-04-14,8,f,92.5
310,信息安全与合规培训,2025-04-11,8,t,96.1
310,数据分析基础,2026-01-20,4,t,71.6
311,技术分享会,2023-07-27,3,t,81.6
311,领导力发展计划,2026-07-06,4,f,
312,新员工入职培训,2026-02-03,8,t,95.6
312,跨部门沟通协作,2024-02-02,2,t,86.7
312,技术分享会,2024-04-19,8,t,84.9
312,跨部门沟通协作,2023-11-10,2,t,73.6
312,管理力提升工作坊,2024-12-12,2,t,60.1
313,新员工入职培训,2026-05-22,3,t,64.2
313,领导力发展计划,2024-12-11,4,t,
313,信息安全与合规培训,2024-10-21,8,t,72.9
314,新员工入职培训,2023-10-09,2,f,71.3
314,技术分享会,2023-06-06,3,t,95.9
314,技术分享会,2023-12-15,6,t,
315,信息安全与合规培训,2025-05-15,8,t,91.5
315,新员工入职培训,2026-03-16,2,t,70.7
316,跨部门沟通协作,2024-04-16,3,t,
316,管理力提升工作坊,2025-12-01,4,t,95.5
316,时间管理与效率提升,2024-06-10,6,t,88.2
317,新员工入职培训,2024-10-04,6,t,73.5
317,销售技巧实战营,2026-07-14,3,f,77.6
317,销售技巧实战营,2024-10-17,8,f,80.3
318,技术分享会,2023-05-26,4,t,88.4
318,信息安全与合规培训,2023-04-20,8,t,
319,时间管理与效率提升,2024-11-25,3,t,86.8
319,领导力发展计划,2026-07-15,4,t,81.4
319,管理力提升工作坊,2023-10-17,8,t,79.9
319,技术分享会,2024-11-08,4,t,65.1
319,领导力发展计划,2024-09-30,8,t,92.0
319,销售技巧实战营,2024-05-27,2,t,
320,销售技巧实战营,2024-06-04,2,f,66.6
320,数据分析基础,2023-07-05,4,t,73.4
320,销售技巧实战营,2025-03-10,2,f,
320,领导力发展计划,2024-08-27,2,t,67.4
321,管理力提升工作坊,2023-04-20,4,t,69.9
321,销售技巧实战营,2025-04-10,6,t,80.0
321,跨部门沟通协作,2025-10-16,3,t,78.7
321,时间管理与效率提升,2025-06-27,3,t,85.6
321,信息安全与合规培训,2024-06-20,3,t,96.2
322,管理力提升工作坊,2023-09-05,6,t,
322,管理力提升工作坊,2024-03-12,3,t,72.9
322,数据分析基础,2023-09-08,2,t,62.1
323,跨部门沟通协作,2025-01-30,6,t,69.7
323,时间管理与效率提升,2024-04-08,4,t,74.0
323,销售技巧实战营,2023-09-06,4,t,94.6
323,跨部门沟通协作,2023-05-29,6,t,88.6
323,新员工入职培训,2026-03-09,2,t,78.8
323,信息安全与合规培训,2024-01-16,8,t,89.7
324,技术分享会,2023-05-04,3,t,96.5
324,管理力提升工作坊,2024-03-11,3,t,93.3
324,新员工入职培训,2024-10-09,2,f,83.2
324,跨部门沟通协作,2024-11-18,3,t,85.4
324,数据分析基础,2023-06-06,8,t,94.6
324,信息安全与合规培训,2023-12-13,6,t,78.4
325,新员工入职培训,2025-06-17,3,t,90.4
325,数据分析基础,2024-09-02,3,t,
325,时间管理与效率提升,2025-07-21,3,t,88.9
325,管理力提升工作坊,2025-07-25,2,t,79.0
325,技术分享会,2025-12-08,2,t,75.1
326,跨部门沟通协作,2023-07-05,3,t,97.0
326,信息安全与合规培训,2023-08-23,3,t,66.9
327,数据分析基础,2025-05-16,8,t,69.3
327,数据分析基础,2026-04-27,8,t,95.6
327,信息安全与合规培训,2023-09-15,8,t,
327,时间管理与效率提升,2023-10-10,6,t,72.4
327,信息安全与合规培训,2024-12-24,2,t,
327,信息安全与合规培训,2025-03-03,6,t,62.2
328,销售技巧实战营,2026-02-09,3,t,61.4
328,销售技巧实战营,2023-05-10,6,t,91.7
328,领导力发展计划,2024-11-27,8,t,80.0
329,新员工入职培训,2023-11-27,4,t,96.8
329,时间管理与效率提升,2025-06-02,8,t,
329,领导力发展计划,2024-02-07,8,t,74.0
330,新员工入职培训,2024-10-15,3,t,85.8
330,管理力提升工作坊,2024-05-27,4,t,79.2
330,数据分析基础,2024-09-04,2,t,95.5
330,信息安全与合规培训,2024-01-15,8,t,71.0
331,时间管理与效率提升,2024-12-23,3,t,70.4
331,新员工入职培训,2024-05-20,3,t,98.5
331,跨部门沟通协作,2023-11-20,2,t,95.0
331,技术分享会,2023-05-30,2,t,87.8
332,数据分析基础,2023-11-17,4,t,84.8
332,技术分享会,2023-12-28,2,t,
333,管理力提升工作坊,2023-11-06,8,t,70.1
333,新员工入职培训,2024-02-13,8,t,79.9
333,管理力提升工作坊,2024-02-16,3,t,96.8
333,时间管理与效率提升,2023-09-01,2,t,93.5
333,领导力发展计划,2025-10-29,4,t,65.8
334,跨部门沟通协作,2023-08-08,6,t,78.8
334,领导力发展计划,2026-04-24,6,t,
334,领导力发展计划,2026-06-12,8,t,
335,数据分析基础,2024-03-22,4,f,79.3
335,技术分享会,2026-03-12,3,t,61.8
335,管理力提升工作坊,2026-08-27,8,t,68.9
336,数据分析基础,2023-08-23,2,t,
336,数据分析基础,2023-05-24,6,t,
336,新员工入职培训,2023-06-12,8,t,
336,时间管理与效率提升,2023-05-26,8,t,97.9
337,领导力发展计划,2023-09-01,6,t,91.9
337,数据分析基础,2023-07-06,3,t,61.9
338,信息安全与合规培训,2024-04-02,4,t,75.8
338,跨部门沟通协作,2023-07-05,4,f,93.2
338,信息安全与合规培训,2024-06-27,8,t,
338,跨部门沟通协作,2023-07-31,3,t,73.6
338,时间管理与效率提升,2023-07-19,6,t,
339,领导力发展计划,2025-03-06,8,f,62.0
339,管理力提升工作坊,2023-12-05,2,f,61.9
339,跨部门沟通协作,2024-06-04,8,f,98.0
339,销售技巧实战营,2026-01-02,4,f,95.9
340,时间管理与效率提升,2023-06-20,6,t,93.0
340,新员工入职培训,2023-06-29,2,f,62.7
340,数据分析基础,2023-07-06,8,t,
340,技术分享会,2023-06-14,6,t,67.0
341,跨部门沟通协作,2023-10-10,3,t,91.9
341,销售技巧实战营,2023-07-19,2,t,94.1
341,时间管理与效率提升,2024-06-07,3,t,83.5
341,新员工入职培训,2026-07-22,6,t,
341,时间管理与效率提升,2026-02-13,3,t,72.7
342,管理力提升工作坊,2025-03-25,4,t,
342,销售技巧实战营,2024-07-09,3,t,86.2
343,跨部门沟通协作,2024-09-19,6,t,61.1
343,新员工入职培训,2025-02-24,8,t,71.2
343,跨部门沟通协作,2023-07-05,8,t,60.9
343,时间管理与效率提升,2026-07-23,6,t,
343,时间管理与效率提升,2024-05-10,3,t,
344,管理力提升工作坊,2023-10-24,4,t,67.6
344,数据分析基础,2024-04-09,2,t,
344,信息安全与合规培训,2023-11-02,2,t,81.4
345,技术分享会,2024-12-20,4,t,86.3
345,技术分享会,2025-06-05,8,t,91.8
345,新员工入职培训,2026-07-08,4,t,91.0
345,信息安全与合规培训,2025-05-08,8,t,
346,跨部门沟通协作,2025-02-27,6,t,
346,跨部门沟通协作,2025-11-14,2,t,89.5
346,时间管理与效率提升,2025-03-20,2,t,76.3
346,领导力发展计划,2024-05-09,6,t,66.0
347,信息安全与合规培训,2024-07-17,4,t,72.5
347,新员工入职培训,2025-06-11,6,t,91.2
347,信息安全与合规培训,2025-03-28,4,t,98.0
347,信息安全与合规培训,2023-07-20,2,t,71.2
347,数据分析基础,2025-09-05,8,t,95.3
348,领导力发展计划,2024-01-24,8,t,74.5
348,管理力提升工作坊,2024-12-09,6,t,86.5
349,新员工入职培训,2024-08-23,3,t,60.1
349,数据分析基础,2023-08-21,2,t,82.0
349,新员工入职培训,2025-06-16,6,t,74.8
349,领导力发展计划,2024-03-11,2,t,67.0
350,管理力提升工作坊,2026-04-07,2,t,86.3
350,领导力发展计划,2025-07-15,2,t,91.4
350,管理力提升工作坊,2024-04-19,3,t,69.0
351,跨部门沟通协作,2024-12-20,8,t,87.3
351,技术分享会,2024-02-09,4,t,65.4
351,信息安全与合规培训,2025-10-13,4,t,75.9
351,新员工入职培训,2024-03-13,8,t,85.1
352,新员工入职培训,2025-04-25,8,t,
352,信息安全与合规培训,2023-10-12,6,t,89.4
352,管理力提升工作坊,2024-04-03,4,t,64.5
352,管理力提升工作坊,2025-08-08,2,t,
352,跨部门沟通协作,2025-01-02,2,t,83.6
352,新员工入职培训,2023-08-30,3,t,87.0
353,信息安全与合规培训,2025-08-18,3,t,
353,领导力发展计划,2024-08-05,6,t,
353,管理力提升工作坊,2024-03-07,4,t,60.2
353,新员工入职培训,2026-08-17,2,t,88.7
354,领导力发展计划,2025-09-09,8,t,94.5
354,管理力提升工作坊,2024-01-09,6,t,69.4
355,跨部门沟通协作,2025-11-04,2,t,73.8
355,新员工入职培训,2025-03-31,4,f,91.6
355,技术分享会,2026-04-27,2,t,94.6
355,技术分享会,2025-03-25,6,t,95.4
355,数据分析基础,2025-02-12,4,t,
356,数据分析基础,2026-06-30,2,f,96.8
356,数据分析基础,2025-12-04,6,t,75.4
357,数据分析基础,2026-08-04,6,t,93.9
357,时间管理与效率提升,2025-06-25,6,f,
357,新员工入职培训,2023-11-23,3,f,83.6
358,销售技巧实战营,2023-11-06,6,f,66.0
358,管理力提升工作坊,2025-03-05,4,t,86.9
358,新员工入职培训,2025-03-13,2,t,
358,时间管理与效率提升,2026-02-13,6,f,73.6
359,领导力发展计划,2026-03-19,3,t,75.1
359,销售技巧实战营,2023-10-30,2,t,70.0
359,管理力提升工作坊,2025-05-19,8,t,92.9
360,管理力提升工作坊,2026-04-16,2,t,83.5
360,跨部门沟通协作,2024-08-29,8,t,69.2
360,管理力提升工作坊,2026-05-18,4,t,92.5
361,技术分享会,2023-10-25,4,t,98.4
361,技术分享会,2024-03-12,4,t,80.1
361,管理力提升工作坊,2023-11-07,3,t,79.3
361,技术分享会,2024-09-25,4,t,63.1
361,技术分享会,2024-01-22,2,t,
362,新员工入职培训,2025-01-16,8,t,98.3
362,时间管理与效率提升,2023-09-13,3,t,76.2
362,新员工入职培训,2025-08-18,2,t,96.7
362,技术分享会,2026-01-23,6,t,84.5
362,信息安全与合规培训,2024-04-18,3,t,64.3
362,技术分享会,2026-04-16,8,t,
363,时间管理与效率提升,2025-02-07,6,t,73.0
363,管理力提升工作坊,2025-07-03,3,t,85.1
363,领导力发展计划,2025-12-01,2,t,89.8
363,信息安全与合规培训,2025-01-20,4,t,68.9
363,领导力发展计划,2024-09-13,3,t,
363,信息安全与合规培训,2025-09-22,2,t,98.2
364,领导力发展计划,2024-10-03,2,t,86.1
364,管理力提升工作坊,2024-01-15,2,t,89.7
364,信息安全与合规培训,2024-06-21,4,t,
364,信息安全与合规培训,2024-01-24,3,t,96.1
364,信息安全与合规培训,2024-10-31,4,t,88.6
365,领导力发展计划,2024-05-14,2,t,76.2
365,时间管理与效率提升,2024-10-30,8,t,64.3
366,时间管理与效率提升,2026-05-11,6,f,
366,技术分享会,2023-11-01,4,t,73.6
366,新员工入职培训,2025-08-06,6,t,90.3
367,时间管理与效率提升,2026-01-22,3,t,65.0
367,新员工入职培训,2025-12-08,3,t,76.3
368,信息安全与合规培训,2026-04-09,3,t,79.6
368,数据分析基础,2025-04-04,3,t,74.9
368,领导力发展计划,2023-11-13,6,t,66.3
368,领导力发展计划,2025-07-21,2,t,62.7
369,时间管理与效率提升,2025-04-21,4,t,82.3
369,新员工入职培训,2024-01-31,6,t,86.1
369,时间管理与效率提升,2024-03-22,6,t,
369,销售技巧实战营,2025-03-06,8,t,69.1
369,信息安全与合规培训,2024-07-02,3,t,98.3
370,数据分析基础,2024-09-05,8,t,95.1
370,管理力提升工作坊,2026-06-11,6,t,
370,数据分析基础,2023-11-23,8,t,
370,技术分享会,2024-05-01,8,t,77.6
371,领导力发展计划,2024-03-19,8,t,90.4
371,销售技巧实战营,2024-03-19,2,t,85.5
371,新员工入职培训,2024-06-05,2,t,
371,数据分析基础,2023-12-04,3,t,69.3
372,技术分享会,2024-04-24,3,t,92.0
372,数据分析基础,2024-08-19,4,f,69.5
372,跨部门沟通协作,2024-06-18,6,t,83.2
373,跨部门沟通协作,2024-09-20,4,t,65.0
373,信息安全与合规培训,2023-09-20,4,t,74.1
373,信息安全与合规培训,2025-05-29,6,t,60.8
373,管理力提升工作坊,2024-07-11,4,t,
374,新员工入职培训,2023-10-03,3,t,
374,数据分析基础,2025-08-14,4,t,81.1
374,时间管理与效率提升,2025-09-08,2,f,
375,信息安全与合规培训,2023-10-03,8,t,
375,信息安全与合规培训,2023-11-23,3,t,
376,时间管理与效率提升,2024-03-22,6,f,70.0
376,技术分享会,2024-02-05,3,t,
376,销售技巧实战营,2024-01-30,3,t,72.2
376,新员工入职培训,2025-08-13,4,t,63.2
377,技术分享会,2025-07-02,4,f,
377,管理力提升工作坊,2024-06-03,4,t,90.1
377,跨部门沟通协作,2024-04-02,8,t,65.4
377,时间管理与效率提升,2025-07-31,6,t,93.0
378,新员工入职培训,2026-01-27,3,f,86.6
378,数据分析基础,2026-07-29,6,t,72.2
378,数据分析基础,2026-02-10,8,t,97.6
379,管理力提升工作坊,2026-01-06,2,f,92.4
379,新员工入职培训,2024-08-21,4,t,88.9
380,管理力提升工作坊,2023-12-11,8,t,
380,技术分享会,2024-02-27,3,t,71.2
380,销售技巧实战营,2024-07-03,2,t,91.4
381,新员工入职培训,2026-01-28,6,t,67.3
381,时间管理与效率提升,2025-02-14,8,t,94.2
381,时间管理与效率提升,2026-02-11,6,t,65.6
381,管理力提升工作坊,2023-12-25,8,t,
382,新员工入职培训,2024-03-12,2,t,85.1
382,管理力提升工作坊,2023-12-25,3,t,96.3
382,时间管理与效率提升,2024-01-04,2,t,64.2
383,数据分析基础,2023-11-09,8,f,83.4
383,销售技巧实战营,2023-11-27,3,t,73.2
383,跨部门沟通协作,2023-10-24,8,t,72.7
384,销售技巧实战营,2025-12-22,4,t,72.7
384,技术分享会,2025-02-21,2,t,69.9
384,新员工入职培训,2024-07-25,3,t,88.7
385,销售技巧实战营,2025-04-04,3,t,60.9
385,领导力发展计划,2024-12-12,3,t,89.8
386,信息安全与合规培训,2024-04-16,6,t,80.3
386,数据分析基础,2025-07-03,3,t,90.0
386,新员工入职培训,2024-03-20,2,t,90.9
386,技术分享会,2025-04-15,6,t,97.2
386,领导力发展计划,2025-08-20,4,t,69.1
387,新员工入职培训,2024-02-16,2,t,
387,跨部门沟通协作,2023-12-01,4,t,68.4
388,技术分享会,2023-12-05,4,t,69.3
388,时间管理与效率提升,2024-03-25,6,t,98.6
389,数据分析基础,2024-05-13,3,t,89.7
389,领导力发展计划,2026-05-28,6,t,
389,时间管理与效率提升,2025-02-24,2,t,88.4
390,技术分享会,2024-03-08,2,t,83.6
390,领导力发展计划,2023-11-28,4,f,94.9
390,信息安全与合规培训,2024-01-03,8,t,92.2
390,数据分析基础,2024-02-16,6,t,71.4
391,跨部门沟通协作,2024-01-30,2,t,
391,新员工入职培训,2024-11-26,4,t,86.5
391,技术分享会,2024-07-30,6,f,
391,管理力提升工作坊,2025-04-14,3,t,63.5
392,销售技巧实战营,2026-01-22,6,t,
392,跨部门沟通协作,2024-12-04,6,t,
392,跨部门沟通协作,2025-05-06,4,t,84.2
393,技术分享会,2023-11-20,6,t,61.9
393,新员工入职培训,2023-10-25,4,t,67.5
393,数据分析基础,2023-11-29,8,t,95.6
393,管理力提升工作坊,2023-10-11,4,f,
394,管理力提升工作坊,2025-08-04,6,t,63.1
394,领导力发展计划,2025-11-10,6,t,89.7
394,技术分享会,2026-07-22,2,t,
395,新员工入职培训,2024-03-13,3,t,
395,销售技巧实战营,2025-05-22,2,t,60.1
395,信息安全与合规培训,2025-05-20,3,t,
395,数据分析基础,2024-06-17,8,t,63.7
395,管理力提升工作坊,2024-08-08,8,t,97.7
396,信息安全与合规培训,2024-03-29,2,t,97.4
396,新员工入职培训,2024-02-06,6,t,79.0
396,数据分析基础,2024-03-05,8,t,82.9
396,领导力发展计划,2023-11-16,3,t,75.0
396,管理力提升工作坊,2024-01-12,6,t,
396,领导力发展计划,2023-11-15,8,t,
397,时间管理与效率提升,2024-01-26,6,t,78.8
397,管理力提升工作坊,2024-05-01,4,t,63.2
397,技术分享会,2024-03-27,3,t,
397,时间管理与效率提升,2023-12-15,3,t,78.8
397,新员工入职培训,2024-02-28,2,t,75.8
398,领导力发展计划,2024-11-21,3,t,64.3
398,新员工入职培训,2025-06-16,3,f,96.9
399,信息安全与合规培训,2024-03-18,6,t,95.7
399,销售技巧实战营,2024-05-10,3,t,60.8
399,信息安全与合规培训,2024-05-06,4,t,60.3
399,管理力提升工作坊,2023-11-24,8,t,
400,技术分享会,2025-06-16,4,t,88.4
400,跨部门沟通协作,2026-02-02,2,t,81.7
401,管理力提升工作坊,2026-03-20,4,t,77.7
401,新员工入职培训,2024-08-22,8,t,61.6
401,信息安全与合规培训,2024-09-18,6,t,
401,跨部门沟通协作,2025-03-07,6,t,75.1
401,技术分享会,2025-10-01,8,f,92.1
401,信息安全与合规培训,2025-04-21,2,f,62.5
402,跨部门沟通协作,2023-12-14,4,t,
402,管理力提升工作坊,2024-12-05,8,t,94.4
402,新员工入职培训,2024-05-07,8,t,80.6
402,信息安全与合规培训,2024-09-20,8,t,68.3
403,跨部门沟通协作,2024-12-12,6,f,
403,销售技巧实战营,2024-04-30,2,t,71.2
403,领导力发展计划,2026-02-16,6,t,86.1
404,时间管理与效率提升,2024-01-18,8,t,64.1
404,销售技巧实战营,2024-08-26,6,t,76.3
404,新员工入职培训,2025-01-23,8,t,83.8
404,技术分享会,2024-06-25,6,t,66.3
405,时间管理与效率提升,2024-04-23,8,f,65.6
405,数据分析基础,2024-05-14,3,t,
405,技术分享会,2024-04-16,3,t,64.2
405,信息安全与合规培训,2024-06-04,6,f,81.0
405,新员工入职培训,2024-07-05,3,t,84.3
405,新员工入职培训,2024-02-27,8,t,77.0
406,数据分析基础,2026-04-23,3,t,90.3
406,销售技巧实战营,2024-03-14,8,f,
406,信息安全与合规培训,2025-06-24,2,t,98.0
407,技术分享会,2025-06-02,4,t,
407,跨部门沟通协作,2024-05-10,2,t,94.9
407,信息安全与合规培训,2025-12-29,4,t,80.5
407,数据分析基础,2025-09-30,8,t,69.7
408,管理力提升工作坊,2023-12-22,3,f,89.5
408,跨部门沟通协作,2023-12-15,2,t,63.3
408,信息安全与合规培训,2023-12-26,4,t,97.3
409,跨部门沟通协作,2024-03-19,8,t,67.2
409,跨部门沟通协作,2024-03-08,3,f,87.0
409,领导力发展计划,2023-12-28,6,t,91.7
409,数据分析基础,2024-02-09,3,t,80.2
410,管理力提升工作坊,2025-10-08,6,t,71.6
410,新员工入职培训,2024-03-01,3,t,
410,信息安全与合规培训,2024-10-22,4,t,89.4
411,时间管理与效率提升,2026-04-27,8,t,86.8
411,管理力提升工作坊,2026-04-27,6,t,
411,技术分享会,2024-02-06,6,t,74.3
411,跨部门沟通协作,2026-08-18,8,t,65.5
411,数据分析基础,2024-01-10,4,t,64.0
411,时间管理与效率提升,2024-08-15,3,t,61.5
412,领导力发展计划,2025-03-19,2,t,76.7
412,新员工入职培训,2025-04-14,2,t,62.1
413,时间管理与效率提升,2025-09-08,2,f,69.4
413,销售技巧实战营,2026-04-28,2,t,67.9
413,时间管理与效率提升,2026-03-17,8,t,
414,信息安全与合规培训,2025-10-15,3,t,70.3
414,跨部门沟通协作,2026-07-24,3,t,
414,跨部门沟通协作,2024-04-02,8,t,97.7
414,时间管理与效率提升,2024-07-12,2,t,61.0
414,时间管理与效率提升,2026-07-17,6,t,97.1
415,管理力提升工作坊,2024-08-21,8,t,
415,销售技巧实战营,2024-05-02,2,t,94.3
416,数据分析基础,2024-12-11,8,t,63.3
416,新员工入职培训,2024-02-15,2,t,
416,跨部门沟通协作,2024-07-25,2,t,88.1
416,销售技巧实战营,2024-10-15,4,t,
416,数据分析基础,2024-09-20,4,t,86.6
416,信息安全与合规培训,2024-01-10,8,t,66.9
417,时间管理与效率提升,2025-09-29,4,t,96.0
417,销售技巧实战营,2024-12-13,6,t,60.5
417,时间管理与效率提升,2024-06-19,6,t,69.8
417,跨部门沟通协作,2026-06-16,8,t,
417,技术分享会,2024-10-04,8,t,69.8
418,时间管理与效率提升,2024-01-09,8,t,85.0
418,时间管理与效率提升,2024-02-14,6,t,84.0
418,新员工入职培训,2024-04-30,6,t,89.8
418,销售技巧实战营,2024-03-19,8,t,
418,管理力提升工作坊,2024-02-22,4,t,
419,领导力发展计划,2024-10-23,4,f,90.9
419,技术分享会,2024-05-22,8,t,91.1
419,新员工入职培训,2026-03-02,8,f,78.3
420,数据分析基础,2024-10-07,4,t,70.6
420,新员工入职培训,2024-07-08,8,t,87.1
421,销售技巧实战营,2024-02-20,3,t,86.7
421,时间管理与效率提升,2024-03-26,2,t,71.1
421,销售技巧实战营,2024-03-19,2,t,82.9
422,时间管理与效率提升,2025-03-26,3,t,86.5
422,技术分享会,2025-03-28,8,t,97.2
422,新员工入职培训,2025-03-26,2,t,98.5
422,领导力发展计划,2025-04-25,6,f,
422,数据分析基础,2024-03-01,2,t,
422,数据分析基础,2024-09-09,2,t,80.0
423,跨部门沟通协作,2025-11-21,8,t,
423,领导力发展计划,2025-07-04,8,t,
423,信息安全与合规培训,2026-07-14,4,t,
424,管理力提升工作坊,2024-05-21,8,f,82.5
424,信息安全与合规培训,2025-01-09,8,t,62.7
424,领导力发展计划,2024-07-02,8,t,66.3
424,信息安全与合规培训,2024-04-04,6,t,96.8
425,领导力发展计划,2024-07-02,8,t,
425,跨部门沟通协作,2024-03-06,2,t,84.3
426,管理力提升工作坊,2024-09-26,8,t,68.8
426,跨部门沟通协作,2025-11-19,2,t,84.4
426,技术分享会,2026-08-04,8,t,
426,领导力发展计划,2025-10-14,8,t,95.4
427,跨部门沟通协作,2024-04-10,8,t,70.1
427,领导力发展计划,2024-03-29,3,t,
427,领导力发展计划,2024-04-30,4,t,72.6
428,时间管理与效率提升,2024-12-20,2,t,81.7
428,领导力发展计划,2024-12-02,8,t,
429,管理力提升工作坊,2024-04-10,6,t,72.6
429,数据分析基础,2024-10-04,2,f,87.2
429,管理力提升工作坊,2025-04-29,8,t,
429,数据分析基础,2026-08-17,4,f,95.8
429,领导力发展计划,2024-04-03,4,t,90.5
429,管理力提升工作坊,2025-05-21,4,t,78.5
430,管理力提升工作坊,2024-03-26,3,t,89.7
430,信息安全与合规培训,2026-05-15,6,t,
430,信息安全与合规培训,2024-12-12,2,t,98.9
430,跨部门沟通协作,2024-11-20,3,t,81.3
430,管理力提升工作坊,2024-11-06,3,t,96.0
430,跨部门沟通协作,2024-03-22,6,t,85.5
431,跨部门沟通协作,2025-12-11,8,t,80.8
431,领导力发展计划,2026-08-13,2,f,69.7
432,信息安全与合规培训,2025-03-12,2,t,
432,领导力发展计划,2025-11-10,6,t,97.9
432,领导力发展计划,2024-07-03,4,t,86.4
432,管理力提升工作坊,2026-07-23,3,t,65.5
432,技术分享会,2024-04-16,6,t,77.0
433,数据分析基础,2025-08-15,4,t,72.2
433,时间管理与效率提升,2025-06-05,2,t,84.6
433,销售技巧实战营,2025-09-29,4,t,78.0
433,新员工入职培训,2025-01-03,6,t,
433,跨部门沟通协作,2025-11-17,6,t,65.3
434,销售技巧实战营,2024-11-26,3,t,84.7
434,跨部门沟通协作,2024-06-25,8,t,
434,跨部门沟通协作,2025-07-24,4,t,89.8
435,新员工入职培训,2026-05-29,2,t,68.3
435,信息安全与合规培训,2026-08-25,6,t,78.0
435,新员工入职培训,2025-12-23,6,t,88.5
435,数据分析基础,2025-04-09,8,t,97.3
436,管理力提升工作坊,2024-04-12,3,f,
436,技术分享会,2024-06-28,8,t,80.2
436,跨部门沟通协作,2024-07-31,4,t,63.8
436,时间管理与效率提升,2024-07-10,3,t,81.7
436,时间管理与效率提升,2024-03-21,2,t,95.9
436,数据分析基础,2024-04-30,4,t,81.5
437,信息安全与合规培训,2026-07-07,6,t,
437,新员工入职培训,2025-06-18,8,t,
437,数据分析基础,2026-08-07,3,t,61.6
437,数据分析基础,2026-02-11,4,t,73.4
438,技术分享会,2024-06-04,2,t,82.5
438,技术分享会,2024-06-17,3,t,89.9
438,领导力发展计划,2024-06-20,6,t,70.4
438,管理力提升工作坊,2024-07-01,6,t,
439,管理力提升工作坊,2025-01-23,3,t,97.2
439,管理力提升工作坊,2026-01-20,3,t,
440,技术分享会,2024-05-22,6,t,76.2
440,技术分享会,2024-10-25,4,f,
440,跨部门沟通协作,2024-10-11,4,t,
440,新员工入职培训,2024-09-10,2,f,64.6
440,数据分析基础,2024-07-01,4,f,
441,领导力发展计划,2025-04-30,2,t,68.6
441,管理力提升工作坊,2025-03-11,4,t,75.8
441,领导力发展计划,2024-07-10,2,t,85.6
441,数据分析基础,2024-08-21,6,t,91.1
441,新员工入职培训,2024-11-05,3,f,74.8
441,信息安全与合规培训,2024-05-15,8,t,92.5
442,新员工入职培训,2024-06-11,4,t,85.7
442,技术分享会,2025-02-03,8,t,89.6
442,管理力提升工作坊,2024-10-15,8,t,76.0
442,新员工入职培训,2025-07-08,4,t,87.4
442,时间管理与效率提升,2025-08-28,2,t,60.1
442,技术分享会,2025-05-20,3,t,81.6
443,技术分享会,2024-12-19,8,f,94.3
443,销售技巧实战营,2025-09-29,3,t,71.7
443,信息安全与合规培训,2025-10-30,6,f,64.9
443,技术分享会,2025-10-01,8,t,
444,信息安全与合规培训,2024-08-05,6,t,72.5
444,跨部门沟通协作,2024-06-12,4,t,66.4
445,销售技巧实战营,2025-01-28,3,f,70.5
445,管理力提升工作坊,2025-02-19,2,f,79.5
446,管理力提升工作坊,2024-11-22,4,t,63.9
446,时间管理与效率提升,2024-11-27,3,f,
447,数据分析基础,2026-04-14,8,t,83.4
447,信息安全与合规培训,2026-02-05,4,t,74.2
447,跨部门沟通协作,2024-10-14,2,t,66.9
447,信息安全与合规培训,2025-03-28,3,t,66.8
447,销售技巧实战营,2025-03-04,6,t,77.8
447,信息安全与合规培训,2026-01-19,2,t,91.2
448,数据分析基础,2024-11-01,3,t,88.8
448,销售技巧实战营,2024-04-17,4,t,88.7
449,时间管理与效率提升,2024-09-26,6,t,68.5
449,时间管理与效率提升,2024-10-23,6,t,74.7
449,新员工入职培训,2025-03-05,4,t,82.2
450,销售技巧实战营,2026-04-08,6,t,68.4
450,领导力发展计划,2025-01-14,3,t,
450,时间管理与效率提升,2026-01-16,4,f,
450,新员工入职培训,2025-10-02,6,t,81.5
451,销售技巧实战营,2024-05-30,6,t,65.4
451,信息安全与合规培训,2024-11-21,3,f,98.0
451,数据分析基础,2024-04-29,4,t,61.7
451,销售技巧实战营,2024-10-22,2,t,62.9
451,信息安全与合规培训,2024-05-30,3,t,90.2
452,销售技巧实战营,2024-12-20,4,t,94.5
452,数据分析基础,2024-08-02,3,t,89.5
452,管理力提升工作坊,2025-04-07,3,t,
453,新员工入职培训,2025-03-12,8,t,92.8
453,管理力提升工作坊,2024-06-07,6,t,63.9
454,信息安全与合规培训,2024-04-29,8,t,
454,领导力发展计划,2024-12-20,2,t,96.9
454,数据分析基础,2024-11-14,4,t,66.0
455,时间管理与效率提升,2024-04-25,8,t,85.7
455,时间管理与效率提升,2024-04-22,2,t,64.0
455,领导力发展计划,2024-04-29,6,t,
456,新员工入职培训,2026-07-17,3,t,95.0
456,数据分析基础,2025-02-06,3,t,
456,管理力提升工作坊,2026-03-05,6,t,97.9
456,数据分析基础,2024-07-05,8,t,67.8
456,时间管理与效率提升,2024-05-02,6,f,94.1
457,时间管理与效率提升,2025-06-11,2,t,78.6
457,销售技巧实战营,2026-02-09,4,t,66.3
458,技术分享会,2025-12-01,2,f,89.0
458,销售技巧实战营,2024-05-17,6,t,96.0
458,销售技巧实战营,2025-05-16,4,t,87.3
458,信息安全与合规培训,2026-07-27,4,t,
459,技术分享会,2025-11-25,3,t,87.4
459,数据分析基础,2025-02-04,4,t,
459,新员工入职培训,2025-07-24,3,t,70.3
459,管理力提升工作坊,2026-02-18,3,t,63.6
459,信息安全与合规培训,2024-08-28,8,t,74.8
460,领导力发展计划,2025-12-29,6,t,81.5
460,领导力发展计划,2025-03-05,4,t,79.9
461,销售技巧实战营,2026-03-13,2,t,82.0
461,销售技巧实战营,2025-02-21,6,f,65.0
461,信息安全与合规培训,2026-02-17,2,t,66.3
462,数据分析基础,2024-07-09,3,t,65.8
462,时间管理与效率提升,2026-07-14,3,t,72.5
462,管理力提升工作坊,2025-08-08,8,t,72.2
463,跨部门沟通协作,2024-05-23,3,t,60.4
463,管理力提升工作坊,2024-07-16,8,t,83.4
463,销售技巧实战营,2024-07-17,2,t,61.3
463,时间管理与效率提升,2024-08-12,3,t,60.7
463,信息安全与合规培训,2024-08-21,8,t,
464,时间管理与效率提升,2025-02-18,4,t,70.4
464,数据分析基础,2025-11-03,4,t,75.4
464,销售技巧实战营,2025-04-30,3,t,62.4
464,技术分享会,2024-12-03,4,t,96.4
464,管理力提升工作坊,2024-05-30,2,t,64.2
464,时间管理与效率提升,2024-07-16,6,t,
465,技术分享会,2024-06-28,3,t,84.0
465,时间管理与效率提升,2024-09-09,3,t,94.8
465,新员工入职培训,2024-08-29,6,f,
465,销售技巧实战营,2024-08-09,4,f,95.7
465,技术分享会,2024-11-21,8,t,88.7
465,销售技巧实战营,2024-09-06,4,t,84.0
466,跨部门沟通协作,2025-10-06,3,t,92.0
466,跨部门沟通协作,2024-06-05,4,t,96.8
466,数据分析基础,2024-09-09,6,t,72.7
466,销售技巧实战营,2025-11-19,4,t,92.5
466,新员工入职培训,2024-12-05,8,f,83.1
467,时间管理与效率提升,2024-07-25,3,t,
467,领导力发展计划,2024-08-02,6,t,76.2
468,时间管理与效率提升,2024-09-26,4,t,93.0
468,管理力提升工作坊,2024-05-07,4,t,67.3
468,信息安全与合规培训,2024-12-25,3,t,70.6
469,销售技巧实战营,2026-07-24,3,t,83.1
469,领导力发展计划,2026-02-18,6,t,69.1
470,跨部门沟通协作,2025-01-21,2,t,85.2
470,时间管理与效率提升,2025-05-30,4,t,78.9
470,跨部门沟通协作,2024-10-30,2,t,94.0
471,管理力提升工作坊,2026-07-20,6,t,73.7
471,新员工入职培训,2024-09-17,3,t,80.8
471,信息安全与合规培训,2026-04-20,8,t,97.5
471,技术分享会,2024-08-01,2,t,
471,信息安全与合规培训,2024-11-18,8,t,68.0
472,技术分享会,2024-11-07,8,t,85.4
472,技术分享会,2025-02-20,8,f,69.2
472,销售技巧实战营,2026-02-27,3,t,91.6
472,新员工入职培训,2026-05-19,4,t,80.5
472,跨部门沟通协作,2025-09-10,2,f,
473,销售技巧实战营,2024-09-26,2,t,78.5
473,数据分析基础,2025-03-06,2,t,83.9
474,信息安全与合规培训,2026-04-30,6,t,92.6
474,数据分析基础,2025-04-17,8,f,95.8
475,领导力发展计划,2024-10-22,8,t,77.9
475,领导力发展计划,2025-06-30,3,f,83.3
475,时间管理与效率提升,2025-01-16,6,t,83.9
475,领导力发展计划,2025-06-25,2,t,73.2
475,数据分析基础,2025-05-12,4,t,97.5
476,技术分享会,2026-05-11,6,t,70.6
476,时间管理与效率提升,2025-02-20,6,t,
477,销售技巧实战营,2026-06-30,4,t,
477,时间管理与效率提升,2026-03-12,6,t,81.7
477,销售技巧实战营,2024-12-12,3,t,84.7
477,管理力提升工作坊,2024-07-10,4,t,76.8
478,新员工入职培训,2024-07-12,8,t,77.0
478,跨部门沟通协作,2024-08-15,6,f,95.3
479,销售技巧实战营,2025-09-16,6,t,60.7
479,管理力提升工作坊,2025-09-05,6,t,62.3
479,信息安全与合规培训,2024-07-02,6,t,78.2
480,销售技巧实战营,2025-02-07,2,t,93.7
480,管理力提升工作坊,2025-06-12,3,t,63.6
480,销售技巧实战营,2025-04-11,3,t,65.3
480,管理力提升工作坊,2024-08-27,2,t,
480,新员工入职培训,2025-06-24,8,t,72.7
481,跨部门沟通协作,2025-10-07,4,t,
481,新员工入职培训,2025-02-21,6,t,
481,信息安全与合规培训,2025-04-11,2,t,
481,领导力发展计划,2026-05-20,2,t,
482,时间管理与效率提升,2024-12-03,4,t,93.2
482,信息安全与合规培训,2024-07-23,2,t,65.5
482,跨部门沟通协作,2024-08-29,6,f,77.5
482,信息安全与合规培训,2024-10-30,2,t,85.7
482,技术分享会,2024-08-15,8,t,69.2
482,数据分析基础,2024-08-29,8,t,87.8
483,管理力提升工作坊,2026-03-04,6,t,
483,跨部门沟通协作,2025-09-19,3,t,
484,技术分享会,2024-10-31,2,t,86.8
484,时间管理与效率提升,2025-03-11,6,t,67.7
484,时间管理与效率提升,2025-02-10,3,t,
484,时间管理与效率提升,2024-07-12,6,t,80.9
484,领导力发展计划,2024-07-10,4,t,
485,数据分析基础,2024-07-17,6,t,86.5
485,技术分享会,2024-07-30,3,t,84.4
485,管理力提升工作坊,2024-07-30,8,t,96.5
485,领导力发展计划,2024-07-25,2,t,82.9
486,时间管理与效率提升,2026-05-06,4,t,98.8
486,跨部门沟通协作,2026-03-16,8,t,98.4
486,时间管理与效率提升,2025-12-19,8,t,63.9
486,领导力发展计划,2026-06-08,3,t,62.1
487,领导力发展计划,2026-06-10,2,t,80.8
487,时间管理与效率提升,2025-08-14,6,t,
487,技术分享会,2025-12-03,8,t,75.8
488,时间管理与效率提升,2025-03-04,4,t,82.5
488,新员工入职培训,2024-10-09,8,t,69.9
488,时间管理与效率提升,2025-02-03,3,t,64.4
489,信息安全与合规培训,2025-09-18,2,t,
489,销售技巧实战营,2025-03-04,6,t,76.1
489,信息安全与合规培训,2025-10-31,4,t,65.6
490,数据分析基础,2025-07-16,6,f,
490,销售技巧实战营,2026-02-11,3,t,95.0
490,管理力提升工作坊,2026-01-01,3,t,83.4
490,新员工入职培训,2025-05-12,6,t,73.3
490,领导力发展计划,2025-04-15,4,f,70.5
491,技术分享会,2025-01-09,4,f,92.1
491,领导力发展计划,2025-10-14,3,f,74.6
491,技术分享会,2024-12-26,8,t,
491,销售技巧实战营,2025-04-09,8,t,80.3
491,跨部门沟通协作,2025-07-31,4,t,
492,数据分析基础,2024-09-13,4,f,
492,技术分享会,2025-03-31,2,t,77.7
493,销售技巧实战营,2024-12-26,2,f,72.2
493,数据分析基础,2026-03-02,4,t,75.8
493,数据分析基础,2025-08-25,6,f,68.2
494,数据分析基础,2025-11-24,3,t,
494,信息安全与合规培训,2025-11-12,3,t,98.4
494,数据分析基础,2025-12-02,3,t,
494,领导力发展计划,2026-06-11,3,t,74.6
494,数据分析基础,2026-04-07,6,t,71.1
494,跨部门沟通协作,2025-10-09,8,t,64.4
495,新员工入职培训,2025-02-18,2,t,61.7
495,销售技巧实战营,2025-01-20,3,t,
495,新员工入职培训,2025-01-08,6,f,60.1
495,时间管理与效率提升,2024-10-09,3,f,62.5
495,数据分析基础,2025-01-15,3,t,76.3
496,领导力发展计划,2024-11-08,3,t,71.0
496,信息安全与合规培训,2025-10-28,6,t,
496,时间管理与效率提升,2025-01-01,4,t,
496,新员工入职培训,2025-09-15,3,t,95.2
496,技术分享会,2026-01-21,8,t,63.4
496,时间管理与效率提升,2026-05-26,3,f,98.6
497,跨部门沟通协作,2025-02-13,2,t,88.7
497,管理力提升工作坊,2025-02-18,6,t,63.6
497,领导力发展计划,2026-07-08,6,t,60.9
497,销售技巧实战营,2025-08-07,8,f,
497,信息安全与合规培训,2025-08-19,3,t,
497,领导力发展计划,2025-06-16,3,t,91.2
498,技术分享会,2026-01-28,3,f,
498,信息安全与合规培训,2026-01-21,6,t,78.4
498,销售技巧实战营,2024-10-15,6,t,83.5
498,销售技巧实战营,2025-04-03,4,t,62.1
498,管理力提升工作坊,2025-07-23,4,f,
499,销售技巧实战营,2026-01-07,4,t,89.4
499,数据分析基础,2026-07-30,3,f,62.9
499,技术分享会,2025-12-26,6,t,77.0
499,管理力提升工作坊,2025-09-09,3,t,86.2
499,技术分享会,2025-01-24,6,t,95.9
500,领导力发展计划,2025-04-29,8,f,
500,销售技巧实战营,2025-03-04,6,t,
500,新员工入职培训,2024-09-13,6,t,72.9
500,时间管理与效率提升,2024-11-29,2,t,95.3
500,销售技巧实战营,2025-01-09,8,t,93.0
500,跨部门沟通协作,2025-04-09,8,t,72.8
501,数据分析基础,2024-10-02,3,t,94.1
501,销售技巧实战营,2024-10-03,4,f,
501,时间管理与效率提升,2024-09-16,3,t,76.9
501,新员工入职培训,2024-09-18,4,t,
501,跨部门沟通协作,2024-09-24,2,t,83.1
501,数据分析基础,2024-10-08,2,t,73.2
502,销售技巧实战营,2026-01-23,8,t,
502,销售技巧实战营,2025-11-07,4,t,84.2
503,销售技巧实战营,2024-10-23,8,t,79.7
503,时间管理与效率提升,2024-12-20,3,t,88.1
503,技术分享会,2026-05-20,8,f,92.2
504,销售技巧实战营,2025-07-28,8,t,84.9
504,销售技巧实战营,2026-02-02,8,f,
505,销售技巧实战营,2025-01-07,2,f,80.0
505,信息安全与合规培训,2024-12-06,2,t,94.6
506,时间管理与效率提升,2024-12-30,3,f,73.1
506,管理力提升工作坊,2024-12-17,4,t,
506,时间管理与效率提升,2024-12-04,8,t,78.7
506,销售技巧实战营,2025-02-18,2,t,87.4
506,管理力提升工作坊,2024-10-30,3,t,87.3
506,新员工入职培训,2024-09-06,2,t,95.3
507,时间管理与效率提升,2024-11-12,8,t,87.8
507,新员工入职培训,2025-01-21,4,t,
507,领导力发展计划,2026-08-19,8,t,71.5
508,跨部门沟通协作,2026-06-08,3,t,82.8
508,销售技巧实战营,2025-01-23,2,t,
508,管理力提升工作坊,2025-11-10,4,t,
508,销售技巧实战营,2025-06-20,8,t,93.4
509,销售技巧实战营,2025-10-21,6,t,94.9
509,跨部门沟通协作,2024-10-01,8,t,68.0
509,时间管理与效率提升,2024-10-03,2,t,
509,领导力发展计划,2026-04-10,8,t,89.2
509,数据分析基础,2025-07-24,8,f,73.4
509,新员工入职培训,2025-12-10,4,t,91.0
510,信息安全与合规培训,2026-02-13,3,t,61.1
510,新员工入职培训,2024-12-16,8,f,71.9
510,销售技巧实战营,2026-03-20,2,t,76.9
511,信息安全与合规培训,2024-12-26,6,t,75.8
511,信息安全与合规培训,2024-12-11,4,t,89.2
511,数据分析基础,2025-06-19,2,t,63.1
511,跨部门沟通协作,2025-03-07,2,t,76.6
511,数据分析基础,2025-11-11,8,t,
511,管理力提升工作坊,2025-01-06,8,t,62.3
512,时间管理与效率提升,2025-04-18,2,t,84.1
512,技术分享会,2026-08-05,4,f,
512,数据分析基础,2025-06-12,2,t,98.7
513,技术分享会,2025-12-19,2,f,61.5
513,新员工入职培训,2026-03-17,3,t,
513,时间管理与效率提升,2026-07-24,3,t,87.1
514,信息安全与合规培训,2026-05-27,2,t,
514,跨部门沟通协作,2025-02-20,8,t,63.7
514,跨部门沟通协作,2025-02-06,2,t,62.2
514,领导力发展计划,2024-10-18,4,t,76.1
514,跨部门沟通协作,2026-07-27,2,t,
514,领导力发展计划,2025-08-18,3,t,80.4
515,信息安全与合规培训,2025-08-27,4,f,
515,销售技巧实战营,2025-08-12,3,t,85.1
515,时间管理与效率提升,2025-05-27,3,t,78.3
515,时间管理与效率提升,2025-06-12,3,t,84.9
516,技术分享会,2024-10-16,2,t,
516,信息安全与合规培训,2025-04-03,3,f,69.5
516,数据分析基础,2026-06-02,3,t,66.9
516,新员工入职培训,2026-08-14,2,t,91.2
516,新员工入职培训,2026-04-07,4,t,89.0
516,数据分析基础,2025-10-23,6,t,98.0
517,跨部门沟通协作,2025-06-25,2,t,82.3
517,新员工入职培训,2026-05-29,8,t,71.9
517,跨部门沟通协作,2026-03-17,4,t,66.5
517,跨部门沟通协作,2025-09-17,3,t,71.3
518,跨部门沟通协作,2024-12-25,6,t,
518,数据分析基础,2025-02-18,4,t,72.8
519,数据分析基础,2025-07-07,3,t,
519,时间管理与效率提升,2026-01-08,6,f,92.8
519,新员工入职培训,2024-11-28,4,t,80.3
519,跨部门沟通协作,2024-10-08,4,t,61.6
519,信息安全与合规培训,2025-01-07,3,t,70.7
520,管理力提升工作坊,2025-02-13,8,t,87.5
520,跨部门沟通协作,2024-11-20,2,t,98.4
520,领导力发展计划,2024-10-29,8,t,89.2
520,管理力提升工作坊,2024-11-07,4,t,78.2
520,领导力发展计划,2024-10-11,4,t,66.8
521,跨部门沟通协作,2025-03-13,3,t,75.3
521,跨部门沟通协作,2025-01-13,6,t,76.8
521,跨部门沟通协作,2025-03-26,8,t,65.9
522,数据分析基础,2025-12-03,6,f,
522,新员工入职培训,2025-04-14,3,t,81.5
522,技术分享会,2025-11-20,2,t,
522,管理力提升工作坊,2025-09-08,4,t,
522,技术分享会,2026-08-31,2,f,
523,时间管理与效率提升,2024-10-28,3,t,
523,数据分析基础,2025-03-26,2,t,80.3
524,管理力提升工作坊,2025-03-27,4,f,80.6
524,跨部门沟通协作,2024-12-20,6,t,
524,跨部门沟通协作,2024-12-19,8,t,66.9
524,数据分析基础,2025-01-09,8,t,78.6
524,新员工入职培训,2024-11-29,4,t,68.4
525,跨部门沟通协作,2024-12-30,2,t,83.7
525,时间管理与效率提升,2024-12-18,4,f,89.6
525,跨部门沟通协作,2024-12-18,3,t,62.3
525,数据分析基础,2024-12-02,4,t,65.1
525,信息安全与合规培训,2024-12-10,2,t,
525,跨部门沟通协作,2024-12-25,6,t,87.3
526,管理力提升工作坊,2024-12-05,8,t,
526,信息安全与合规培训,2025-01-21,6,t,
526,领导力发展计划,2026-05-25,2,t,90.9
527,领导力发展计划,2025-06-18,3,t,64.1
527,信息安全与合规培训,2025-11-04,6,t,62.8
528,信息安全与合规培训,2025-09-03,3,t,
528,信息安全与合规培训,2025-07-08,2,t,
528,时间管理与效率提升,2026-03-11,6,t,68.2
528,销售技巧实战营,2025-09-01,8,t,
528,领导力发展计划,2026-07-23,2,t,85.5
529,管理力提升工作坊,2025-06-09,3,t,74.7
529,销售技巧实战营,2026-06-12,4,t,70.4
530,新员工入职培训,2024-11-25,8,t,73.5
530,新员工入职培训,2024-11-22,6,t,79.1
531,数据分析基础,2025-02-18,8,t,79.4
531,时间管理与效率提升,2024-11-28,2,t,
531,数据分析基础,2025-05-22,2,t,92.7
531,技术分享会,2025-04-22,2,t,
532,跨部门沟通协作,2025-12-03,4,t,74.6
532,新员工入职培训,2025-03-12,4,t,92.8
532,跨部门沟通协作,2025-03-07,3,t,98.4
533,跨部门沟通协作,2026-08-03,3,t,
533,新员工入职培训,2025-05-05,6,t,
534,新员工入职培训,2025-05-05,3,t,
534,跨部门沟通协作,2025-04-21,4,t,64.0
535,信息安全与合规培训,2025-10-13,3,t,
535,信息安全与合规培训,2025-08-15,6,f,69.5
535,销售技巧实战营,2026-05-04,4,t,82.6
535,时间管理与效率提升,2025-04-25,2,t,66.0
535,技术分享会,2025-10-15,4,t,67.8
536,数据分析基础,2025-07-28,2,f,88.6
536,数据分析基础,2025-05-20,6,f,
536,销售技巧实战营,2025-06-05,8,t,64.4
536,领导力发展计划,2025-04-01,2,t,88.9
537,数据分析基础,2026-07-15,2,t,70.6
537,信息安全与合规培训,2025-09-17,4,t,
537,新员工入职培训,2025-06-30,2,t,83.5
537,技术分享会,2026-08-26,4,t,
538,销售技巧实战营,2026-08-03,8,t,82.7
538,管理力提升工作坊,2025-05-06,4,t,83.9
538,新员工入职培训,2026-06-10,3,t,67.7
538,销售技巧实战营,2026-08-20,2,t,80.8
538,数据分析基础,2026-07-14,8,t,97.4
539,领导力发展计划,2025-10-09,6,t,
539,管理力提升工作坊,2025-08-26,3,t,69.8
540,时间管理与效率提升,2025-04-28,3,t,68.3
540,跨部门沟通协作,2025-07-01,6,t,74.3
540,销售技巧实战营,2025-02-07,6,t,92.0
541,信息安全与合规培训,2025-07-24,3,f,91.1
541,信息安全与合规培训,2025-11-05,3,t,71.5
541,领导力发展计划,2025-07-31,8,t,
541,信息安全与合规培训,2025-11-24,2,t,62.4
541,信息安全与合规培训,2025-05-01,4,t,98.7
541,技术分享会,2025-11-18,2,t,68.2
542,时间管理与效率提升,2025-04-07,2,t,64.3
542,领导力发展计划,2025-08-06,8,t,
543,技术分享会,2025-09-02,8,t,92.8
543,领导力发展计划,2025-08-26,3,t,98.4
543,管理力提升工作坊,2025-12-25,3,t,66.5
543,新员工入职培训,2026-01-29,6,t,
543,管理力提升工作坊,2026-01-09,6,t,73.4
544,管理力提升工作坊,2025-03-19,3,t,64.5
544,管理力提升工作坊,2025-05-07,6,t,79.5
544,数据分析基础,2026-04-15,8,t,71.0
545,领导力发展计划,2025-02-12,4,t,92.9
545,新员工入职培训,2025-04-10,3,t,86.8
545,新员工入职培训,2025-04-15,6,t,92.5
545,销售技巧实战营,2025-07-04,8,t,
545,领导力发展计划,2025-03-28,8,t,92.2
545,销售技巧实战营,2025-05-13,8,t,98.2
546,管理力提升工作坊,2025-12-30,4,t,81.3
546,管理力提升工作坊,2025-06-25,6,t,97.3
546,数据分析基础,2026-04-17,4,t,60.5
546,信息安全与合规培训,2025-11-14,6,t,62.4
547,跨部门沟通协作,2026-06-09,3,t,81.9
547,时间管理与效率提升,2026-07-16,4,t,84.4
547,领导力发展计划,2025-05-29,3,t,77.8
547,领导力发展计划,2025-08-22,2,t,61.4
548,技术分享会,2026-07-14,3,f,79.2
548,跨部门沟通协作,2025-07-29,8,t,98.7
548,管理力提升工作坊,2025-04-25,8,t,76.7
548,新员工入职培训,2025-03-07,8,t,77.2
548,数据分析基础,2026-01-23,6,t,92.1
548,时间管理与效率提升,2026-04-10,8,t,89.2
549,技术分享会,2025-12-03,2,t,90.6
549,领导力发展计划,2025-08-12,8,t,
550,时间管理与效率提升,2026-08-10,8,t,91.1
550,技术分享会,2025-05-20,4,t,83.4
550,技术分享会,2025-08-22,6,t,74.3
551,技术分享会,2026-04-20,6,f,72.5
551,领导力发展计划,2026-02-20,8,t,74.0
551,信息安全与合规培训,2025-04-11,3,t,98.2
551,时间管理与效率提升,2025-10-13,4,f,95.2
552,信息安全与合规培训,2026-06-09,4,t,85.8
552,销售技巧实战营,2025-09-05,3,t,73.7
553,时间管理与效率提升,2025-09-08,3,t,90.6
553,管理力提升工作坊,2025-09-03,3,f,69.3
554,时间管理与效率提升,2026-08-28,3,t,96.2
554,销售技巧实战营,2025-05-28,4,t,92.5
555,领导力发展计划,2025-05-30,8,f,
555,领导力发展计划,2025-09-19,8,t,95.7
555,领导力发展计划,2026-02-18,8,f,
556,新员工入职培训,2025-07-22,4,t,82.2
556,时间管理与效率提升,2025-10-15,8,t,62.8
556,技术分享会,2026-01-13,8,t,93.5
556,技术分享会,2026-06-11,3,t,94.6
557,时间管理与效率提升,2026-08-10,2,t,71.9
557,信息安全与合规培训,2026-03-11,3,t,78.5
557,销售技巧实战营,2025-07-28,3,f,68.1
557,领导力发展计划,2025-06-02,8,t,85.2
558,数据分析基础,2025-07-02,6,t,85.3
558,新员工入职培训,2025-08-13,6,t,84.2
558,销售技巧实战营,2026-05-28,4,t,72.1
558,数据分析基础,2025-06-02,4,t,84.7
558,管理力提升工作坊,2025-05-27,6,t,67.6
559,技术分享会,2025-06-09,8,t,96.5
559,时间管理与效率提升,2025-06-23,8,t,78.6
559,数据分析基础,2026-02-24,2,t,
559,管理力提升工作坊,2025-05-29,2,t,86.5
559,管理力提升工作坊,2026-06-29,3,t,74.4
559,信息安全与合规培训,2026-01-27,2,t,73.0
560,数据分析基础,2025-11-05,4,t,93.6
560,信息安全与合规培训,2025-08-06,4,f,66.0
560,销售技巧实战营,2026-03-30,8,t,95.7
561,数据分析基础,2025-09-24,8,t,84.9
561,管理力提升工作坊,2025-08-04,8,t,61.6
561,领导力发展计划,2025-07-25,2,t,
561,销售技巧实战营,2025-04-07,8,f,97.5
562,领导力发展计划,2026-02-27,3,t,73.2
562,数据分析基础,2025-07-31,4,t,88.2
563,数据分析基础,2026-02-11,2,t,60.8
563,技术分享会,2025-04-01,2,t,61.5
563,数据分析基础,2026-01-19,2,t,97.6
564,时间管理与效率提升,2025-07-14,4,t,62.7
564,新员工入职培训,2025-07-02,3,t,
564,新员工入职培训,2025-05-06,3,f,
564,领导力发展计划,2025-04-16,6,t,71.2
564,销售技巧实战营,2025-03-27,8,t,81.3
564,时间管理与效率提升,2025-04-03,3,t,81.6
565,领导力发展计划,2026-04-08,3,t,
565,信息安全与合规培训,2025-07-01,4,f,91.0
565,新员工入职培训,2025-10-10,8,t,87.0
565,跨部门沟通协作,2025-08-26,4,f,
565,技术分享会,2026-08-04,8,t,65.1
566,数据分析基础,2025-08-13,2,t,
566,新员工入职培训,2025-05-16,4,t,90.3
566,数据分析基础,2026-06-02,4,f,
566,数据分析基础,2026-03-11,6,f,
567,数据分析基础,2025-05-28,3,t,87.2
567,数据分析基础,2026-06-08,3,f,98.2
567,领导力发展计划,2026-01-09,6,t,62.8
568,时间管理与效率提升,2025-07-11,4,t,
568,领导力发展计划,2026-04-08,4,f,60.5
568,信息安全与合规培训,2025-12-22,3,t,67.6
568,信息安全与合规培训,2025-09-03,4,t,88.7
569,销售技巧实战营,2026-01-02,2,f,71.0
569,时间管理与效率提升,2026-04-30,3,t,62.5
569,销售技巧实战营,2025-11-27,8,t,90.6
569,领导力发展计划,2025-06-17,6,t,68.8
569,领导力发展计划,2026-06-05,2,t,
570,管理力提升工作坊,2025-05-14,6,f,91.7
570,数据分析基础,2025-04-29,8,t,83.1
570,新员工入职培训,2025-07-16,3,t,85.8
570,技术分享会,2025-05-21,6,t,60.5
570,跨部门沟通协作,2025-07-07,2,f,
570,信息安全与合规培训,2025-07-31,4,t,89.3
571,时间管理与效率提升,2025-05-07,6,t,
571,技术分享会,2025-03-27,6,t,64.7
571,领导力发展计划,2025-03-25,4,t,98.4
571,跨部门沟通协作,2025-04-16,6,t,90.2
571,新员工入职培训,2025-05-01,8,t,81.0
572,时间管理与效率提升,2025-07-24,3,t,93.6
572,数据分析基础,2025-09-03,6,t,82.5
572,管理力提升工作坊,2025-09-30,3,t,92.1
573,新员工入职培训,2026-07-10,6,t,83.3
573,销售技巧实战营,2026-07-17,2,t,
574,新员工入职培训,2026-08-20,6,t,89.3
574,数据分析基础,2026-03-03,6,t,90.4
574,销售技巧实战营,2025-07-30,2,t,70.5
575,技术分享会,2026-04-03,8,t,
575,新员工入职培训,2026-02-13,4,t,76.0
576,新员工入职培训,2026-01-09,4,t,74.9
576,管理力提升工作坊,2026-02-18,8,t,72.1
576,新员工入职培训,2025-11-17,4,t,61.5
576,技术分享会,2026-05-20,4,t,88.1
576,领导力发展计划,2026-05-07,6,t,65.0
577,管理力提升工作坊,2025-05-05,8,t,69.4
577,数据分析基础,2025-06-24,6,t,85.0
577,技术分享会,2025-05-19,6,t,80.2
577,数据分析基础,2025-04-09,4,t,
578,时间管理与效率提升,2025-07-28,4,f,72.9
578,时间管理与效率提升,2025-05-01,2,t,93.3
579,信息安全与合规培训,2025-12-01,3,f,64.0
579,数据分析基础,2025-08-15,2,t,97.0
579,领导力发展计划,2025-11-25,2,t,82.2
579,数据分析基础,2025-05-19,6,t,66.6
579,时间管理与效率提升,2025-07-04,2,t,
580,管理力提升工作坊,2026-01-28,3,t,60.3
580,领导力发展计划,2026-06-03,3,t,98.0
580,管理力提升工作坊,2025-09-24,4,t,63.8
580,销售技巧实战营,2026-07-13,2,t,78.3
580,新员工入职培训,2025-12-01,6,t,64.8
581,数据分析基础,2025-04-18,6,t,85.7
581,时间管理与效率提升,2025-10-30,2,t,92.3
581,数据分析基础,2025-12-24,6,f,
581,时间管理与效率提升,2026-04-24,3,t,85.2
581,跨部门沟通协作,2026-02-18,4,t,91.7
581,信息安全与合规培训,2026-03-24,2,t,71.6
582,技术分享会,2025-08-12,2,t,
582,管理力提升工作坊,2026-01-13,2,f,92.4
582,销售技巧实战营,2026-05-18,3,t,
582,领导力发展计划,2026-02-17,3,f,76.5
582,新员工入职培训,2026-06-26,3,t,81.6
582,领导力发展计划,2026-05-07,6,t,67.7
583,新员工入职培训,2025-11-18,8,t,86.2
583,时间管理与效率提升,2025-11-07,6,t,94.3
583,信息安全与合规培训,2025-04-28,8,t,69.8
583,技术分享会,2026-07-24,2,t,61.7
584,新员工入职培训,2025-09-17,4,t,94.4
584,销售技巧实战营,2026-02-25,3,t,89.8
584,时间管理与效率提升,2025-09-01,8,t,87.7
584,销售技巧实战营,2026-01-05,8,t,71.6
584,跨部门沟通协作,2026-05-22,8,t,98.7
585,技术分享会,2026-05-12,6,t,82.6
585,新员工入职培训,2025-10-21,6,t,72.2
586,信息安全与合规培训,2026-03-31,4,t,
586,新员工入职培训,2026-02-19,2,t,
586,新员工入职培训,2026-07-16,4,t,
586,销售技巧实战营,2026-01-05,6,t,78.3
587,跨部门沟通协作,2025-04-18,4,t,89.2
587,跨部门沟通协作,2025-06-20,2,t,68.5
587,技术分享会,2025-07-31,2,t,
587,管理力提升工作坊,2025-07-04,8,t,81.3
588,数据分析基础,2025-06-19,2,f,91.3
588,管理力提升工作坊,2025-06-20,6,t,94.6
588,时间管理与效率提升,2025-10-02,2,t,67.3
588,新员工入职培训,2025-05-28,6,t,82.9
588,数据分析基础,2025-10-27,2,t,
589,新员工入职培训,2025-09-24,2,t,65.8
589,信息安全与合规培训,2025-06-05,6,t,81.9
589,时间管理与效率提升,2025-08-22,3,t,68.9
590,时间管理与效率提升,2025-10-14,3,t,61.4
590,管理力提升工作坊,2026-08-19,4,t,
590,管理力提升工作坊,2025-05-15,3,t,
590,数据分析基础,2026-05-07,2,t,90.2
590,信息安全与合规培训,2026-08-04,4,t,68.9
590,信息安全与合规培训,2026-05-12,8,t,
591,领导力发展计划,2026-07-08,3,t,62.8
591,管理力提升工作坊,2025-07-28,3,t,66.1
591,信息安全与合规培训,2025-08-07,3,t,96.4
591,管理力提升工作坊,2025-12-22,2,t,83.3
591,信息安全与合规培训,2025-09-11,2,t,70.4
592,数据分析基础,2025-09-15,3,t,75.8
592,技术分享会,2026-03-12,8,t,95.8
592,跨部门沟通协作,2025-07-11,2,t,60.6
593,数据分析基础,2026-07-03,8,t,61.7
593,数据分析基础,2025-08-01,2,t,79.2
593,数据分析基础,2025-09-17,2,t,77.8
593,技术分享会,2026-01-27,8,t,71.2
593,新员工入职培训,2026-03-03,4,t,83.4
594,时间管理与效率提升,2025-12-22,8,t,67.1
594,技术分享会,2025-08-27,6,t,71.8
594,数据分析基础,2025-10-20,3,t,70.0
595,时间管理与效率提升,2025-10-14,4,f,98.8
595,管理力提升工作坊,2025-08-21,8,f,65.4
595,时间管理与效率提升,2025-06-05,2,t,72.8
596,管理力提升工作坊,2025-08-06,3,t,67.4
596,管理力提升工作坊,2026-06-09,8,f,98.1
597,技术分享会,2025-06-06,6,t,
597,跨部门沟通协作,2026-05-04,3,t,74.9
597,数据分析基础,2025-12-16,6,t,96.1
597,领导力发展计划,2026-06-10,3,t,86.0
597,信息安全与合规培训,2026-06-04,2,t,
597,信息安全与合规培训,2025-07-28,2,t,91.7
598,技术分享会,2025-10-14,8,t,87.3
598,领导力发展计划,2026-07-08,4,t,83.7
599,管理力提升工作坊,2026-08-14,3,t,75.0
599,数据分析基础,2025-07-18,2,t,67.0
599,销售技巧实战营,2026-08-20,6,t,83.0
599,新员工入职培训,2026-03-05,3,t,61.0
599,销售技巧实战营,2025-06-27,6,t,80.4
599,新员工入职培训,2026-06-23,3,t,88.9
600,跨部门沟通协作,2026-07-29,4,f,75.5
600,新员工入职培训,2025-11-04,3,t,
600,领导力发展计划,2026-04-27,4,t,78.2
601,管理力提升工作坊,2026-08-26,2,t,
601,跨部门沟通协作,2026-04-08,3,t,82.6
601,数据分析基础,2025-08-19,3,f,72.1
602,信息安全与合规培训,2026-06-30,8,t,68.3
602,时间管理与效率提升,2025-09-26,4,t,76.4
602,数据分析基础,2025-07-10,6,t,92.4
602,技术分享会,2025-12-09,6,t,66.9
603,时间管理与效率提升,2026-04-09,2,t,93.4
603,信息安全与合规培训,2025-07-09,2,t,76.4
603,跨部门沟通协作,2026-08-20,4,t,80.0
603,管理力提升工作坊,2025-10-10,3,t,61.0
603,管理力提升工作坊,2025-12-18,3,t,88.7
603,领导力发展计划,2026-08-17,8,t,64.7
604,时间管理与效率提升,2026-01-09,6,t,79.5
604,管理力提升工作坊,2026-03-30,4,t,88.6
605,时间管理与效率提升,2026-08-27,3,t,67.2
605,管理力提升工作坊,2026-06-04,2,t,
605,销售技巧实战营,2026-05-12,3,t,88.3
605,管理力提升工作坊,2026-04-28,2,t,86.4
605,时间管理与效率提升,2025-11-27,6,t,83.3
605,信息安全与合规培训,2025-11-25,3,t,72.1
606,时间管理与效率提升,2026-07-27,6,t,68.5
606,技术分享会,2026-04-08,2,t,62.1
606,领导力发展计划,2026-07-07,2,t,98.3
606,技术分享会,2025-12-30,2,t,76.7
606,跨部门沟通协作,2026-03-06,4,t,91.1
606,技术分享会,2026-03-23,4,t,74.7
607,时间管理与效率提升,2026-07-14,3,t,85.2
607,信息安全与合规培训,2025-07-17,2,t,
608,跨部门沟通协作,2026-04-22,4,t,66.6
608,信息安全与合规培训,2026-01-07,8,t,
608,销售技巧实战营,2026-02-03,3,t,70.8
608,时间管理与效率提升,2026-01-01,4,t,97.6
608,数据分析基础,2025-11-12,4,t,70.5
609,领导力发展计划,2025-12-12,2,t,
609,销售技巧实战营,2026-01-07,8,t,
609,技术分享会,2026-03-26,8,t,96.3
609,销售技巧实战营,2026-01-02,8,t,94.2
609,信息安全与合规培训,2025-12-29,6,t,65.3
610,跨部门沟通协作,2026-04-08,6,t,61.5
610,数据分析基础,2025-12-09,6,t,61.0
611,信息安全与合规培训,2025-09-03,4,t,72.6
611,新员工入职培训,2026-05-22,6,t,
611,销售技巧实战营,2026-02-04,8,t,63.6
611,数据分析基础,2026-07-09,8,t,63.3
611,管理力提升工作坊,2025-12-10,8,t,70.5
611,数据分析基础,2025-09-15,3,t,
612,管理力提升工作坊,2025-10-22,8,t,70.5
612,管理力提升工作坊,2025-11-20,2,t,61.2
612,跨部门沟通协作,2025-09-04,8,t,95.0
612,数据分析基础,2025-09-08,4,t,72.8
612,技术分享会,2025-09-16,2,f,
612,信息安全与合规培训,2025-08-11,8,t,
613,数据分析基础,2025-08-20,2,f,77.9
613,数据分析基础,2025-08-14,6,t,61.4
613,领导力发展计划,2025-08-19,3,t,64.0
614,技术分享会,2025-12-08,2,t,98.5
614,销售技巧实战营,2025-12-23,4,t,71.5
614,时间管理与效率提升,2025-12-04,3,t,66.5
614,管理力提升工作坊,2026-07-09,3,t,90.0
615,管理力提升工作坊,2025-10-14,2,t,86.5
615,时间管理与效率提升,2025-10-21,3,t,90.2
615,跨部门沟通协作,2026-02-25,3,f,96.9
615,技术分享会,2025-10-09,8,t,
615,信息安全与合规培训,2026-03-10,3,t,61.6
615,信息安全与合规培训,2025-08-06,6,t,62.4
616,时间管理与效率提升,2026-03-19,3,t,78.9
616,领导力发展计划,2025-12-30,4,t,80.3
617,领导力发展计划,2025-12-01,8,t,93.6
617,技术分享会,2025-10-20,8,t,76.0
617,跨部门沟通协作,2026-04-30,2,t,75.4
618,销售技巧实战营,2025-10-28,3,t,87.0
618,领导力发展计划,2025-11-25,2,t,73.8
618,领导力发展计划,2025-12-02,3,f,90.6
618,时间管理与效率提升,2025-10-29,4,t,90.8
618,领导力发展计划,2025-08-29,3,t,90.3
618,技术分享会,2025-12-18,8,f,71.7
619,信息安全与合规培训,2025-08-15,4,t,82.1
619,数据分析基础,2025-08-28,6,f,85.0
619,管理力提升工作坊,2026-08-11,8,t,61.6
619,领导力发展计划,2025-09-30,2,t,80.1
619,管理力提升工作坊,2026-03-16,8,t,
620,销售技巧实战营,2026-01-22,3,t,83.4
620,数据分析基础,2026-08-10,2,t,78.7
620,时间管理与效率提升,2025-08-25,8,t,
620,数据分析基础,2026-04-06,4,t,64.4
620,信息安全与合规培训,2026-03-25,8,t,63.0
620,销售技巧实战营,2026-07-15,2,t,81.8
621,跨部门沟通协作,2026-05-05,8,t,65.5
621,销售技巧实战营,2026-08-05,4,t,66.2
621,销售技巧实战营,2026-06-05,8,t,71.1
621,时间管理与效率提升,2026-07-17,6,t,73.2
621,新员工入职培训,2026-05-26,2,t,89.0
621,领导力发展计划,2026-08-18,6,f,71.5
622,领导力发展计划,2026-06-26,2,t,75.7
622,领导力发展计划,2025-11-04,6,t,85.9
622,信息安全与合规培训,2026-03-18,6,t,
622,新员工入职培训,2026-06-22,8,t,79.0
622,信息安全与合规培训,2025-09-29,4,f,63.9
622,技术分享会,2026-01-22,3,t,90.9
623,跨部门沟通协作,2025-09-19,4,t,69.2
623,信息安全与合规培训,2025-09-11,4,t,
623,管理力提升工作坊,2026-02-20,6,t,67.5
624,管理力提升工作坊,2026-06-19,3,f,92.4
624,技术分享会,2026-01-05,4,t,82.7
624,技术分享会,2026-06-18,8,t,88.4
624,数据分析基础,2026-07-31,6,f,
624,销售技巧实战营,2026-03-25,2,t,75.6
625,时间管理与效率提升,2025-12-10,8,t,93.7
625,新员工入职培训,2026-03-24,6,f,
625,新员工入职培训,2026-05-29,6,t,81.0
625,跨部门沟通协作,2025-12-18,3,t,68.0
626,技术分享会,2025-10-09,4,t,96.9
626,管理力提升工作坊,2025-11-05,8,t,66.1
626,时间管理与效率提升,2026-01-19,8,f,61.8
626,跨部门沟通协作,2025-10-08,8,t,71.9
626,信息安全与合规培训,2026-08-12,4,t,64.2
627,数据分析基础,2025-12-22,4,t,
627,销售技巧实战营,2026-04-27,6,t,70.7
627,销售技巧实战营,2026-05-11,8,t,90.2
627,技术分享会,2026-05-25,2,t,
627,信息安全与合规培训,2025-09-11,8,f,97.6
627,数据分析基础,2025-08-20,4,t,
628,领导力发展计划,2026-07-16,6,t,61.2
628,技术分享会,2026-06-23,6,t,
628,跨部门沟通协作,2026-05-25,2,t,
628,时间管理与效率提升,2026-03-23,6,t,60.8
628,数据分析基础,2026-04-14,6,t,83.5
628,管理力提升工作坊,2025-09-18,3,t,85.2
629,管理力提升工作坊,2025-08-26,4,t,62.6
629,信息安全与合规培训,2025-08-18,4,f,72.1
630,信息安全与合规培训,2025-08-28,6,t,62.8
630,领导力发展计划,2026-03-24,2,t,93.3
630,信息安全与合规培训,2026-05-28,4,t,76.6
630,领导力发展计划,2026-02-04,4,t,63.3
630,管理力提升工作坊,2025-11-11,2,f,62.4
630,跨部门沟通协作,2026-05-14,3,t,97.7
631,跨部门沟通协作,2026-05-28,4,t,
631,跨部门沟通协作,2026-07-02,2,t,
631,时间管理与效率提升,2026-07-09,8,t,69.9
631,数据分析基础,2025-11-10,3,t,
631,销售技巧实战营,2026-02-10,6,t,76.5
632,跨部门沟通协作,2025-10-24,3,t,69.4
632,管理力提升工作坊,2026-04-02,3,t,60.5
632,领导力发展计划,2026-03-18,4,f,62.2
632,新员工入职培训,2025-09-29,3,t,84.8
632,技术分享会,2026-07-27,8,t,78.9
633,时间管理与效率提升,2026-06-22,6,t,65.5
633,信息安全与合规培训,2026-02-16,4,t,69.0
633,数据分析基础,2025-12-18,3,t,82.0
633,新员工入职培训,2026-05-29,8,t,65.1
633,领导力发展计划,2026-01-22,2,t,92.6
634,跨部门沟通协作,2026-01-23,6,t,
634,销售技巧实战营,2026-04-29,3,t,64.5
634,信息安全与合规培训,2026-01-12,2,t,73.4
634,时间管理与效率提升,2026-06-01,3,t,70.4
634,领导力发展计划,2025-12-12,4,t,80.7
635,数据分析基础,2026-04-28,3,f,83.8
635,数据分析基础,2025-11-19,8,t,65.5
635,信息安全与合规培训,2026-03-11,6,t,95.1
635,技术分享会,2026-03-10,3,t,68.2
635,时间管理与效率提升,2025-09-26,3,f,81.7
635,跨部门沟通协作,2026-04-10,6,t,91.9
636,领导力发展计划,2026-08-25,3,t,95.5
636,技术分享会,2026-02-26,3,t,86.1
637,数据分析基础,2026-03-25,8,t,77.4
637,销售技巧实战营,2026-08-24,8,t,74.1
637,跨部门沟通协作,2026-04-01,4,t,67.0
637,新员工入职培训,2026-08-24,6,t,
637,销售技巧实战营,2026-01-13,3,t,
638,管理力提升工作坊,2025-10-22,4,t,76.9
638,数据分析基础,2026-07-07,2,t,
638,数据分析基础,2025-09-25,2,t,72.1
638,领导力发展计划,2026-01-13,4,t,
638,数据分析基础,2026-05-05,6,f,92.1
638,时间管理与效率提升,2026-02-02,8,t,
639,数据分析基础,2026-05-25,2,t,77.0
639,领导力发展计划,2026-07-17,4,t,63.5
639,领导力发展计划,2026-02-12,3,t,
639,数据分析基础,2025-10-02,8,t,
640,领导力发展计划,2026-06-11,2,t,91.2
640,新员工入职培训,2026-04-16,2,t,96.2
640,跨部门沟通协作,2026-05-13,2,t,
640,跨部门沟通协作,2026-06-19,8,t,75.3
640,技术分享会,2026-07-15,8,t,61.7
640,时间管理与效率提升,2025-11-11,4,t,90.5
641,跨部门沟通协作,2026-04-17,4,t,
641,跨部门沟通协作,2025-11-07,8,t,65.8
641,信息安全与合规培训,2026-08-14,3,t,
641,领导力发展计划,2025-10-24,8,t,
642,新员工入职培训,2026-08-19,2,t,85.9
642,管理力提升工作坊,2026-03-10,6,t,71.1
643,跨部门沟通协作,2025-10-22,3,t,62.6
643,信息安全与合规培训,2025-12-01,3,t,78.4
643,技术分享会,2026-07-17,3,t,86.7
643,领导力发展计划,2026-03-25,4,f,89.1
643,领导力发展计划,2025-12-29,2,t,
644,技术分享会,2025-10-27,6,t,70.5
644,跨部门沟通协作,2025-09-30,4,t,97.4
644,技术分享会,2026-02-10,3,f,
644,技术分享会,2026-03-09,4,t,68.1
644,跨部门沟通协作,2026-04-20,3,t,60.2
645,数据分析基础,2026-03-04,6,t,
645,领导力发展计划,2026-02-23,4,t,97.2
645,时间管理与效率提升,2026-01-14,4,t,89.5
645,技术分享会,2025-10-08,2,t,68.9
645,数据分析基础,2025-11-18,2,t,79.8
645,技术分享会,2026-03-17,8,t,67.7
646,数据分析基础,2025-09-25,3,t,
646,领导力发展计划,2025-09-26,8,t,90.4
646,信息安全与合规培训,2026-04-02,6,t,97.7
646,信息安全与合规培训,2026-07-06,6,t,70.8
646,跨部门沟通协作,2026-06-01,2,t,61.9
646,新员工入职培训,2026-03-27,4,f,73.2
647,信息安全与合规培训,2026-07-31,4,f,
647,销售技巧实战营,2025-11-03,8,t,75.0
647,销售技巧实战营,2026-06-29,8,t,71.9
647,时间管理与效率提升,2025-11-17,4,f,83.0
647,管理力提升工作坊,2026-01-07,3,t,69.3
647,领导力发展计划,2025-11-07,8,t,65.9
648,信息安全与合规培训,2026-03-17,3,t,
648,时间管理与效率提升,2026-07-03,4,f,84.6
649,领导力发展计划,2026-07-08,3,t,
649,跨部门沟通协作,2026-07-21,4,t,86.5
650,新员工入职培训,2025-11-06,6,t,88.7
650,时间管理与效率提升,2026-06-26,4,f,78.5
650,管理力提升工作坊,2026-06-18,3,t,62.5
650,销售技巧实战营,2025-10-06,6,t,
650,信息安全与合规培训,2026-04-09,8,t,71.9
651,跨部门沟通协作,2025-11-17,2,t,97.0
651,销售技巧实战营,2025-10-03,8,f,62.6
651,新员工入职培训,2026-04-09,2,t,97.0
652,技术分享会,2025-12-11,4,t,67.3
652,时间管理与效率提升,2025-12-12,2,t,63.1
652,销售技巧实战营,2025-10-31,6,t,74.9
653,数据分析基础,2025-11-10,6,t,88.3
653,跨部门沟通协作,2026-07-31,2,t,61.2
653,管理力提升工作坊,2025-11-28,2,t,79.3
654,跨部门沟通协作,2025-12-22,4,f,78.3
654,管理力提升工作坊,2026-03-20,4,t,
655,时间管理与效率提升,2026-05-08,8,t,68.9
655,跨部门沟通协作,2026-04-10,3,t,76.3
655,新员工入职培训,2026-08-14,2,t,95.9
655,销售技巧实战营,2025-11-14,8,t,
655,销售技巧实战营,2026-06-11,4,t,90.7
656,时间管理与效率提升,2026-05-14,4,t,78.8
656,时间管理与效率提升,2026-08-04,4,t,
656,信息安全与合规培训,2025-12-11,3,t,
656,信息安全与合规培训,2026-05-21,4,t,83.0
656,销售技巧实战营,2025-12-03,3,t,67.0
657,数据分析基础,2026-04-07,4,t,89.8
657,数据分析基础,2026-04-13,3,t,
657,信息安全与合规培训,2026-03-10,4,t,62.3
657,跨部门沟通协作,2026-05-12,8,t,63.2
657,销售技巧实战营,2025-10-23,2,t,87.6
657,信息安全与合规培训,2026-07-22,3,t,
658,时间管理与效率提升,2026-07-16,6,t,80.0
658,时间管理与效率提升,2025-10-22,2,t,90.3
658,领导力发展计划,2026-03-26,3,t,
658,新员工入职培训,2025-12-04,4,t,
658,跨部门沟通协作,2025-10-30,8,t,
659,技术分享会,2026-01-01,8,t,61.3
659,领导力发展计划,2026-02-09,6,t,
659,跨部门沟通协作,2026-03-11,4,t,
659,跨部门沟通协作,2025-11-11,4,t,68.1
659,时间管理与效率提升,2026-02-17,8,t,95.8
660,数据分析基础,2026-03-27,2,t,
660,领导力发展计划,2026-03-25,3,t,79.2
660,信息安全与合规培训,2025-11-28,2,t,89.8
660,数据分析基础,2025-12-10,6,t,
660,跨部门沟通协作,2025-12-19,3,t,76.9
661,跨部门沟通协作,2025-10-10,8,t,68.4
661,新员工入职培训,2026-05-20,6,t,70.3
661,信息安全与合规培训,2026-07-16,4,t,
661,信息安全与合规培训,2026-02-13,6,t,69.4
661,销售技巧实战营,2026-07-27,3,t,78.5
661,领导力发展计划,2025-10-09,4,t,76.8
662,跨部门沟通协作,2026-05-20,3,t,90.3
662,领导力发展计划,2026-05-27,4,t,75.2
662,销售技巧实战营,2025-12-30,6,t,96.8
662,跨部门沟通协作,2026-02-27,6,t,66.4
662,信息安全与合规培训,2026-08-10,3,t,80.2
662,领导力发展计划,2026-04-13,8,t,95.1
663,信息安全与合规培训,2025-11-11,6,f,67.7
663,跨部门沟通协作,2026-06-16,2,f,61.1
663,技术分享会,2026-08-24,6,f,98.8
663,管理力提升工作坊,2026-01-19,3,f,64.8
663,管理力提升工作坊,2026-04-06,2,t,79.6
664,技术分享会,2025-10-09,2,t,75.6
664,管理力提升工作坊,2026-06-18,4,t,89.8
665,管理力提升工作坊,2026-08-19,8,f,86.0
665,新员工入职培训,2026-04-17,6,t,87.1
665,技术分享会,2025-10-16,6,t,
665,销售技巧实战营,2026-07-24,8,f,97.4
666,时间管理与效率提升,2026-07-02,6,t,
666,技术分享会,2025-11-10,8,t,84.1
666,数据分析基础,2026-01-20,3,t,85.4
667,技术分享会,2026-01-29,2,t,72.7
667,管理力提升工作坊,2025-11-10,8,f,90.5
667,管理力提升工作坊,2026-05-11,2,t,70.7
668,管理力提升工作坊,2026-07-08,4,t,
668,时间管理与效率提升,2026-08-07,2,t,96.3
668,新员工入职培训,2026-05-13,8,f,82.7
669,领导力发展计划,2026-03-11,4,t,93.2
669,数据分析基础,2026-06-08,6,t,78.2
669,技术分享会,2026-01-16,2,f,75.5
670,跨部门沟通协作,2026-07-29,4,t,97.6
670,新员工入职培训,2025-12-16,2,t,69.9
671,管理力提升工作坊,2026-03-30,2,t,78.7
671,时间管理与效率提升,2025-12-18,2,t,96.6
671,跨部门沟通协作,2025-12-29,8,t,69.7
671,时间管理与效率提升,2026-07-14,8,t,65.7
671,时间管理与效率提升,2026-03-05,2,t,66.9
671,领导力发展计划,2026-01-07,8,t,92.4
672,销售技巧实战营,2026-02-05,4,t,68.4
672,销售技巧实战营,2026-02-27,6,t,84.1
673,跨部门沟通协作,2026-04-17,6,t,92.5
673,管理力提升工作坊,2026-02-02,2,t,96.3
673,新员工入职培训,2026-02-16,6,t,
674,领导力发展计划,2026-01-08,4,t,
674,数据分析基础,2026-04-08,2,f,60.7
674,管理力提升工作坊,2026-01-19,4,t,79.0
675,跨部门沟通协作,2026-02-16,2,t,
675,领导力发展计划,2026-01-01,2,t,72.7
676,新员工入职培训,2026-03-16,3,t,62.1
676,技术分享会,2026-01-01,4,t,75.8
676,数据分析基础,2026-01-20,2,t,83.1
676,销售技巧实战营,2026-01-12,4,t,81.4
676,新员工入职培训,2025-12-16,8,t,65.8
677,时间管理与效率提升,2026-02-13,6,t,62.0
677,领导力发展计划,2026-08-25,4,t,98.5
678,领导力发展计划,2026-02-04,2,f,
678,新员工入职培训,2026-02-04,8,t,90.0
678,信息安全与合规培训,2025-12-22,2,t,85.0
678,数据分析基础,2025-11-12,2,t,
678,领导力发展计划,2025-11-06,2,t,95.9
678,信息安全与合规培训,2025-12-12,8,t,63.0
679,技术分享会,2026-05-15,3,t,77.7
679,管理力提升工作坊,2025-12-22,3,f,85.8
679,管理力提升工作坊,2026-02-05,3,t,
679,技术分享会,2025-12-24,2,t,
680,管理力提升工作坊,2025-12-19,8,t,73.7
680,管理力提升工作坊,2026-04-29,2,t,90.4
681,销售技巧实战营,2026-08-11,6,t,75.5
681,销售技巧实战营,2026-03-03,4,f,
682,销售技巧实战营,2026-07-03,2,t,95.3
682,时间管理与效率提升,2026-06-30,2,t,86.1
683,领导力发展计划,2026-02-13,4,t,63.2
683,数据分析基础,2026-07-06,4,t,84.9
683,数据分析基础,2026-04-01,8,t,96.9
683,信息安全与合规培训,2026-06-12,6,t,63.9
684,领导力发展计划,2026-05-25,6,t,72.9
684,管理力提升工作坊,2026-04-06,8,t,76.5
685,数据分析基础,2026-01-29,2,f,88.0
685,跨部门沟通协作,2026-07-07,4,t,
685,信息安全与合规培训,2026-01-08,3,f,
685,领导力发展计划,2026-01-29,4,t,63.7
685,管理力提升工作坊,2026-04-28,8,t,62.1
685,管理力提升工作坊,2026-07-24,4,t,78.6
686,技术分享会,2026-02-02,4,t,65.9
686,新员工入职培训,2026-07-03,2,t,71.7
686,时间管理与效率提升,2026-04-01,6,t,93.0
686,数据分析基础,2026-03-30,2,t,88.1
687,新员工入职培训,2026-02-27,2,t,65.9
687,数据分析基础,2026-01-27,2,t,
688,新员工入职培训,2026-05-04,6,t,82.9
688,管理力提升工作坊,2026-07-17,4,f,62.3
688,领导力发展计划,2026-02-23,8,t,
688,信息安全与合规培训,2026-02-23,6,t,
688,信息安全与合规培训,2026-02-03,2,t,75.8
689,新员工入职培训,2026-07-16,6,t,65.1
689,数据分析基础,2026-02-02,3,t,60.4
689,领导力发展计划,2026-06-26,4,t,80.6
689,信息安全与合规培训,2025-12-04,8,t,89.4
689,信息安全与合规培训,2026-03-02,3,t,68.8
689,跨部门沟通协作,2026-03-10,8,t,92.0
690,新员工入职培训,2026-04-13,2,t,60.6
690,信息安全与合规培训,2026-05-05,3,t,87.2
690,新员工入职培训,2026-08-07,3,t,73.0
690,技术分享会,2026-02-13,2,t,80.7
690,新员工入职培训,2026-05-12,8,t,79.3
691,跨部门沟通协作,2026-03-30,3,f,89.6
691,跨部门沟通协作,2026-04-14,2,t,
691,技术分享会,2026-05-19,4,t,60.0
691,管理力提升工作坊,2026-07-22,6,t,
691,领导力发展计划,2026-02-23,4,f,64.6
691,技术分享会,2026-04-02,2,t,81.9
692,时间管理与效率提升,2026-03-16,8,t,96.3
692,领导力发展计划,2026-02-24,3,t,80.3
693,新员工入职培训,2026-04-13,3,f,77.0
693,数据分析基础,2026-03-27,6,t,88.1
693,数据分析基础,2026-05-14,2,t,87.7
693,领导力发展计划,2026-07-27,3,t,61.9
693,跨部门沟通协作,2026-04-07,6,t,61.1
694,时间管理与效率提升,2026-03-30,8,t,86.5
694,技术分享会,2026-04-29,3,t,90.5
694,管理力提升工作坊,2026-04-08,8,t,
694,新员工入职培训,2026-04-14,4,t,66.3
695,时间管理与效率提升,2026-04-17,2,t,81.9
695,技术分享会,2026-02-06,6,t,91.8
696,信息安全与合规培训,2026-05-07,4,f,97.1
696,管理力提升工作坊,2026-03-05,3,t,98.1
696,时间管理与效率提升,2026-08-21,6,t,60.6
697,销售技巧实战营,2026-08-19,3,f,70.7
697,管理力提升工作坊,2026-08-11,2,t,62.7
697,管理力提升工作坊,2026-05-27,6,t,91.6
698,技术分享会,2026-05-12,2,t,81.3
698,跨部门沟通协作,2026-04-06,2,t,88.1
699,领导力发展计划,2026-04-03,8,t,60.0
699,管理力提升工作坊,2026-03-31,4,t,95.0
699,技术分享会,2026-07-30,6,t,90.4
699,技术分享会,2026-08-06,4,t,87.9
699,信息安全与合规培训,2026-05-29,6,t,
700,销售技巧实战营,2026-07-14,8,t,72.1
700,跨部门沟通协作,2026-04-17,4,t,77.3
700,领导力发展计划,2026-02-24,2,t,78.0
700,管理力提升工作坊,2026-05-14,2,t,76.9
701,领导力发展计划,2026-05-27,4,t,82.3
701,领导力发展计划,2026-05-11,6,t,94.8
701,时间管理与效率提升,2026-03-04,3,t,91.0
701,数据分析基础,2026-06-05,6,t,
701,新员工入职培训,2026-02-17,4,t,80.5
702,销售技巧实战营,2026-07-16,2,t,64.2
702,新员工入职培训,2026-03-26,8,t,84.1
702,跨部门沟通协作,2026-04-23,6,f,97.1
703,管理力提升工作坊,2026-08-19,4,t,73.0
703,领导力发展计划,2026-06-29,3,t,72.0
703,信息安全与合规培训,2026-04-27,6,t,82.1
703,跨部门沟通协作,2026-02-24,6,t,68.0
703,领导力发展计划,2026-04-16,2,t,94.3
704,时间管理与效率提升,2026-03-25,6,f,
704,销售技巧实战营,2026-08-05,2,t,95.7
705,时间管理与效率提升,2026-07-08,6,t,85.6
705,新员工入职培训,2026-04-22,4,t,83.3
706,新员工入职培训,2026-05-27,2,t,85.6
706,管理力提升工作坊,2026-08-05,8,t,69.9
706,跨部门沟通协作,2026-06-08,3,t,
706,跨部门沟通协作,2026-07-23,4,t,74.7
707,管理力提升工作坊,2026-06-18,2,t,61.8
707,管理力提升工作坊,2026-05-27,6,t,69.8
707,时间管理与效率提升,2026-07-08,4,t,62.0
707,管理力提升工作坊,2026-06-10,6,t,94.6
708,数据分析基础,2026-04-29,4,t,70.4
708,管理力提升工作坊,2026-08-19,6,t,76.9
709,领导力发展计划,2026-06-26,3,t,98.5
709,数据分析基础,2026-06-24,8,t,
709,销售技巧实战营,2026-06-10,4,t,73.2
709,销售技巧实战营,2026-08-24,3,f,73.6
709,新员工入职培训,2026-08-03,3,t,61.8
710,新员工入职培训,2026-05-14,2,t,
710,时间管理与效率提升,2026-06-17,3,t,
710,时间管理与效率提升,2026-05-13,8,t,71.7
710,信息安全与合规培训,2026-08-28,8,t,71.7
711,销售技巧实战营,2026-05-29,2,t,97.8
711,技术分享会,2026-08-10,3,t,71.9
712,领导力发展计划,2026-08-05,2,t,93.0
712,技术分享会,2026-04-28,4,t,80.5
712,跨部门沟通协作,2026-04-28,3,t,
712,时间管理与效率提升,2026-07-29,6,t,79.1
713,销售技巧实战营,2026-06-26,2,f,69.0
713,管理力提升工作坊,2026-06-09,3,t,
713,信息安全与合规培训,2026-05-15,2,f,62.4
713,数据分析基础,2026-03-25,3,t,63.3
713,跨部门沟通协作,2026-04-08,6,t,73.5
713,信息安全与合规培训,2026-06-30,3,t,90.9
714,数据分析基础,2026-04-07,6,t,71.3
714,技术分享会,2026-05-12,2,f,63.3
714,信息安全与合规培训,2026-03-20,4,t,98.4
714,信息安全与合规培训,2026-08-05,6,t,77.9
714,销售技巧实战营,2026-04-02,3,t,91.4
714,新员工入职培训,2026-03-18,8,t,76.6
715,技术分享会,2026-04-20,8,t,89.5
715,数据分析基础,2026-08-31,8,t,75.1
715,数据分析基础,2026-05-04,8,t,70.6
715,数据分析基础,2026-08-05,8,t,
715,技术分享会,2026-03-25,3,t,60.6
715,新员工入职培训,2026-08-07,2,t,72.1
716,新员工入职培训,2026-05-01,3,f,85.4
716,管理力提升工作坊,2026-05-27,3,f,80.8
716,新员工入职培训,2026-05-06,4,t,70.6
716,跨部门沟通协作,2026-08-12,8,t,90.6
716,领导力发展计划,2026-05-21,6,t,61.2
717,跨部门沟通协作,2026-03-19,8,f,78.6
717,跨部门沟通协作,2026-08-27,3,t,
717,数据分析基础,2026-05-27,8,t,77.5
717,新员工入职培训,2026-03-12,6,t,84.9
718,领导力发展计划,2026-07-03,2,t,67.0
718,信息安全与合规培训,2026-06-08,4,t,68.7
718,时间管理与效率提升,2026-04-13,2,t,93.3
719,数据分析基础,2026-05-01,3,t,78.5
719,领导力发展计划,2026-06-29,4,t,83.7
719,管理力提升工作坊,2026-03-13,4,f,62.5
719,跨部门沟通协作,2026-03-09,3,t,80.8
719,领导力发展计划,2026-07-30,3,t,76.7
719,技术分享会,2026-06-08,2,t,
720,领导力发展计划,2026-08-24,3,t,93.7
720,信息安全与合规培训,2026-07-29,3,t,
720,新员工入职培训,2026-07-30,6,t,83.2
720,数据分析基础,2026-04-01,3,t,63.4
720,跨部门沟通协作,2026-03-17,2,t,98.4
720,技术分享会,2026-04-20,8,t,93.7
721,数据分析基础,2026-07-28,8,t,84.0
721,领导力发展计划,2026-06-19,8,t,65.9
721,领导力发展计划,2026-07-13,6,t,60.4
721,销售技巧实战营,2026-06-24,8,t,64.7
721,管理力提升工作坊,2026-08-07,6,t,98.2
722,管理力提升工作坊,2026-03-30,2,t,
722,新员工入职培训,2026-06-25,8,t,74.1
722,管理力提升工作坊,2026-04-01,6,t,83.6
722,销售技巧实战营,2026-05-14,3,t,
722,跨部门沟通协作,2026-03-10,2,t,63.7
723,销售技巧实战营,2026-04-14,3,t,67.1
723,新员工入职培训,2026-07-27,6,t,81.7
724,销售技巧实战营,2026-06-02,8,f,92.7
724,跨部门沟通协作,2026-07-22,2,t,73.9
724,信息安全与合规培训,2026-04-20,6,t,96.6
724,数据分析基础,2026-07-02,4,t,
724,信息安全与合规培训,2026-08-21,2,t,
725,新员工入职培训,2026-06-22,3,t,
725,领导力发展计划,2026-08-03,2,t,78.5
725,管理力提升工作坊,2026-03-23,8,t,66.8
725,技术分享会,2026-06-26,6,t,
725,数据分析基础,2026-08-10,4,t,64.9
725,新员工入职培训,2026-05-25,2,t,78.2
726,跨部门沟通协作,2026-07-03,3,t,95.0
726,管理力提升工作坊,2026-03-26,6,t,84.1
726,跨部门沟通协作,2026-06-19,2,t,75.8
726,时间管理与效率提升,2026-04-29,8,t,
727,管理力提升工作坊,2026-03-31,3,t,83.6
727,领导力发展计划,2026-04-06,8,t,
727,销售技巧实战营,2026-08-20,8,t,64.0
728,新员工入职培训,2026-06-30,3,t,71.3
728,技术分享会,2026-04-09,2,t,84.6
728,数据分析基础,2026-04-02,6,f,83.6
728,管理力提升工作坊,2026-07-13,6,t,75.3
728,管理力提升工作坊,2026-06-04,6,t,67.9
729,时间管理与效率提升,2026-07-01,8,t,91.3
729,跨部门沟通协作,2026-08-24,2,t,78.3
729,时间管理与效率提升,2026-05-26,4,t,96.2
729,信息安全与合规培训,2026-06-19,3,t,92.2
730,信息安全与合规培训,2026-05-07,2,f,81.9
730,跨部门沟通协作,2026-08-20,2,t,84.7
730,信息安全与合规培训,2026-06-04,3,t,
730,技术分享会,2026-04-27,4,t,73.4
730,新员工入职培训,2026-05-14,3,t,65.0
731,数据分析基础,2026-07-30,4,t,68.7
731,技术分享会,2026-06-11,6,t,98.6
731,数据分析基础,2026-05-07,3,t,69.9
731,领导力发展计划,2026-07-13,3,t,82.7
731,时间管理与效率提升,2026-06-01,6,t,81.0
731,新员工入职培训,2026-05-08,3,t,83.8
732,跨部门沟通协作,2026-06-22,6,t,61.6
732,跨部门沟通协作,2026-08-07,6,t,
732,领导力发展计划,2026-08-04,3,f,88.7
733,新员工入职培训,2026-05-22,8,t,73.4
733,时间管理与效率提升,2026-06-22,2,t,81.9
733,时间管理与效率提升,2026-08-06,4,t,
733,销售技巧实战营,2026-06-04,6,f,95.8
734,数据分析基础,2026-05-22,4,f,72.0
734,新员工入职培训,2026-07-17,4,t,78.4
735,销售技巧实战营,2026-08-26,3,t,75.2
735,跨部门沟通协作,2026-04-27,2,t,77.1
735,销售技巧实战营,2026-07-06,6,t,
735,时间管理与效率提升,2026-07-24,8,t,90.8
735,领导力发展计划,2026-08-12,3,t,84.6
735,数据分析基础,2026-08-21,4,t,89.0
736,领导力发展计划,2026-08-21,4,t,62.6
736,信息安全与合规培训,2026-05-19,6,t,97.7
737,数据分析基础,2026-04-27,6,t,69.1
737,销售技巧实战营,2026-05-11,8,t,
737,新员工入职培训,2026-05-12,8,f,74.5
737,领导力发展计划,2026-05-12,6,t,83.2
737,数据分析基础,2026-05-15,4,t,97.9
737,数据分析基础,2026-04-23,2,t,77.6
738,信息安全与合规培训,2026-05-13,2,t,71.9
738,数据分析基础,2026-07-30,2,t,75.0
738,新员工入职培训,2026-07-27,8,t,87.4
739,跨部门沟通协作,2026-08-27,4,t,78.2
739,新员工入职培训,2026-06-12,6,t,80.9
739,跨部门沟通协作,2026-06-11,8,t,79.3
739,销售技巧实战营,2026-07-23,2,t,86.8
740,销售技巧实战营,2026-06-08,2,t,76.2
740,信息安全与合规培训,2026-08-10,2,f,66.9
741,管理力提升工作坊,2026-07-31,4,t,92.6
741,信息安全与合规培训,2026-08-18,2,t,70.9
741,技术分享会,2026-04-23,3,f,79.5
741,新员工入职培训,2026-08-12,2,t,61.8
741,销售技巧实战营,2026-05-25,2,t,
741,数据分析基础,2026-06-10,6,t,97.5
742,管理力提升工作坊,2026-05-21,3,t,84.0
742,销售技巧实战营,2026-05-07,2,t,
742,数据分析基础,2026-05-15,4,t,
742,时间管理与效率提升,2026-06-15,4,t,88.6
742,数据分析基础,2026-04-20,6,t,88.5
743,新员工入职培训,2026-06-24,2,t,82.4
743,管理力提升工作坊,2026-08-25,4,t,60.3
743,领导力发展计划,2026-06-18,8,t,60.4
743,信息安全与合规培训,2026-05-25,3,t,
744,技术分享会,2026-05-08,6,f,93.7
744,数据分析基础,2026-07-22,2,t,86.9
744,管理力提升工作坊,2026-05-18,3,t,91.3
744,跨部门沟通协作,2026-06-02,2,t,64.3
744,信息安全与合规培训,2026-05-26,8,t,84.9
744,时间管理与效率提升,2026-06-09,4,t,98.4
745,管理力提升工作坊,2026-06-03,6,t,
745,时间管理与效率提升,2026-08-13,2,f,65.7
745,领导力发展计划,2026-05-27,2,f,83.5
746,跨部门沟通协作,2026-06-02,6,f,
746,管理力提升工作坊,2026-08-17,8,t,93.1
746,新员工入职培训,2026-05-06,8,t,89.7
746,技术分享会,2026-07-13,4,t,
746,数据分析基础,2026-06-17,3,t,68.4
747,新员工入职培训,2026-05-20,2,t,68.1
747,销售技巧实战营,2026-08-28,2,t,65.7
747,信息安全与合规培训,2026-06-26,3,t,79.2
747,跨部门沟通协作,2026-07-28,6,t,70.3
747,信息安全与合规培训,2026-08-12,8,f,97.4
747,销售技巧实战营,2026-07-01,8,t,
748,跨部门沟通协作,2026-05-20,8,t,64.4
748,管理力提升工作坊,2026-06-17,8,t,
748,管理力提升工作坊,2026-05-06,2,t,79.3
748,数据分析基础,2026-06-16,2,t,68.6
748,时间管理与效率提升,2026-05-19,3,t,93.1
748,信息安全与合规培训,2026-05-06,6,t,61.9
749,销售技巧实战营,2026-08-27,3,t,65.2
749,数据分析基础,2026-08-05,2,t,
749,跨部门沟通协作,2026-08-31,4,t,96.9
750,数据分析基础,2026-08-20,2,t,68.2
750,技术分享会,2026-08-24,6,t,66.8
750,时间管理与效率提升,2026-05-28,6,t,78.4
750,跨部门沟通协作,2026-07-27,2,t,90.5
751,时间管理与效率提升,2026-06-02,6,t,88.0
751,领导力发展计划,2026-06-03,4,t,83.3
751,销售技巧实战营,2026-08-31,8,t,93.1
751,时间管理与效率提升,2026-07-21,2,t,
752,时间管理与效率提升,2026-06-09,3,t,69.7
752,领导力发展计划,2026-06-24,8,t,88.1
753,跨部门沟通协作,2026-07-20,8,t,87.0
753,跨部门沟通协作,2026-06-19,6,t,98.0
753,跨部门沟通协作,2026-06-29,6,t,60.5
753,技术分享会,2026-05-12,4,t,84.5
754,新员工入职培训,2026-07-24,8,t,65.9
754,技术分享会,2026-06-19,4,t,93.7
755,销售技巧实战营,2026-06-24,8,t,
755,数据分析基础,2026-05-14,6,t,87.6
755,时间管理与效率提升,2026-08-11,3,t,
755,信息安全与合规培训,2026-06-30,3,f,67.5
755,领导力发展计划,2026-06-17,6,t,95.1
756,数据分析基础,2026-08-25,3,t,87.5
756,领导力发展计划,2026-08-05,2,t,90.3
756,技术分享会,2026-07-22,3,t,67.7
756,技术分享会,2026-08-07,4,t,95.7
756,新员工入职培训,2026-07-10,6,t,87.6
757,信息安全与合规培训,2026-06-09,4,t,91.4
757,时间管理与效率提升,2026-07-23,4,t,62.1
757,信息安全与合规培训,2026-07-24,4,t,66.4
758,技术分享会,2026-07-24,2,t,76.3
758,领导力发展计划,2026-07-23,3,t,74.0
758,销售技巧实战营,2026-06-22,3,t,66.9
758,信息安全与合规培训,2026-06-15,8,t,77.3
758,跨部门沟通协作,2026-07-20,4,f,
759,管理力提升工作坊,2026-07-17,4,t,88.6
759,销售技巧实战营,2026-06-29,8,t,92.9
760,技术分享会,2026-08-19,3,t,96.6
760,管理力提升工作坊,2026-08-03,8,t,
760,技术分享会,2026-07-24,3,t,90.4
760,技术分享会,2026-06-02,8,t,86.2
760,销售技巧实战营,2026-07-29,2,t,85.7
761,时间管理与效率提升,2026-08-20,3,t,92.1
761,信息安全与合规培训,2026-07-02,4,t,66.1
761,数据分析基础,2026-07-06,8,t,98.6
761,领导力发展计划,2026-07-09,6,t,70.1
761,管理力提升工作坊,2026-08-19,4,t,63.9
762,跨部门沟通协作,2026-06-17,3,t,95.8
762,管理力提升工作坊,2026-08-06,2,t,95.1
762,领导力发展计划,2026-08-21,2,t,
762,销售技巧实战营,2026-07-17,8,t,68.1
762,领导力发展计划,2026-08-03,8,t,86.7
762,数据分析基础,2026-08-28,3,t,85.6
763,时间管理与效率提升,2026-08-13,2,t,75.8
763,销售技巧实战营,2026-07-20,8,t,77.0
763,技术分享会,2026-06-16,2,t,80.4
764,领导力发展计划,2026-08-26,6,t,64.0
764,数据分析基础,2026-08-26,6,t,
764,管理力提升工作坊,2026-07-24,4,t,89.2
764,新员工入职培训,2026-07-27,6,f,
764,销售技巧实战营,2026-07-21,6,t,
765,新员工入职培训,2026-07-14,2,t,98.4
765,管理力提升工作坊,2026-07-01,2,t,86.7
766,跨部门沟通协作,2026-07-30,3,t,65.2
766,信息安全与合规培训,2026-08-19,2,t,86.3
766,信息安全与合规培训,2026-06-05,8,t,
766,技术分享会,2026-06-30,6,t,76.5
766,数据分析基础,2026-08-19,8,f,77.9
767,领导力发展计划,2026-07-30,3,t,93.9
767,技术分享会,2026-08-03,4,t,84.9
767,技术分享会,2026-08-18,8,t,87.9
767,数据分析基础,2026-07-31,3,t,
767,新员工入职培训,2026-07-07,2,t,76.4
767,信息安全与合规培训,2026-08-14,2,t,
768,领导力发展计划,2026-08-17,8,t,82.0
768,信息安全与合规培训,2026-08-25,8,t,
768,领导力发展计划,2026-07-24,2,t,66.9
768,时间管理与效率提升,2026-08-20,6,t,68.5
769,时间管理与效率提升,2026-07-14,2,f,98.7
769,销售技巧实战营,2026-07-21,3,t,79.7
769,技术分享会,2026-07-14,3,f,73.5
769,领导力发展计划,2026-07-24,2,t,
769,信息安全与合规培训,2026-08-03,8,t,
770,领导力发展计划,2026-07-29,6,t,64.5
770,销售技巧实战营,2026-08-25,3,f,69.8
770,技术分享会,2026-07-29,8,t,89.5
770,新员工入职培训,2026-08-10,8,t,82.3
770,新员工入职培训,2026-07-22,8,t,73.6
771,时间管理与效率提升,2026-08-25,4,t,76.5
771,管理力提升工作坊,2026-07-31,6,t,76.6
771,时间管理与效率提升,2026-08-12,2,t,71.1
772,跨部门沟通协作,2026-08-19,2,t,79.6
772,新员工入职培训,2026-07-30,3,t,
772,销售技巧实战营,2026-08-18,4,t,90.3
772,管理力提升工作坊,2026-08-21,6,f,85.1
772,销售技巧实战营,2026-08-13,3,f,94.2
773,领导力发展计划,2026-07-30,4,f,
773,管理力提升工作坊,2026-07-31,2,t,88.8
773,数据分析基础,2026-08-25,2,t,83.8
774,销售技巧实战营,2026-08-07,3,t,78.0
774,新员工入职培训,2026-08-24,2,f,61.8
774,销售技巧实战营,2026-08-17,4,t,
774,新员工入职培训,2026-08-27,3,t,
774,销售技巧实战营,2026-08-18,2,t,66.8
774,新员工入职培训,2026-08-20,8,t,86.5
775,信息安全与合规培训,2026-08-19,8,t,87.1
775,领导力发展计划,2026-08-13,2,t,78.1
776,数据分析基础,2026-08-18,3,f,83.5
776,信息安全与合规培训,2026-08-11,4,t,83.3
776,管理力提升工作坊,2026-08-13,4,t,82.8
776,领导力发展计划,2026-08-14,3,t,79.2
776,数据分析基础,2026-08-24,8,t,86.9
776,时间管理与效率提升,2026-08-17,4,t,96.7
777,信息安全与合规培训,2026-08-20,2,t,
777,销售技巧实战营,2026-08-05,3,t,74.3
777,新员工入职培训,2026-07-23,4,t,96.2
777,信息安全与合规培训,2026-07-23,2,t,83.9
777,跨部门沟通协作,2026-07-20,6,f,63.2
777,销售技巧实战营,2026-07-30,2,t,
778,管理力提升工作坊,2026-08-31,2,t,89.2
778,技术分享会,2026-08-21,6,t,70.5
778,信息安全与合规培训,2026-08-26,2,t,83.6
778,技术分享会,2026-08-25,2,t,
778,领导力发展计划,2026-08-25,6,t,
779,领导力发展计划,2026-08-27,3,t,90.5
779,信息安全与合规培训,2026-08-26,6,f,75.7
779,时间管理与效率提升,2026-08-28,8,f,80.8
779,管理力提升工作坊,2026-08-31,2,t,68.4
779,管理力提升工作坊,2026-08-31,4,t,74.4
780,领导力发展计划,2026-08-24,8,t,81.6
780,信息安全与合规培训,2026-08-21,6,t,
780,时间管理与效率提升,2026-08-31,4,t,89.4
780,跨部门沟通协作,2026-08-27,8,t,90.4
781,管理力提升工作坊,2026-08-10,8,t,63.8
781,销售技巧实战营,2026-08-13,3,t,88.1
782,数据分析基础,2026-08-26,8,t,65.6
782,跨部门沟通协作,2026-08-14,2,t,92.4
782,信息安全与合规培训,2026-08-13,6,f,92.0
783,跨部门沟通协作,2026-08-27,2,t,69.0
783,新员工入职培训,2026-08-27,2,t,93.4
784,领导力发展计划,2026-08-25,6,t,
784,技术分享会,2026-08-28,4,t,81.0
785,时间管理与效率提升,2026-08-24,3,t,76.8
785,管理力提升工作坊,2026-08-27,3,t,86.8
785,新员工入职培训,2026-08-28,6,t,75.3
785,数据分析基础,2026-08-26,2,t,83.5
785,管理力提升工作坊,2026-08-19,6,t,94.3
785,销售技巧实战营,2026-08-19,6,f,89.3
786,信息安全与合规培训,2026-08-17,6,f,90.8
786,新员工入职培训,2026-08-25,8,t,90.8
