name,gender,opening_id,source,stage,applied_at,expected_salary,hired_emp_id
苏梦琪,女,52,招聘网站,已入职,2022-12-18,15100,283
梁丽,女,52,内推,已入职,2022-12-31,13500,284
田敏,女,53,内推,已入职,2022-12-11,10500,285
邓佳怡,女,53,内推,已入职,2022-11-26,11500,286
宋雪,女,54,招聘网站,已入职,2022-12-25,21700,287
宋雪莲,女,54,内推,已入职,2022-11-29,24100,288
吕宇,男,54,校园招聘,已入职,2023-01-11,26300,289
朱娜,女,1,猎头,已入职,2023-01-12,10900,290
梁欣怡,女,1,内推,已入职,2022-12-24,16200,291
董晨,男,55,招聘网站,已入职,2023-01-16,13800,292
周明,男,2,校园招聘,已入职,2023-02-14,46600,293
韩俊,男,2,内推,已入职,2023-01-21,48900,294
董凯,男,2,内推,已入职,2023-02-12,47000,295
王海燕,女,5,招聘网站,已入职,2023-03-07,11100,296
林思琪,女,55,校园招聘,已入职,2023-02-26,14700,297
吴雪,女,55,校园招聘,已入职,2023-02-24,19100,298
韩浩,男,5,招聘网站,已入职,2023-02-15,9900,299
蒋海燕,女,56,招聘网站,已入职,2023-02-28,34600,300
曹建华,男,56,招聘网站,已入职,2023-01-23,34500,301
叶建国,男,56,招聘网站,已入职,2023-02-11,37400,302
徐军,男,57,招聘网站,已入职,2023-01-15,25800,303
李杰,男,57,内推,已入职,2023-02-11,20000,304
吴艳,女,58,内推,已入职,2023-02-03,27800,305
宋宇,男,59,招聘网站,已入职,2023-01-24,28400,306
张俊,男,59,招聘网站,已入职,2023-02-07,24200,307
梁斌,男,59,招聘网站,已入职,2023-01-29,26200,308
郑艳,女,60,招聘网站,已入职,2023-02-16,47400,309
梁凯,男,60,招聘网站,已入职,2023-02-04,56400,310
田磊,男,60,招聘网站,已入职,2023-02-10,49200,311
周俊,男,4,内推,已入职,2023-03-10,21200,312
张涛,男,3,校园招聘,已入职,2023-03-23,9900,313
许文博,男,8,内推,已入职,2023-03-28,9000,314
孙杰,男,3,猎头,已入职,2023-02-23,11100,315
黄思琪,女,7,内推,已入职,2023-04-02,11200,316
韩慧,女,3,猎头,已入职,2023-03-23,13200,317
胡宇,男,8,招聘网站,已入职,2023-03-29,10000,318
梁辉,男,61,内推,已入职,2023-03-19,8900,319
高娜,女,61,猎头,已入职,2023-03-30,10600,320
周欣怡,女,61,猎头,已入职,2023-03-13,10400,321
徐艳,女,62,猎头,已入职,2023-03-14,21400,322
杨子轩,男,62,猎头,已入职,2023-03-16,18700,323
叶波,男,63,猎头,已入职,2023-03-12,15400,324
王思琪,女,64,招聘网站,已入职,2023-03-29,14100,325
赵文博,男,64,招聘网站,已入职,2023-03-02,18200,326
苏静,女,64,猎头,已入职,2023-03-14,17300,327
胡雅静,女,65,招聘网站,已入职,2023-03-01,18900,328
赵磊,男,6,招聘网站,已入职,2023-04-14,14400,329
罗晓东,男,6,内推,已入职,2023-04-08,11800,330
刘诗涵,女,65,内推,已入职,2023-03-31,17700,331
徐凯,男,65,内推,已入职,2023-04-10,16400,332
赵涛,男,6,招聘网站,已入职,2023-04-27,13000,333
吴军,男,66,招聘网站,已入职,2023-04-13,28100,334
杨欣怡,女,66,招聘网站,已入职,2023-04-09,21000,335
马洋,男,66,招聘网站,已入职,2023-04-21,28500,336
郑莹,女,67,招聘网站,已入职,2023-03-25,9200,337
谢俊杰,男,67,招聘网站,已入职,2023-04-05,10600,338
韩晓雯,女,10,招聘网站,已入职,2023-05-26,20800,339
冯思琪,女,67,招聘网站,已入职,2023-04-27,8700,340
唐勇,男,68,招聘网站,已入职,2023-06-07,11200,341
梁慧,女,68,招聘网站,已入职,2023-06-07,11300,342
谢志强,男,68,招聘网站,已入职,2023-05-13,14100,343
谢宇,男,69,内推,已入职,2023-05-19,12300,344
蔡子轩,男,69,招聘网站,已入职,2023-05-18,11600,345
彭斌,男,70,校园招聘,已入职,2023-05-28,32500,346
邓思远,男,70,内推,已入职,2023-05-10,34500,347
袁强,男,9,猎头,已入职,2023-06-12,9400,348
林娟,女,71,招聘网站,已入职,2023-06-21,14600,349
苏玉,女,71,校园招聘,已入职,2023-06-20,14000,350
孙晓东,男,71,招聘网站,已入职,2023-06-18,10400,351
杨艳,女,72,内推,已入职,2023-05-21,22900,352
吕静,女,72,招聘网站,已入职,2023-07-04,20000,353
周诗涵,女,72,招聘网站,已入职,2023-06-12,19400,354
苏建华,男,73,猎头,已入职,2023-06-02,22600,355
蒋文博,男,74,内推,已入职,2023-07-07,13100,356
冯浩然,男,74,校园招聘,已入职,2023-05-30,14200,357
宋子轩,男,74,招聘网站,已入职,2023-08-02,11600,358
谢建国,男,11,招聘网站,已入职,2023-07-24,10400,359
肖梦琪,女,75,校园招聘,已入职,2023-07-03,40600,360
曹辉,男,75,内推,已入职,2023-07-17,33700,361
肖雪莲,女,75,招聘网站,已入职,2023-06-23,32000,362
梁晨,男,76,招聘网站,已入职,2023-07-17,15300,363
许磊,男,76,招聘网站,已入职,2023-06-28,13600,364
程凯,男,76,招聘网站,已入职,2023-07-18,14900,365
宋伟,男,77,招聘网站,已入职,2023-07-06,33200,366
黄敏,女,77,招聘网站,已入职,2023-08-13,37900,367
韩浩然,男,78,内推,已入职,2023-08-24,16000,368
冯涛,男,78,内推,已入职,2023-07-22,16700,369
谢娜,女,78,内推,已入职,2023-08-25,18000,370
杜磊,男,79,内推,已入职,2023-08-20,15800,371
宋军,男,79,校园招聘,已入职,2023-09-01,15600,372
邓明,男,80,招聘网站,已入职,2023-08-10,36600,373
郑俊杰,男,80,内推,已入职,2023-08-21,30100,374
罗芳,女,81,招聘网站,已入职,2023-08-13,13100,375
余静,女,81,内推,已入职,2023-08-15,12500,376
周建国,男,82,招聘网站,已入职,2023-08-06,34700,377
唐杰,男,82,招聘网站,已入职,2023-08-09,30100,378
曹勇,男,82,招聘网站,已入职,2023-08-21,34900,379
刘天宇,男,83,内推,已入职,2023-08-17,30400,380
梁天宇,男,84,招聘网站,已入职,2023-08-24,35000,381
梁雪莲,女,84,招聘网站,已入职,2023-08-11,38500,382
杨杰,男,84,校园招聘,已入职,2023-09-14,34700,383
王帆,男,12,校园招聘,已入职,2023-09-24,10200,384
吕雪,女,12,内推,已入职,2023-09-04,9000,385
唐建华,男,85,校园招聘,已入职,2023-09-23,9000,386
许丽,女,85,招聘网站,已入职,2023-10-03,10700,387
余晓雯,女,86,内推,已入职,2023-09-12,9400,388
苏浩,男,86,内推,已入职,2023-09-12,10900,389
谢梦琪,女,87,校园招聘,已入职,2023-09-07,9500,390
郑凯,男,87,校园招聘,已入职,2023-09-16,11200,391
郑静,女,88,招聘网站,已入职,2023-09-02,29200,392
朱凯,男,89,校园招聘,已入职,2023-09-04,9700,393
余梦琪,女,89,招聘网站,已入职,2023-09-17,8400,394
彭丽,女,90,招聘网站,已入职,2023-10-24,14200,395
梁明,男,91,校园招聘,已入职,2023-10-05,10600,396
陈雪,女,91,校园招聘,已入职,2023-10-13,12000,397
郭俊杰,男,92,招聘网站,已入职,2023-09-27,6800,398
梁雪,女,92,猎头,已入职,2023-09-24,6000,399
许强,男,93,招聘网站,已入职,2023-10-13,20400,400
邓娜,女,93,招聘网站,已入职,2023-10-07,20400,401
郭杰,男,94,招聘网站,已入职,2023-11-07,15900,402
唐晓燕,女,94,内推,已入职,2023-11-08,11800,403
邓雅静,女,94,校园招聘,已入职,2023-11-05,13100,404
曹芳,女,95,内推,已入职,2023-11-17,22800,405
韩佳怡,女,95,招聘网站,已入职,2023-11-01,23000,406
唐辉,男,95,猎头,已入职,2023-11-11,21000,407
李刚,男,96,内推,已入职,2023-10-27,19800,408
肖浩然,男,96,猎头,已入职,2023-10-24,21900,409
杨宇,男,96,校园招聘,已入职,2023-11-01,18200,410
邓辉,男,97,内推,已入职,2023-11-11,19100,411
何思远,男,97,内推,已入职,2023-11-06,24300,412
田艳,女,14,招聘网站,已入职,2023-12-07,38400,413
吴雅静,女,97,校园招聘,已入职,2024-01-01,18800,414
彭慧,女,13,校园招聘,已入职,2023-11-25,16700,415
杨丽,女,13,招聘网站,已入职,2023-11-27,16800,416
冯晓雯,女,13,内推,已入职,2023-12-09,18300,417
吕婷,女,98,招聘网站,已入职,2023-12-05,11900,418
林慧,女,15,校园招聘,已入职,2024-01-26,34100,419
王建华,男,98,内推,已入职,2024-01-17,9900,420
杜雪,女,15,猎头,已入职,2024-01-03,33900,421
高辉,男,15,内推,已入职,2024-01-23,37700,422
余天宇,男,18,猎头,已入职,2024-01-19,15300,423
程浩然,男,16,内推,已入职,2024-02-17,25100,424
李建国,男,18,内推,已入职,2024-02-14,12200,425
谢凯,男,17,招聘网站,已入职,2024-01-31,23600,426
田思琪,女,16,招聘网站,已入职,2024-02-21,19300,427
彭琳,女,16,招聘网站,已入职,2024-02-10,23200,428
徐俊,男,99,内推,已入职,2024-02-09,9000,429
魏雅静,女,100,校园招聘,已入职,2024-01-29,13300,430
彭娟,女,101,招聘网站,已入职,2024-02-04,19600,431
邓梦琪,女,101,招聘网站,已入职,2024-02-16,24200,432
梁浩然,男,101,招聘网站,已入职,2024-02-13,22700,433
郑刚,男,102,内推,已入职,2024-02-11,16800,434
冯斌,男,102,猎头,已入职,2024-01-29,12000,435
王颖,女,103,招聘网站,已入职,2024-01-30,27400,436
袁莹,女,103,招聘网站,已入职,2024-01-31,20900,437
黄浩然,男,103,校园招聘,已入职,2024-02-07,26900,438
韩芳,女,104,招聘网站,已入职,2024-02-27,10300,439
蒋俊,男,104,校园招聘,已入职,2024-02-06,10300,440
许晓东,男,105,校园招聘,已入职,2024-01-24,24600,441
曾诗涵,女,105,内推,已入职,2024-03-26,27400,442
罗文博,男,19,招聘网站,已入职,2024-03-02,23600,443
胡洋,男,106,招聘网站,已入职,2024-03-11,18100,444
孙俊杰,男,106,校园招聘,已入职,2024-03-16,14900,445
高晓燕,女,107,内推,已入职,2024-03-22,16100,446
赵诗涵,女,107,校园招聘,已入职,2024-03-20,10900,447
余思琪,女,108,内推,已入职,2024-02-28,14600,448
李晓雯,女,108,内推,已入职,2024-03-15,13200,449
杜辉,男,109,招聘网站,已入职,2024-03-18,6700,450
宋诗涵,女,109,招聘网站,已入职,2024-03-09,6000,451
潘诗涵,女,110,内推,已入职,2024-03-15,15700,452
唐芳,女,110,内推,已入职,2024-03-20,13500,453
郑思远,男,110,内推,已入职,2024-03-13,12100,454
朱军,男,111,校园招聘,已入职,2024-02-18,13200,455
郑娟,女,112,内推,已入职,2024-03-20,39300,456
朱波,男,112,招聘网站,已入职,2024-03-05,51400,457
蒋建华,男,112,招聘网站,已入职,2024-03-13,44300,458
吴颖,女,113,招聘网站,已入职,2024-03-06,19300,459
赵志强,男,113,招聘网站,已入职,2024-03-11,22500,460
高雪莲,女,113,招聘网站,已入职,2024-05-07,26300,461
吕丽,女,114,招聘网站,已入职,2024-04-18,47500,462
郭玉,女,114,猎头,已入职,2024-03-30,47400,463
赵浩,男,114,猎头,已入职,2024-04-04,42600,464
杜梦琪,女,115,招聘网站,已入职,2024-04-10,7900,465
魏俊杰,男,115,校园招聘,已入职,2024-03-31,7800,466
刘辉,男,116,招聘网站,已入职,2024-04-18,12500,467
唐艳,女,116,招聘网站,已入职,2024-03-26,13800,468
罗晨,男,117,招聘网站,已入职,2024-04-09,10400,469
田凯,男,20,招聘网站,已入职,2024-05-20,19100,470
蒋涛,男,21,猎头,已入职,2024-05-13,24100,471
曾莹,女,20,猎头,已入职,2024-05-26,19700,472
郭海燕,女,21,猎头,已入职,2024-05-16,25200,473
田雪,女,118,内推,已入职,2024-04-26,13900,474
邓晓雯,女,118,校园招聘,已入职,2024-04-29,14600,475
宋洋,男,119,内推,已入职,2024-05-22,6000,476
余玉,女,120,招聘网站,已入职,2024-04-20,36100,477
张思远,男,120,内推,已入职,2024-05-14,38100,478
吕佳怡,女,121,招聘网站,已入职,2024-05-10,19100,479
吕晓雯,女,121,招聘网站,已入职,2024-06-16,16100,480
张晓燕,女,122,内推,已入职,2024-06-24,12900,481
周天宇,男,123,内推,已入职,2024-06-08,14200,482
宋涛,男,123,内推,已入职,2024-06-09,19000,483
郑浩然,男,123,招聘网站,已入职,2024-05-27,17700,484
孙雪,女,124,校园招聘,已入职,2024-06-01,22900,485
朱慧,女,124,校园招聘,已入职,2024-06-18,23400,486
周雪莲,女,124,内推,已入职,2024-07-29,19300,487
郑慧,女,125,猎头,已入职,2024-07-09,9800,488
李慧,女,126,招聘网站,已入职,2024-07-02,10300,489
吴建华,男,126,猎头,已入职,2024-07-27,8800,490
吕磊,男,126,内推,已入职,2024-06-21,11700,491
郑建国,男,127,校园招聘,已入职,2024-07-13,13300,492
魏磊,男,127,招聘网站,已入职,2024-07-07,16400,493
曹俊,男,127,内推,已入职,2024-07-11,15400,494
徐帆,男,128,校园招聘,已入职,2024-07-15,24700,495
彭敏,女,22,内推,已入职,2024-08-03,10500,496
杨梦琪,女,23,招聘网站,已入职,2024-08-03,28000,497
赵慧,女,128,猎头,已入职,2024-07-22,29200,498
马俊杰,男,23,招聘网站,已入职,2024-08-28,22000,499
曾敏,女,23,校园招聘,已入职,2024-08-18,21900,500
吴宇,男,129,招聘网站,已入职,2024-08-10,15400,501
马建国,男,129,招聘网站,已入职,2024-08-18,12100,502
李波,男,130,内推,已入职,2024-08-23,23200,503
宋杰,男,130,招聘网站,已入职,2024-08-14,22300,504
许浩然,男,131,招聘网站,已入职,2024-08-14,22300,505
吕雅静,女,131,内推,已入职,2024-08-06,18900,506
邓诗涵,女,132,招聘网站,已入职,2024-08-14,17000,507
魏晓雯,女,132,猎头,已入职,2024-08-07,16700,508
黄晓东,男,133,内推,已入职,2024-08-30,13700,509
李斌,男,133,猎头,已入职,2024-07-23,15900,510
高浩,男,26,猎头,已入职,2024-09-21,9100,511
赵浩然,男,25,内推,已入职,2024-09-12,12100,512
黄莹,女,25,招聘网站,已入职,2024-09-10,13500,513
赵欣怡,女,26,内推,已入职,2024-09-07,8800,514
吴文博,男,24,招聘网站,已入职,2024-09-10,11300,515
杜娜,女,24,内推,已入职,2024-09-02,12600,516
杨俊杰,男,134,招聘网站,已入职,2024-09-23,12800,517
苏慧,女,134,内推,已入职,2024-08-29,11900,518
唐晓东,男,134,招聘网站,已入职,2024-09-05,9900,519
刘伟,男,135,内推,已入职,2024-08-31,17700,520
赵静,女,135,内推,已入职,2024-09-11,15000,521
曾宇,男,136,招聘网站,已入职,2024-08-28,25600,522
谢刚,男,136,招聘网站,已入职,2024-09-18,24200,523
孙涛,男,137,招聘网站,已入职,2024-10-18,10900,524
孙琳,女,137,猎头,已入职,2024-10-29,12500,525
许欣怡,女,138,招聘网站,已入职,2024-10-04,22300,526
蔡建华,男,139,猎头,已入职,2024-11-01,27200,527
罗刚,男,139,校园招聘,已入职,2024-10-07,25800,528
肖娟,女,139,招聘网站,已入职,2024-10-06,27900,529
陈勇,男,140,校园招聘,已入职,2024-10-25,31000,530
郭琳,女,140,猎头,已入职,2024-10-06,28700,531
高敏,女,28,内推,已入职,2024-11-22,22200,532
唐文博,男,29,内推,已入职,2024-11-11,9800,533
杨娟,女,29,招聘网站,已入职,2024-11-09,13600,534
高慧,女,28,招聘网站,已入职,2024-11-25,21700,535
朱雨欣,女,27,招聘网站,已入职,2024-11-25,14600,536
吴涛,男,27,招聘网站,已入职,2024-11-07,19000,537
蔡浩,男,27,招聘网站,已入职,2024-11-10,16300,538
陈建华,男,141,猎头,已入职,2024-11-20,25000,539
彭芳,女,31,内推,已入职,2024-11-19,24300,540
赵宇,男,31,猎头,已入职,2024-12-09,22600,541
冯静,女,31,猎头,已入职,2024-12-03,25000,542
黄晨,男,142,招聘网站,已入职,2024-12-11,19100,543
陈梦琪,女,142,招聘网站,已入职,2024-12-12,20700,544
潘晓燕,女,142,校园招聘,已入职,2024-12-08,20600,545
李雨欣,女,143,内推,已入职,2024-12-19,21700,546
赵健,男,144,招聘网站,已入职,2024-12-12,12400,547
邓洋,男,30,内推,已入职,2025-01-10,15600,548
赵天宇,男,144,招聘网站,已入职,2025-01-13,12600,549
何俊杰,男,144,内推,已入职,2025-01-15,14000,550
林凯,男,145,内推,已入职,2025-01-09,11700,551
朱艳,女,32,招聘网站,已入职,2025-02-11,10800,552
肖晓燕,女,32,内推,已入职,2025-01-25,10900,553
冯丽,女,146,招聘网站,已入职,2025-02-27,16500,554
徐海燕,女,146,招聘网站,已入职,2025-01-27,14900,555
许佳怡,女,146,招聘网站,已入职,2025-01-30,18600,556
杜浩,男,147,内推,已入职,2025-02-01,27200,557
谢颖,女,148,招聘网站,已入职,2025-03-02,11700,558
田斌,男,149,招聘网站,已入职,2025-02-23,9800,559
刘斌,男,150,猎头,已入职,2025-02-16,37100,560
许晨,男,150,招聘网站,已入职,2025-02-12,29600,561
张娜,女,150,招聘网站,已入职,2025-02-15,35600,562
梁娟,女,151,招聘网站,已入职,2025-01-22,11200,563
胡娟,女,152,校园招聘,已入职,2025-03-06,15200,564
彭子轩,男,152,猎头,已入职,2025-02-25,15300,565
肖丽,女,153,内推,已入职,2025-02-01,30800,566
朱刚,男,154,招聘网站,已入职,2025-01-25,10400,567
高天宇,男,155,招聘网站,已入职,2025-01-18,12800,568
邓雪,女,155,招聘网站,已入职,2025-02-28,12100,569
肖天宇,男,155,招聘网站,已入职,2025-02-14,14300,570
胡辉,男,156,招聘网站,已入职,2025-02-14,12800,571
谢莹,女,157,招聘网站,已入职,2025-03-01,11000,572
胡伟,男,157,内推,已入职,2025-03-09,13500,573
曹莹,女,157,猎头,已入职,2025-03-21,14000,574
曾雅静,女,33,招聘网站,已入职,2025-03-17,25900,575
杨俊,男,33,内推,已入职,2025-03-29,23900,576
张晓东,男,158,内推,已入职,2025-03-11,9400,577
梁雅静,女,159,校园招聘,已入职,2025-03-02,24300,578
许宇,男,160,猎头,已入职,2025-03-15,32300,579
曹诗涵,女,161,招聘网站,已入职,2025-04-01,13000,580
潘佳怡,女,162,内推,已入职,2025-03-27,9900,581
程雪莲,女,162,招聘网站,已入职,2025-03-15,10900,582
唐玉,女,162,猎头,已入职,2025-03-29,11800,583
徐斌,男,163,内推,已入职,2025-03-15,16400,584
潘辉,男,163,内推,已入职,2025-03-19,15400,585
朱志强,男,164,内推,已入职,2025-02-24,8100,586
田雨欣,女,164,招聘网站,已入职,2025-03-08,7600,587
程斌,男,165,招聘网站,已入职,2025-03-29,12000,588
王辉,男,166,招聘网站,已入职,2025-03-27,26100,589
王洋,男,166,招聘网站,已入职,2025-03-13,30100,590
曾勇,男,166,内推,已入职,2025-03-24,25600,591
程浩,男,34,内推,已入职,2025-04-13,13300,592
蔡敏,女,167,招聘网站,已入职,2025-04-19,7100,593
邓晨,男,168,校园招聘,已入职,2025-04-18,13500,594
宋健,男,168,猎头,已入职,2025-04-06,16100,595
林波,男,169,内推,已入职,2025-04-14,34800,596
马思远,男,169,内推,已入职,2025-04-12,38500,597
吴志强,男,170,招聘网站,已入职,2025-03-23,26000,598
潘浩然,男,170,招聘网站,已入职,2025-04-24,19300,599
蔡雨欣,女,170,校园招聘,已入职,2025-04-14,18900,600
蔡伟,男,171,招聘网站,已入职,2025-04-18,11700,601
蔡思琪,女,171,猎头,已入职,2025-04-20,13100,602
冯宇,男,35,内推,已入职,2025-06-07,22500,603
许勇,男,35,内推,已入职,2025-05-09,18300,604
吴俊杰,男,172,校园招聘,已入职,2025-06-03,16800,605
郑琳,女,172,招聘网站,已入职,2025-05-02,17000,606
周艳,女,172,招聘网站,已入职,2025-05-12,20300,607
董娜,女,173,内推,已入职,2025-05-04,28400,608
陈欣怡,女,173,校园招聘,已入职,2025-05-29,31100,609
肖雨欣,女,174,招聘网站,已入职,2025-05-10,20400,610
叶琳,女,174,内推,已入职,2025-06-23,23800,611
黄健,男,175,内推,已入职,2025-06-24,17200,612
陈杰,男,175,校园招聘,已入职,2025-06-28,17200,613
叶强,男,176,校园招聘,已入职,2025-05-23,41200,614
郑海燕,女,177,内推,已入职,2025-06-23,7300,615
唐晓雯,女,178,内推,已入职,2025-06-30,13900,616
蔡斌,男,178,内推,已入职,2025-06-15,19300,617
胡艳,女,178,猎头,已入职,2025-06-07,17300,618
彭俊杰,男,179,招聘网站,已入职,2025-06-30,32100,619
杨勇,男,38,招聘网站,已入职,2025-07-20,13600,620
谢晓东,男,36,招聘网站,已入职,2025-07-26,8400,621
吕俊,男,179,招聘网站,已入职,2025-06-30,34400,622
陈海燕,女,38,猎头,已入职,2025-07-26,15900,623
肖波,男,38,招聘网站,已入职,2025-07-20,16000,624
赵丽,女,37,招聘网站,已入职,2025-07-01,22500,625
胡晓燕,女,180,招聘网站,已入职,2025-07-14,6100,626
唐雪莲,女,180,招聘网站,已入职,2025-07-13,5500,627
刘雨欣,女,180,招聘网站,已入职,2025-07-13,7700,628
杨磊,男,181,内推,已入职,2025-07-02,9900,629
王宇,男,181,内推,已入职,2025-07-26,10600,630
杜宇,男,40,招聘网站,已入职,2025-08-22,46700,631
蒋俊杰,男,40,招聘网站,已入职,2025-08-10,47700,632
吕晓燕,女,182,内推,已入职,2025-08-07,40700,633
郭敏,女,182,内推,已入职,2025-08-06,41100,634
冯凯,男,183,招聘网站,已入职,2025-09-06,8500,635
彭艳,女,184,猎头,已入职,2025-08-15,33600,636
周莹,女,184,招聘网站,已入职,2025-08-28,37100,637
林俊杰,男,184,内推,已入职,2025-08-02,32600,638
吕雪莲,女,185,招聘网站,已入职,2025-08-29,52300,639
朱文博,男,186,猎头,已入职,2025-09-05,16300,640
陈娟,女,186,内推,已入职,2025-08-25,12600,641
余娜,女,186,校园招聘,已入职,2025-08-10,13000,642
袁慧,女,187,招聘网站,已入职,2025-07-23,13000,643
胡波,男,188,招聘网站,已入职,2025-09-02,5600,644
梁诗涵,女,188,校园招聘,已入职,2025-08-12,7100,645
潘伟,男,189,内推,已入职,2025-08-23,13100,646
曹晓雯,女,189,校园招聘,已入职,2025-08-10,13100,647
吴娜,女,189,猎头,已入职,2025-08-14,10300,648
杜雅静,女,190,内推,已入职,2025-09-09,23500,649
邓俊,男,190,招聘网站,已入职,2025-08-08,25800,650
唐健,男,190,内推,已入职,2025-08-11,18800,651
冯健,男,39,校园招聘,已入职,2025-09-20,9500,652
周军,男,41,招聘网站,已入职,2025-09-17,13400,653
孙婷,女,42,招聘网站,已入职,2025-09-23,22600,654
吕天宇,男,42,猎头,已入职,2025-09-10,24200,655
周辉,男,191,猎头,已入职,2025-09-15,14400,656
朱晓雯,女,192,猎头,已入职,2025-09-11,14300,657
魏子轩,男,193,校园招聘,已入职,2025-08-27,8300,658
杜晓雯,女,193,招聘网站,已入职,2025-09-13,11800,659
朱诗涵,女,193,招聘网站,已入职,2025-08-17,10900,660
苏建国,男,194,猎头,已入职,2025-09-10,30800,661
唐娟,女,195,内推,已入职,2025-09-23,9500,662
徐思远,男,196,猎头,已入职,2025-10-09,34700,663
叶静,女,196,招聘网站,已入职,2025-09-11,32100,664
唐敏,女,196,招聘网站,已入职,2025-09-11,36300,665
徐明,男,197,校园招聘,已入职,2025-09-11,16600,666
唐浩然,男,198,猎头,已入职,2025-09-06,8300,667
赵凯,男,198,内推,已入职,2025-10-01,7700,668
唐婷,女,198,招聘网站,已入职,2025-11-05,6200,669
曹明,男,199,招聘网站,已入职,2025-10-05,12700,670
许晓燕,女,199,校园招聘,已入职,2025-10-21,12400,671
王天宇,男,200,猎头,已入职,2025-10-16,42100,672
余涛,男,200,招聘网站,已入职,2025-10-15,42400,673
董浩,男,201,招聘网站,已入职,2025-10-16,12700,674
叶辉,男,201,猎头,已入职,2025-10-14,14300,675
潘晨,男,201,校园招聘,已入职,2025-10-11,13200,676
王俊,男,202,校园招聘,已入职,2025-10-14,21500,677
吕勇,男,203,校园招聘,已入职,2025-09-26,11700,678
魏帆,男,203,招聘网站,已入职,2025-10-13,10400,679
曹宇,男,43,内推,已入职,2025-10-24,10200,680
孙勇,男,203,内推,已入职,2025-11-13,12400,681
罗波,男,44,招聘网站,已入职,2025-11-18,23200,682
蒋志强,男,43,招聘网站,已入职,2025-11-20,9900,683
周凯,男,43,招聘网站,已入职,2025-11-16,11700,684
叶磊,男,204,内推,已入职,2025-11-30,10400,685
魏芳,女,204,内推,已入职,2025-11-24,10900,686
马勇,男,204,内推,已入职,2025-11-03,10300,687
苏志强,男,205,内推,已入职,2025-12-04,18600,688
曹建国,男,206,招聘网站,已入职,2025-11-07,19900,689
周浩然,男,207,招聘网站,已入职,2025-12-04,14900,690
徐芳,女,207,招聘网站,已入职,2025-12-17,16600,691
董玉,女,207,猎头,已入职,2025-11-30,18500,692
邓凯,男,208,招聘网站,已入职,2025-12-16,5500,693
罗辉,男,209,内推,已入职,2025-12-01,8800,694
张颖,女,209,招聘网站,已入职,2025-12-19,11800,695
谢健,男,209,招聘网站,已入职,2025-12-14,9300,696
林浩然,男,210,招聘网站,已入职,2025-12-12,50000,697
曾波,男,210,招聘网站,已入职,2025-12-26,45300,698
陈晓雯,女,210,猎头,已入职,2026-01-30,56600,699
刘宇,男,211,校园招聘,已入职,2026-01-28,21200,700
胡帆,男,211,招聘网站,已入职,2026-01-20,20000,701
韩颖,女,212,校园招聘,已入职,2026-02-01,14300,702
冯雪,女,213,校园招聘,已入职,2026-01-13,9700,703
程海燕,女,213,猎头,已入职,2026-02-13,11400,704
高梦琪,女,213,招聘网站,已入职,2026-02-06,12600,705
余雨欣,女,214,校园招聘,已入职,2026-02-23,6200,706
董诗涵,女,214,内推,已入职,2026-02-04,6800,707
郑强,男,215,校园招聘,已入职,2026-02-23,9600,708
冯敏,女,215,招聘网站,已入职,2026-02-12,10700,709
韩建国,男,215,招聘网站,已入职,2026-01-29,8600,710
曾明,男,216,内推,已入职,2026-02-07,16500,711
孙梦琪,女,216,招聘网站,已入职,2026-02-09,16500,712
肖建国,男,217,招聘网站,已入职,2026-03-01,29000,713
许洋,男,217,招聘网站,已入职,2026-02-01,25800,714
杜思远,男,218,内推,已入职,2026-01-18,16000,715
田明,男,219,内推,已入职,2026-02-20,19900,716
袁芳,女,219,内推,已入职,2026-01-30,19900,717
徐浩,男,220,猎头,已入职,2026-02-12,32900,718
高雅静,女,220,校园招聘,已入职,2026-01-23,36900,719
张洋,男,220,内推,已入职,2026-02-03,35000,720
潘敏,女,221,校园招聘,已入职,2026-03-03,18000,721
孙洋,男,222,猎头,已入职,2026-02-18,19500,722
王伟,男,223,招聘网站,已入职,2026-02-18,21400,723
唐琳,女,223,内推,已入职,2026-03-07,25900,724
朱辉,男,223,猎头,已入职,2026-02-04,21600,725
周玉,女,224,内推,已入职,2026-02-01,40100,726
魏明,男,224,校园招聘,已入职,2026-02-04,37400,727
杜莹,女,224,内推,已入职,2026-03-10,36600,728
杨辉,男,47,内推,已入职,2026-03-23,12000,729
周丽,女,45,招聘网站,已入职,2026-04-02,12400,730
吴琳,女,45,招聘网站,已入职,2026-04-01,11800,731
董欣怡,女,45,内推,已入职,2026-03-09,10200,732
程志强,男,225,招聘网站,已入职,2026-03-08,7600,733
林强,男,226,校园招聘,已入职,2026-03-25,10300,734
田勇,男,227,猎头,已入职,2026-04-04,6800,735
蔡佳怡,女,227,校园招聘,已入职,2026-03-20,6800,736
孙娜,女,227,校园招聘,已入职,2026-03-15,6600,737
王杰,男,228,内推,已入职,2026-04-07,13100,738
唐雨欣,女,228,猎头,已入职,2026-03-16,12400,739
赵洋,男,229,招聘网站,已入职,2026-03-31,12800,740
李俊,男,230,内推,已入职,2026-03-11,13700,741
许思琪,女,230,招聘网站,已入职,2026-03-20,16300,742
吴杰,男,230,校园招聘,已入职,2026-03-15,15200,743
邓莹,女,231,校园招聘,已入职,2026-02-24,20800,744
朱勇,男,231,内推,已入职,2026-03-28,22100,745
蔡文博,男,231,猎头,已入职,2026-03-22,20900,746
张慧,女,46,招聘网站,已入职,2026-04-18,10400,747
吴俊,男,48,猎头,已入职,2026-03-23,10800,748
何海燕,女,49,猎头,已入职,2026-04-20,31800,749
高琳,女,48,招聘网站,已入职,2026-04-03,9700,750
魏娟,女,46,内推,已入职,2026-04-17,12500,751
梁建国,男,49,招聘网站,已入职,2026-04-26,37600,752
苏涛,男,232,内推,已入职,2026-04-07,32800,753
徐俊杰,男,233,内推,已入职,2026-04-10,35300,754
何子轩,男,233,猎头,已入职,2026-04-12,35400,755
谢雅静,女,234,招聘网站,已入职,2026-05-30,7900,756
程佳怡,女,235,招聘网站,已入职,2026-04-22,16200,757
王斌,男,235,校园招聘,已入职,2026-05-16,15900,758
田丽,女,236,招聘网站,已入职,2026-05-06,8700,759
赵芳,女,237,招聘网站,已入职,2026-04-18,34500,760
孙海燕,女,237,校园招聘,已入职,2026-05-26,37300,761
马梦琪,女,237,校园招聘,已入职,2026-05-09,30600,762
林娜,女,238,内推,已入职,2026-04-30,9900,763
唐磊,男,238,招聘网站,已入职,2026-05-22,12600,764
潘玉,女,239,内推,已入职,2026-05-26,15800,765
彭晓燕,女,239,招聘网站,已入职,2026-04-19,14200,766
苏雪莲,女,240,内推,已入职,2026-05-28,19900,767
袁欣怡,女,240,校园招聘,已入职,2026-06-18,15000,768
杨思琪,女,240,猎头,已入职,2026-06-14,16200,769
苏思琪,女,241,校园招聘,已入职,2026-06-28,10200,770
邓建国,男,241,内推,已入职,2026-06-09,8300,771
孙子轩,男,242,招聘网站,已入职,2026-06-19,16000,772
孙佳怡,女,243,招聘网站,已入职,2026-06-18,13600,773
唐子轩,男,243,猎头,已入职,2026-07-09,10600,774
吕凯,男,243,招聘网站,已入职,2026-06-03,11300,775
唐娜,女,244,内推,已入职,2026-06-28,14300,776
何宇,男,245,内推,已入职,2026-06-08,16600,777
程琳,女,245,校园招聘,已入职,2026-07-22,15300,778
梁晓东,男,246,内推,已入职,2026-07-19,16500,779
叶雅静,女,247,招聘网站,已入职,2026-07-07,18800,780
周晓雯,女,247,招聘网站,已入职,2026-07-02,22300,781
彭莹,女,248,招聘网站,已入职,2026-06-24,18300,782
黄颖,女,248,校园招聘,已入职,2026-07-23,15100,783
李思琪,女,248,内推,已入职,2026-07-11,16000,784
刘艳,女,249,招聘网站,已入职,2026-07-15,10000,785
杨敏,女,249,内推,已入职,2026-07-24,12400,786
梁浩,男,1,内推,已淘汰,2023-01-26,11900,
赵晨,男,1,招聘网站,已淘汰,2023-01-14,11100,
彭浩然,男,2,内推,已淘汰,2023-02-09,48500,
彭志强,男,2,招聘网站,已淘汰,2023-02-21,54200,
吴佳怡,女,2,校园招聘,已淘汰,2023-02-20,41300,
余凯,男,3,招聘网站,已淘汰,2023-03-15,9700,
唐明,男,3,内推,已淘汰,2023-03-17,10500,
王婷,女,4,内推,已淘汰,2023-03-10,16600,
高芳,女,4,内推,已淘汰,2023-02-22,20300,
唐梦琪,女,4,招聘网站,已淘汰,2023-03-06,19100,
许玉,女,4,内推,已淘汰,2023-03-04,23000,
杜明,男,5,招聘网站,已淘汰,2023-02-18,8100,
张凯,男,5,内推,已淘汰,2023-02-05,8800,
李海燕,女,6,招聘网站,已淘汰,2023-04-02,10200,
袁俊,男,6,招聘网站,已淘汰,2023-04-12,11300,
孙玉,女,6,内推,已淘汰,2023-04-16,12700,
曾思远,男,7,招聘网站,已淘汰,2023-03-28,12800,
吴娟,女,7,招聘网站,已淘汰,2023-04-03,15400,
梁琳,女,7,招聘网站,已淘汰,2023-03-23,11600,
唐刚,男,7,招聘网站,已淘汰,2023-03-31,14100,
许健,男,7,内推,已淘汰,2023-03-23,11900,
苏明,男,8,招聘网站,已淘汰,2023-03-31,10000,
吴慧,女,8,招聘网站,已淘汰,2023-03-19,9100,
韩天宇,男,8,校园招聘,已淘汰,2023-03-30,9100,
陈刚,男,8,校园招聘,拒绝offer,2023-04-10,11900,
杨明,男,9,招聘网站,已淘汰,2023-06-17,8900,
孙斌,男,9,招聘网站,已淘汰,2023-06-05,9500,
何娟,女,9,猎头,已淘汰,2023-06-03,13100,
魏颖,女,9,招聘网站,已淘汰,2023-06-05,13100,
曹军,男,9,招聘网站,已淘汰,2023-05-26,12000,
高晓雯,女,10,招聘网站,已淘汰,2023-05-28,15600,
马天宇,男,10,招聘网站,已淘汰,2023-05-14,18300,
许浩,男,10,校园招聘,已淘汰,2023-06-01,16700,
郭志强,男,10,招聘网站,已淘汰,2023-06-04,19900,
郭芳,女,10,猎头,已淘汰,2023-05-13,14900,
冯帆,男,10,内推,已淘汰,2023-05-11,15500,
朱思琪,女,11,内推,已淘汰,2023-07-19,10600,
孙欣怡,女,11,校园招聘,已淘汰,2023-07-09,9500,
曹玉,女,11,招聘网站,拒绝offer,2023-07-12,10800,
余思远,男,12,猎头,已淘汰,2023-09-21,9100,
郭浩然,男,12,内推,已淘汰,2023-09-16,10700,
余杰,男,12,内推,已淘汰,2023-09-06,11700,
高帆,男,12,招聘网站,已淘汰,2023-09-15,10800,
彭颖,女,13,猎头,已淘汰,2023-11-23,18900,
吴天宇,男,13,招聘网站,已淘汰,2023-12-01,19300,
蒋晨,男,13,内推,已淘汰,2023-12-06,17000,
罗涛,男,14,内推,已淘汰,2023-12-26,29500,
曾雪莲,女,14,招聘网站,拒绝offer,2023-12-17,30200,
张健,男,15,招聘网站,已淘汰,2024-01-19,31000,
朱浩,男,15,招聘网站,已淘汰,2024-01-21,30400,
肖建华,男,16,招聘网站,已淘汰,2024-01-29,23500,
吕波,男,16,猎头,已淘汰,2024-01-20,19200,
彭建华,男,17,猎头,已淘汰,2024-02-19,22400,
袁思远,男,17,内推,已淘汰,2024-02-12,26000,
郭晓雯,女,17,招聘网站,已淘汰,2024-01-30,24900,
许雪,女,17,校园招聘,已淘汰,2024-02-10,24300,
叶凯,男,18,内推,已淘汰,2024-02-11,14000,
袁浩然,男,18,招聘网站,已淘汰,2024-02-19,14300,
陈斌,男,18,招聘网站,已淘汰,2024-02-09,15100,
郑晓东,男,18,招聘网站,已淘汰,2024-02-19,16100,
冯慧,女,18,内推,已淘汰,2024-02-26,11700,
唐军,男,18,内推,已淘汰,2024-02-19,11800,
陈思琪,女,19,校园招聘,已淘汰,2024-03-07,22600,
胡雪,女,19,内推,拒绝offer,2024-03-07,27600,
苏思远,男,19,校园招聘,已淘汰,2024-03-04,22900,
吕思远,男,19,招聘网站,拒绝offer,2024-03-08,25900,
许俊杰,男,19,招聘网站,已淘汰,2024-03-10,26000,
田洋,男,19,校园招聘,已淘汰,2024-03-06,22800,
梁思琪,女,20,招聘网站,已淘汰,2024-05-13,18800,
苏磊,男,20,校园招聘,已淘汰,2024-05-09,14800,
许慧,女,20,招聘网站,已淘汰,2024-05-11,19700,
肖莹,女,20,招聘网站,已淘汰,2024-05-01,17400,
魏欣怡,女,20,内推,已淘汰,2024-05-18,13500,
许静,女,20,内推,已淘汰,2024-05-07,16900,
王军,男,21,招聘网站,已淘汰,2024-05-13,21100,
韩斌,男,21,招聘网站,已淘汰,2024-05-15,23800,
谢天宇,男,21,招聘网站,已淘汰,2024-05-13,18900,
刘健,男,22,招聘网站,已淘汰,2024-08-01,10100,
谢敏,女,22,招聘网站,已淘汰,2024-08-06,10200,
何文博,男,22,招聘网站,已淘汰,2024-07-28,8800,
罗伟,男,22,内推,已淘汰,2024-08-12,12500,
李宇,男,23,猎头,拒绝offer,2024-08-12,27500,
邓芳,女,23,校园招聘,已淘汰,2024-07-27,24000,
林洋,男,23,校园招聘,已淘汰,2024-08-14,24900,
刘浩,男,24,招聘网站,已淘汰,2024-10-08,14100,
林志强,男,24,内推,已淘汰,2024-10-02,12500,
蒋雨欣,女,25,招聘网站,已淘汰,2024-09-16,16100,
潘雪,女,25,内推,已淘汰,2024-09-21,13100,
唐建国,男,26,招聘网站,已淘汰,2024-09-19,9400,
曾子轩,男,26,招聘网站,已淘汰,2024-09-10,9100,
蔡晓东,男,26,招聘网站,已淘汰,2024-09-10,10600,
吕晨,男,26,招聘网站,已淘汰,2024-09-23,8800,
田海燕,女,27,校园招聘,已淘汰,2024-10-26,14600,
马文博,男,27,招聘网站,已淘汰,2024-11-12,14000,
罗欣怡,女,28,招聘网站,已淘汰,2024-11-12,21200,
陈宇,男,28,校园招聘,已淘汰,2024-10-25,24400,
王梦琪,女,28,招聘网站,已淘汰,2024-11-12,24300,
田玉,女,28,招聘网站,已淘汰,2024-11-01,25000,
郭子轩,男,28,猎头,已淘汰,2024-11-09,19500,
宋雅静,女,28,招聘网站,已淘汰,2024-10-22,24200,
罗思远,男,29,招聘网站,已淘汰,2024-11-26,9900,
孙晓燕,女,29,内推,已淘汰,2024-11-19,14500,
田诗涵,女,29,内推,已淘汰,2024-11-15,12300,
宋晓东,男,29,招聘网站,已淘汰,2024-12-07,11100,
周琳,女,30,内推,拒绝offer,2024-12-20,15200,
余宇,男,30,校园招聘,已淘汰,2025-01-04,11100,
魏晓东,男,30,招聘网站,已淘汰,2024-12-25,11100,
郑雪,女,30,校园招聘,拒绝offer,2025-01-13,15200,
曹雪莲,女,30,招聘网站,已淘汰,2025-01-03,15100,
曾辉,男,30,招聘网站,已淘汰,2025-01-14,14500,
邓志强,男,31,内推,已淘汰,2025-01-07,22500,
蒋强,男,31,招聘网站,已淘汰,2024-12-19,20700,
杜健,男,31,内推,已淘汰,2025-01-05,25100,
朱宇,男,31,内推,已淘汰,2024-12-25,19400,
周涛,男,31,招聘网站,已淘汰,2025-01-01,23900,
蒋伟,男,31,招聘网站,已淘汰,2025-01-06,20900,
袁佳怡,女,32,猎头,已淘汰,2025-02-16,12200,
黄宇,男,32,猎头,已淘汰,2025-02-19,13700,
吕建国,男,32,校园招聘,已淘汰,2025-02-14,12600,
彭诗涵,女,32,内推,已淘汰,2025-01-31,12300,
胡斌,男,32,校园招聘,已淘汰,2025-02-18,12100,
蒋雪莲,女,32,校园招聘,已淘汰,2025-02-12,10700,
余明,男,33,校园招聘,已淘汰,2025-03-20,24800,
王雨欣,女,33,招聘网站,已淘汰,2025-03-16,24400,
朱静,女,34,招聘网站,已淘汰,2025-04-17,12900,
魏天宇,男,34,内推,已淘汰,2025-04-20,11700,
林斌,男,34,内推,已淘汰,2025-04-11,13100,
彭强,男,35,招聘网站,已淘汰,2025-05-02,24100,
马玉,女,35,招聘网站,拒绝offer,2025-05-07,21900,
陈志强,男,35,内推,已淘汰,2025-05-24,23500,
董娟,女,35,校园招聘,已淘汰,2025-05-14,19300,
肖慧,女,35,招聘网站,已淘汰,2025-05-09,26400,
胡诗涵,女,35,招聘网站,已淘汰,2025-05-09,25400,
余辉,男,36,招聘网站,拒绝offer,2025-06-25,7700,
曾刚,男,36,招聘网站,已淘汰,2025-06-25,8200,
张丽,女,37,招聘网站,已淘汰,2025-07-08,18900,
叶娜,女,37,校园招聘,已淘汰,2025-07-23,20000,
宋磊,男,37,招聘网站,已淘汰,2025-07-03,23400,
罗建华,男,38,招聘网站,已淘汰,2025-07-15,13700,
杜凯,男,38,招聘网站,已淘汰,2025-07-07,12600,
余军,男,38,招聘网站,已淘汰,2025-07-22,13600,
程军,男,38,招聘网站,已淘汰,2025-07-07,14200,
黄琳,女,38,猎头,已淘汰,2025-07-11,12700,
刘俊杰,男,38,招聘网站,已淘汰,2025-07-17,15800,
吴晓燕,女,39,猎头,已淘汰,2025-09-03,12000,
李建华,男,39,内推,已淘汰,2025-09-03,12400,
叶晓燕,女,39,招聘网站,已淘汰,2025-09-17,11800,
韩明,男,39,校园招聘,已淘汰,2025-08-31,8100,
郭雪,女,39,内推,已淘汰,2025-09-17,12400,
苏琳,女,40,招聘网站,已淘汰,2025-08-11,50500,
冯浩,男,40,内推,已淘汰,2025-08-13,47500,
彭文博,男,40,招聘网站,已淘汰,2025-08-30,41100,
余勇,男,41,内推,已淘汰,2025-09-16,14200,
许思远,男,41,招聘网站,已淘汰,2025-09-18,14700,
刘军,男,41,招聘网站,已淘汰,2025-09-29,11300,
袁晓燕,女,41,猎头,已淘汰,2025-09-16,11900,
蔡诗涵,女,42,内推,已淘汰,2025-09-21,19700,
何敏,女,42,招聘网站,已淘汰,2025-09-13,18500,
王勇,男,42,猎头,已淘汰,2025-09-26,20900,
林建国,男,42,招聘网站,拒绝offer,2025-09-24,23900,
董琳,女,42,招聘网站,已淘汰,2025-09-13,20700,
唐雅静,女,43,猎头,已淘汰,2025-11-02,9000,
马丽,女,43,招聘网站,已淘汰,2025-11-09,9100,
田雪莲,女,43,招聘网站,已淘汰,2025-11-18,10100,
蔡颖,女,44,招聘网站,已淘汰,2025-10-23,24300,
马娟,女,44,招聘网站,已淘汰,2025-11-05,27200,
彭涛,男,44,内推,已淘汰,2025-10-24,22400,
董明,男,45,内推,已淘汰,2026-03-18,8600,
曹静,女,45,内推,已淘汰,2026-03-31,11100,
曹娟,女,45,招聘网站,已淘汰,2026-03-26,10600,
马琳,女,45,校园招聘,已淘汰,2026-03-20,11300,
刘勇,男,46,内推,已淘汰,2026-04-18,10400,
苏辉,男,46,校园招聘,拒绝offer,2026-04-05,9500,
黄军,男,46,招聘网站,已淘汰,2026-03-30,10200,
郑磊,男,46,招聘网站,已淘汰,2026-04-10,13300,
吴洋,男,47,校园招聘,已淘汰,2026-03-17,10900,
蔡洋,男,47,内推,已淘汰,2026-03-15,10300,
余建国,男,47,内推,已淘汰,2026-03-09,9800,
袁军,男,48,内推,已淘汰,2026-04-24,11500,
赵建华,男,48,内推,已淘汰,2026-05-01,9600,
韩思琪,女,48,招聘网站,已淘汰,2026-04-25,9100,
高晨,男,49,招聘网站,已淘汰,2026-04-17,36400,
冯杰,男,49,招聘网站,已淘汰,2026-04-26,35900,
郭莹,女,49,猎头,拒绝offer,2026-04-26,34700,
杜刚,男,50,内推,已淘汰,2026-08-10,30100,
苏勇,男,50,校园招聘,面试中,2026-08-04,35100,
曾建国,男,50,校园招聘,已淘汰,2026-08-02,34900,
郭健,男,51,校园招聘,已淘汰,2026-08-27,11200,
林诗涵,女,52,招聘网站,拒绝offer,2022-12-21,15200,
蔡晓雯,女,52,招聘网站,已淘汰,2022-12-07,16500,
袁浩,男,52,校园招聘,已淘汰,2022-12-17,15400,
唐帆,男,52,校园招聘,已淘汰,2022-12-03,11800,
叶俊杰,男,53,校园招聘,已淘汰,2022-12-07,13100,
罗莹,女,53,招聘网站,拒绝offer,2022-12-19,11000,
韩建华,男,53,内推,已淘汰,2022-12-23,12000,
杜涛,男,53,招聘网站,已淘汰,2022-12-20,12100,
谢琳,女,54,招聘网站,已淘汰,2022-12-02,24800,
曹磊,男,54,内推,已淘汰,2022-12-25,20900,
苏娜,女,54,猎头,已淘汰,2022-12-15,27000,
冯雨欣,女,54,校园招聘,已淘汰,2022-12-08,28000,
罗健,男,54,猎头,已淘汰,2022-12-04,25500,
孙辉,男,54,招聘网站,已淘汰,2022-12-24,27500,
谢诗涵,女,55,招聘网站,已淘汰,2023-01-12,19300,
高伟,男,55,内推,已淘汰,2022-12-26,18700,
韩俊杰,男,55,校园招聘,已淘汰,2023-01-13,18000,
邓思琪,女,55,内推,已淘汰,2022-12-25,17800,
蒋静,女,55,内推,已淘汰,2022-12-29,19500,
袁伟,男,55,内推,已淘汰,2023-01-03,18400,
胡琳,女,56,招聘网站,已淘汰,2023-02-25,30700,
朱浩然,男,56,招聘网站,已淘汰,2023-02-23,36400,
苏斌,男,56,内推,已淘汰,2023-02-20,28500,
朱强,男,56,内推,已淘汰,2023-02-15,30500,
罗凯,男,56,招聘网站,已淘汰,2023-02-05,34200,
高佳怡,女,56,校园招聘,已淘汰,2023-02-26,29500,
韩文博,男,57,招聘网站,已淘汰,2023-02-15,19100,
蒋娟,女,57,内推,已淘汰,2023-01-30,19300,
何天宇,男,58,内推,拒绝offer,2023-02-27,22300,
苏帆,男,58,招聘网站,已淘汰,2023-02-06,27600,
董健,男,58,内推,已淘汰,2023-02-22,24600,
赵艳,女,59,校园招聘,已淘汰,2023-01-24,27000,
李洋,男,59,招聘网站,已淘汰,2023-02-12,24500,
罗磊,男,60,内推,已淘汰,2023-02-08,55100,
吴思远,男,60,招聘网站,已淘汰,2023-02-12,52500,
肖刚,男,61,招聘网站,已淘汰,2023-03-12,10000,
潘建华,男,61,校园招聘,已淘汰,2023-03-18,8800,
赵思琪,女,61,校园招聘,已淘汰,2023-03-08,9200,
叶丽,女,61,内推,已淘汰,2023-03-08,9900,
梁杰,男,61,招聘网站,已淘汰,2023-03-21,10500,
陈莹,女,61,招聘网站,已淘汰,2023-03-20,12400,
王丽,女,62,招聘网站,已淘汰,2023-03-15,17900,
曹晓燕,女,62,招聘网站,拒绝offer,2023-03-12,20900,
谢明,男,62,招聘网站,已淘汰,2023-03-26,17900,
黄凯,男,63,校园招聘,已淘汰,2023-02-28,18800,
程思远,男,63,招聘网站,已淘汰,2023-03-13,16600,
孙雪莲,女,63,招聘网站,已淘汰,2023-03-08,14800,
叶刚,男,63,招聘网站,已淘汰,2023-03-11,14400,
程强,男,63,内推,已淘汰,2023-02-27,19900,
胡芳,女,63,校园招聘,已淘汰,2023-03-07,16700,
黄芳,女,64,内推,已淘汰,2023-03-17,17500,
刘思琪,女,64,招聘网站,已淘汰,2023-03-22,19600,
周芳,女,64,招聘网站,已淘汰,2023-03-24,14600,
程勇,男,64,内推,已淘汰,2023-03-12,14400,
董斌,男,64,招聘网站,已淘汰,2023-03-14,19000,
高强,男,65,内推,已淘汰,2023-03-15,14300,
胡婷,女,65,校园招聘,已淘汰,2023-03-13,14300,
李晓东,男,65,校园招聘,已淘汰,2023-03-03,18000,
徐诗涵,女,66,招聘网站,拒绝offer,2023-04-23,25500,
赵佳怡,女,66,猎头,已淘汰,2023-04-09,26100,
蒋诗涵,女,66,招聘网站,拒绝offer,2023-04-26,22600,
陈伟,男,66,校园招聘,已淘汰,2023-04-26,21500,
黄思远,男,67,招聘网站,已淘汰,2023-03-25,9400,
杜丽,女,67,招聘网站,已淘汰,2023-04-17,8900,
余琳,女,67,内推,已淘汰,2023-04-13,9100,
李浩然,男,67,校园招聘,已淘汰,2023-04-09,10200,
何琳,女,68,校园招聘,已淘汰,2023-05-09,11500,
潘颖,女,68,校园招聘,已淘汰,2023-05-16,14200,
李欣怡,女,69,猎头,已淘汰,2023-05-08,12000,
蒋莹,女,69,招聘网站,已淘汰,2023-04-29,11200,
王健,男,69,内推,已淘汰,2023-05-03,11200,
林刚,男,69,招聘网站,已淘汰,2023-05-13,11200,
胡明,男,70,招聘网站,已淘汰,2023-05-25,28500,
杜芳,女,70,招聘网站,已淘汰,2023-05-29,29900,
杜海燕,女,70,校园招聘,已淘汰,2023-05-31,31000,
王浩,男,70,招聘网站,已淘汰,2023-06-05,29800,
肖芳,女,71,猎头,已淘汰,2023-06-04,10900,
郭文博,男,71,招聘网站,已淘汰,2023-06-03,10000,
蔡思远,男,71,内推,已淘汰,2023-06-09,10300,
徐婷,女,72,招聘网站,已淘汰,2023-05-30,20100,
余颖,女,72,招聘网站,已淘汰,2023-06-06,20600,
郑子轩,男,72,招聘网站,已淘汰,2023-06-06,25000,
李思远,男,72,校园招聘,已淘汰,2023-06-06,23200,
徐晨,男,72,内推,已淘汰,2023-06-21,19200,
孙天宇,男,72,内推,已淘汰,2023-06-12,23900,
许琳,女,73,校园招聘,已淘汰,2023-06-05,28800,
徐梦琪,女,73,内推,已淘汰,2023-05-30,26400,
周娟,女,73,招聘网站,已淘汰,2023-06-04,27600,
宋海燕,女,74,内推,已淘汰,2023-06-16,14500,
叶伟,男,74,内推,已淘汰,2023-05-28,14400,
梁健,男,75,猎头,已淘汰,2023-07-13,41000,
宋婷,女,75,校园招聘,已淘汰,2023-07-11,35800,
王慧,女,75,猎头,拒绝offer,2023-07-27,36300,
胡敏,女,75,校园招聘,已淘汰,2023-07-15,40600,
陈波,男,75,招聘网站,已淘汰,2023-08-03,35500,
赵海燕,女,76,招聘网站,已淘汰,2023-07-26,15400,
杨浩然,男,76,招聘网站,已淘汰,2023-07-31,13900,
刘婷,女,76,内推,已淘汰,2023-08-03,13700,
李晓燕,女,76,内推,已淘汰,2023-07-25,11400,
余强,男,77,内推,已淘汰,2023-07-03,30500,
潘思琪,女,77,校园招聘,已淘汰,2023-07-14,28100,
朱颖,女,77,内推,已淘汰,2023-07-17,29400,
蔡丽,女,77,内推,已淘汰,2023-07-05,29300,
韩琳,女,78,校园招聘,已淘汰,2023-08-14,16400,
马伟,男,78,内推,已淘汰,2023-07-29,22700,
郭凯,男,78,猎头,已淘汰,2023-08-04,19900,
陈艳,女,78,内推,已淘汰,2023-08-01,19000,
余艳,女,78,内推,已淘汰,2023-08-14,19300,
曾思琪,女,78,招聘网站,已淘汰,2023-08-16,21700,
朱思远,男,79,招聘网站,已淘汰,2023-08-06,14000,
谢勇,男,79,猎头,已淘汰,2023-08-12,15900,
胡文博,男,79,校园招聘,已淘汰,2023-08-18,14100,
胡建华,男,79,校园招聘,拒绝offer,2023-08-09,16400,
唐海燕,女,79,招聘网站,已淘汰,2023-08-25,16000,
袁波,男,80,猎头,已淘汰,2023-08-22,36800,
郑伟,男,80,校园招聘,已淘汰,2023-08-17,34000,
董颖,女,80,校园招聘,已淘汰,2023-08-17,29300,
吕雨欣,女,80,内推,已淘汰,2023-08-17,38000,
邓晓燕,女,80,猎头,已淘汰,2023-08-26,30600,
宋芳,女,81,内推,已淘汰,2023-08-05,12300,
苏浩然,男,81,猎头,已淘汰,2023-08-18,9000,
曹丽,女,81,招聘网站,已淘汰,2023-08-18,12600,
胡子轩,男,81,招聘网站,已淘汰,2023-08-23,9600,
马雪莲,女,82,招聘网站,已淘汰,2023-08-03,37300,
林颖,女,82,内推,已淘汰,2023-08-17,37800,
马明,男,82,招聘网站,已淘汰,2023-08-23,35000,
田莹,女,82,内推,拒绝offer,2023-08-24,29000,
李娟,女,82,校园招聘,已淘汰,2023-08-24,35600,
何建国,男,83,校园招聘,已淘汰,2023-08-09,33700,
邓浩然,男,83,招聘网站,已淘汰,2023-08-25,28000,
苏欣怡,女,83,招聘网站,拒绝offer,2023-08-06,33200,
梁佳怡,女,83,招聘网站,已淘汰,2023-08-03,34400,
潘婷,女,84,校园招聘,已淘汰,2023-08-19,30800,
杨晓燕,女,84,校园招聘,已淘汰,2023-08-01,31800,
彭婷,女,84,猎头,已淘汰,2023-07-31,33500,
朱梦琪,女,84,猎头,已淘汰,2023-08-22,34000,
何佳怡,女,84,内推,已淘汰,2023-08-23,30800,
肖辉,男,85,内推,已淘汰,2023-09-12,9500,
黄斌,男,85,招聘网站,已淘汰,2023-09-16,9500,
刘杰,男,85,内推,已淘汰,2023-09-10,11500,
邓军,男,86,招聘网站,已淘汰,2023-09-01,13700,
许天宇,男,86,招聘网站,已淘汰,2023-08-23,13100,
杨静,女,86,招聘网站,已淘汰,2023-08-28,14300,
冯军,男,86,内推,已淘汰,2023-09-16,12400,
蔡雅静,女,86,猎头,已淘汰,2023-09-03,10500,
郑文博,男,87,内推,已淘汰,2023-09-14,13100,
谢子轩,男,87,招聘网站,已淘汰,2023-09-10,11300,
董刚,男,87,内推,已淘汰,2023-09-13,13000,
徐慧,女,88,内推,已淘汰,2023-09-28,32100,
张磊,男,88,招聘网站,已淘汰,2023-09-18,33600,
曾晨,男,88,校园招聘,已淘汰,2023-09-17,27800,
肖颖,女,88,内推,已淘汰,2023-09-10,37500,
叶涛,男,88,招聘网站,已淘汰,2023-09-19,28600,
徐辉,男,88,内推,已淘汰,2023-09-27,33400,
董俊,男,89,猎头,已淘汰,2023-09-04,12300,
王子轩,男,89,招聘网站,拒绝offer,2023-09-15,11800,
彭雨欣,女,89,招聘网站,已淘汰,2023-09-19,12200,
吴晓雯,女,89,猎头,已淘汰,2023-08-31,11000,
杨洋,男,90,内推,已淘汰,2023-10-26,18700,
罗思琪,女,90,招聘网站,已淘汰,2023-10-10,14900,
程雨欣,女,90,校园招聘,已淘汰,2023-10-03,17900,
余晓东,男,90,校园招聘,已淘汰,2023-10-17,18000,
彭军,男,90,招聘网站,已淘汰,2023-10-05,18000,
张海燕,女,91,招聘网站,已淘汰,2023-10-17,13000,
林伟,男,91,内推,已淘汰,2023-10-12,13200,
魏健,男,91,招聘网站,拒绝offer,2023-10-14,11300,
吴敏,女,91,招聘网站,已淘汰,2023-10-24,13400,
彭思琪,女,92,内推,已淘汰,2023-10-15,5600,
蔡军,男,92,内推,已淘汰,2023-10-16,8200,
陈健,男,92,猎头,已淘汰,2023-10-23,8100,
吴健,男,92,招聘网站,已淘汰,2023-10-01,7100,
曹文博,男,92,招聘网站,已淘汰,2023-10-09,8000,
吕杰,男,92,招聘网站,已淘汰,2023-10-10,8100,
袁磊,男,93,猎头,已淘汰,2023-10-29,21400,
唐慧,女,93,招聘网站,已淘汰,2023-11-02,20100,
曾俊杰,男,93,内推,已淘汰,2023-10-17,23700,
蔡天宇,男,94,内推,已淘汰,2023-11-07,15200,
张晓雯,女,94,校园招聘,已淘汰,2023-10-31,15000,
刘磊,男,94,招聘网站,已淘汰,2023-11-08,15400,
朱丽,女,94,招聘网站,已淘汰,2023-11-01,11600,
叶艳,女,95,招聘网站,已淘汰,2023-11-16,26500,
刘雅静,女,95,内推,已淘汰,2023-11-02,21100,
潘雪莲,女,95,招聘网站,已淘汰,2023-11-14,26600,
梁晓雯,女,96,校园招聘,拒绝offer,2023-11-18,17000,
余浩然,男,96,内推,已淘汰,2023-11-20,22300,
杜俊,男,96,招聘网站,已淘汰,2023-11-09,17200,
叶芳,女,96,招聘网站,已淘汰,2023-11-13,22800,
何诗涵,女,97,招聘网站,已淘汰,2023-11-19,18100,
杨强,男,97,校园招聘,已淘汰,2023-11-28,23900,
余莹,女,97,招聘网站,已淘汰,2023-11-27,19800,
高洋,男,98,招聘网站,已淘汰,2023-12-13,12600,
曾帆,男,98,招聘网站,已淘汰,2023-12-22,14200,
朱莹,女,98,校园招聘,已淘汰,2023-12-26,11700,
李磊,男,98,猎头,已淘汰,2023-12-30,11500,
许娜,女,98,招聘网站,已淘汰,2023-12-29,10400,
苏宇,男,98,内推,已淘汰,2023-12-23,13100,
郑娜,女,99,内推,拒绝offer,2024-01-27,12200,
蒋芳,女,99,招聘网站,已淘汰,2024-02-16,10700,
黄洋,男,99,招聘网站,已淘汰,2024-02-04,10900,
蒋晓东,男,99,招聘网站,已淘汰,2024-01-29,9400,
宋志强,男,99,招聘网站,已淘汰,2024-01-31,9500,
邓静,女,100,校园招聘,已淘汰,2024-02-06,15600,
吴凯,男,100,校园招聘,已淘汰,2024-02-14,16100,
邓磊,男,101,招聘网站,已淘汰,2024-02-12,25300,
张伟,男,101,猎头,已淘汰,2024-02-23,19700,
田俊,男,101,招聘网站,已淘汰,2024-03-03,25700,
赵军,男,101,猎头,拒绝offer,2024-02-24,19400,
张雨欣,女,101,招聘网站,已淘汰,2024-02-12,23000,
韩海燕,女,102,内推,已淘汰,2024-02-20,11600,
张芳,女,102,猎头,已淘汰,2024-02-13,13900,
吕明,男,102,内推,已淘汰,2024-02-05,15100,
杜慧,女,102,校园招聘,已淘汰,2024-02-12,15100,
蒋刚,男,102,校园招聘,已淘汰,2024-02-26,15000,
曾建华,男,103,内推,已淘汰,2024-02-24,25900,
梁志强,男,103,内推,已淘汰,2024-02-12,23800,
程晓东,男,103,招聘网站,拒绝offer,2024-02-18,28200,
林宇,男,103,内推,已淘汰,2024-02-22,23100,
谢佳怡,女,103,招聘网站,已淘汰,2024-02-08,24200,
田颖,女,104,内推,已淘汰,2024-02-01,9600,
蒋慧,女,104,内推,已淘汰,2024-02-09,13500,
潘艳,女,104,招聘网站,已淘汰,2024-02-19,12800,
梁文博,男,104,招聘网站,已淘汰,2024-02-18,11300,
林玉,女,104,招聘网站,已淘汰,2024-02-20,13300,
蒋建国,男,105,内推,已淘汰,2024-02-13,24600,
周文博,男,105,校园招聘,已淘汰,2024-02-12,27200,
潘芳,女,106,内推,已淘汰,2024-03-22,14400,
张思琪,女,106,内推,已淘汰,2024-03-12,17900,
孙浩,男,106,内推,已淘汰,2024-03-11,14800,
曹晨,男,106,招聘网站,已淘汰,2024-03-03,17800,
梁艳,女,107,内推,已淘汰,2024-04-03,15200,
程婷,女,107,招聘网站,已淘汰,2024-03-13,12500,
曹雪,女,107,内推,已淘汰,2024-03-22,13500,
赵晓雯,女,108,内推,已淘汰,2024-03-28,11300,
魏刚,男,108,招聘网站,已淘汰,2024-03-09,11200,
张建华,男,108,招聘网站,已淘汰,2024-03-23,14200,
杨帆,男,108,招聘网站,已淘汰,2024-03-10,14300,
魏涛,男,108,招聘网站,已淘汰,2024-03-14,13100,
黄明,男,109,招聘网站,已淘汰,2024-03-07,6100,
彭刚,男,109,校园招聘,拒绝offer,2024-03-05,7600,
黄娜,女,109,猎头,已淘汰,2024-03-25,5500,
叶俊,男,109,招聘网站,已淘汰,2024-03-05,5400,
蒋颖,女,109,校园招聘,已淘汰,2024-03-03,6700,
周思远,男,110,校园招聘,已淘汰,2024-03-05,16400,
魏静,女,110,校园招聘,已淘汰,2024-03-17,16600,
潘梦琪,女,111,校园招聘,已淘汰,2024-03-25,11600,
叶洋,男,111,内推,已淘汰,2024-03-03,11900,
孙雅静,女,111,内推,已淘汰,2024-03-13,11300,
邓健,男,111,招聘网站,已淘汰,2024-03-12,13200,
罗佳怡,女,112,招聘网站,已淘汰,2024-03-10,51200,
高涛,男,112,招聘网站,已淘汰,2024-03-23,46500,
徐思琪,女,113,校园招聘,已淘汰,2024-03-30,22200,
李明,男,113,内推,已淘汰,2024-03-29,23100,
梁敏,女,114,校园招聘,已淘汰,2024-04-17,43700,
余磊,男,114,猎头,已淘汰,2024-04-08,53100,
潘涛,男,114,招聘网站,已淘汰,2024-04-24,56200,
彭静,女,114,猎头,已淘汰,2024-04-19,46300,
王雪莲,女,114,招聘网站,已淘汰,2024-04-26,46100,
何雪,女,115,招聘网站,已淘汰,2024-04-10,5400,
叶玉,女,115,猎头,已淘汰,2024-04-08,7000,
朱雅静,女,115,校园招聘,已淘汰,2024-04-25,7300,
肖玉,女,115,招聘网站,已淘汰,2024-04-13,6600,
王晨,男,115,猎头,已淘汰,2024-05-02,7800,
高子轩,男,115,内推,已淘汰,2024-04-29,7500,
张敏,女,116,校园招聘,已淘汰,2024-04-10,15900,
刘静,女,116,招聘网站,已淘汰,2024-04-07,11900,
潘勇,男,116,招聘网站,已淘汰,2024-03-31,12300,
魏玉,女,117,招聘网站,已淘汰,2024-04-22,12000,
王琳,女,117,招聘网站,已淘汰,2024-04-08,11800,
吕慧,女,117,招聘网站,拒绝offer,2024-04-21,10800,
吴磊,男,117,招聘网站,已淘汰,2024-04-02,12000,
冯琳,女,117,招聘网站,已淘汰,2024-04-16,10500,
董海燕,女,117,招聘网站,已淘汰,2024-04-26,9800,
蔡建国,男,118,内推,已淘汰,2024-05-12,15200,
宋莹,女,118,招聘网站,已淘汰,2024-05-21,14400,
曾磊,男,119,内推,已淘汰,2024-04-28,6700,
魏梦琪,女,119,招聘网站,已淘汰,2024-04-28,7700,
许诗涵,女,119,校园招聘,已淘汰,2024-05-02,8200,
宋刚,男,119,招聘网站,拒绝offer,2024-05-02,6800,
罗娟,女,120,内推,已淘汰,2024-05-10,29300,
孙雨欣,女,120,招聘网站,已淘汰,2024-05-16,35700,
高勇,男,120,招聘网站,已淘汰,2024-05-15,28900,
蒋健,男,120,校园招聘,已淘汰,2024-05-10,35800,
何健,男,120,招聘网站,已淘汰,2024-05-07,33600,
朱玉,女,120,招聘网站,已淘汰,2024-05-12,36200,
魏晨,男,121,校园招聘,已淘汰,2024-05-23,15700,
谢晓燕,女,121,校园招聘,已淘汰,2024-05-28,19200,
陈强,男,122,校园招聘,已淘汰,2024-06-29,11200,
董雪莲,女,122,内推,已淘汰,2024-06-30,14000,
董军,男,122,招聘网站,已淘汰,2024-06-12,14400,
魏雪莲,女,122,招聘网站,已淘汰,2024-06-21,15300,
袁雨欣,女,122,校园招聘,已淘汰,2024-06-25,14400,
曾军,男,122,内推,已淘汰,2024-06-28,14200,
黄欣怡,女,123,招聘网站,已淘汰,2024-06-21,18600,
曾艳,女,123,招聘网站,已淘汰,2024-06-10,18700,
郭静,女,123,校园招聘,已淘汰,2024-07-02,15500,
谢俊,男,123,猎头,已淘汰,2024-06-29,19100,
韩杰,男,124,招聘网站,已淘汰,2024-06-11,22900,
苏俊杰,男,124,招聘网站,已淘汰,2024-06-10,23000,
徐晓雯,女,124,内推,已淘汰,2024-06-04,24600,
谢艳,女,124,猎头,已淘汰,2024-05-23,24000,
苏杰,男,124,招聘网站,已淘汰,2024-05-30,19100,
蔡强,男,125,猎头,已淘汰,2024-07-13,9600,
魏娜,女,125,招聘网站,已淘汰,2024-06-25,13400,
蒋思远,男,125,招聘网站,已淘汰,2024-07-18,13400,
朱晨,男,126,招聘网站,拒绝offer,2024-07-07,9200,
林磊,男,126,校园招聘,已淘汰,2024-07-09,11800,
陈子轩,男,126,猎头,已淘汰,2024-07-16,13100,
黄晓雯,女,127,校园招聘,已淘汰,2024-07-09,15100,
胡凯,男,127,招聘网站,已淘汰,2024-06-27,13000,
潘斌,男,127,招聘网站,已淘汰,2024-07-02,11500,
郭伟,男,127,校园招聘,已淘汰,2024-07-20,15700,
冯俊杰,男,128,招聘网站,已淘汰,2024-07-15,24800,
张欣怡,女,128,校园招聘,已淘汰,2024-07-09,26900,
彭佳怡,女,128,猎头,已淘汰,2024-07-14,23300,
韩玉,女,128,招聘网站,拒绝offer,2024-07-16,22300,
冯俊,男,128,内推,已淘汰,2024-07-11,27600,
王晓雯,女,129,校园招聘,已淘汰,2024-08-23,12700,
林静,女,129,招聘网站,已淘汰,2024-08-21,14100,
刘莹,女,129,招聘网站,已淘汰,2024-08-24,12400,
王静,女,129,校园招聘,已淘汰,2024-08-14,11500,
罗诗涵,女,129,校园招聘,已淘汰,2024-08-10,16100,
苏雪,女,130,内推,已淘汰,2024-08-14,23000,
杨军,男,130,招聘网站,已淘汰,2024-08-15,20500,
林芳,女,130,招聘网站,已淘汰,2024-08-03,21000,
余俊杰,男,131,内推,已淘汰,2024-08-17,19700,
吴波,男,131,校园招聘,已淘汰,2024-08-20,26500,
陈芳,女,131,招聘网站,已淘汰,2024-08-30,20800,
袁凯,男,131,校园招聘,已淘汰,2024-08-19,18400,
蔡浩然,男,132,校园招聘,已淘汰,2024-08-23,18900,
胡涛,男,132,招聘网站,已淘汰,2024-08-06,16500,
董建华,男,132,猎头,已淘汰,2024-08-03,20200,
叶佳怡,女,133,校园招聘,已淘汰,2024-08-30,15400,
马斌,男,133,招聘网站,已淘汰,2024-08-26,14800,
何杰,男,133,招聘网站,已淘汰,2024-08-21,14100,
余雪,女,133,猎头,已淘汰,2024-08-21,16700,
孙慧,女,133,内推,已淘汰,2024-08-16,17000,
梁伟,男,133,招聘网站,拒绝offer,2024-08-24,14800,
林雨欣,女,134,校园招聘,已淘汰,2024-09-20,14700,
冯波,男,134,招聘网站,已淘汰,2024-09-22,11700,
潘宇,男,135,内推,已淘汰,2024-08-26,14000,
吴欣怡,女,135,招聘网站,已淘汰,2024-09-12,16300,
余佳怡,女,135,招聘网站,已淘汰,2024-09-03,15800,
蔡雪,女,135,招聘网站,已淘汰,2024-09-07,16000,
何晨,男,135,招聘网站,已淘汰,2024-09-16,14200,
许雨欣,女,136,校园招聘,已淘汰,2024-09-16,24100,
黄玉,女,136,招聘网站,已淘汰,2024-09-08,23100,
苏艳,女,136,校园招聘,已淘汰,2024-10-01,23700,
李佳怡,女,137,招聘网站,已淘汰,2024-10-15,10400,
胡雨欣,女,137,招聘网站,已淘汰,2024-10-23,8700,
彭晓雯,女,137,招聘网站,已淘汰,2024-10-28,9300,
张文博,男,137,内推,已淘汰,2024-10-19,8800,
冯雅静,女,137,内推,已淘汰,2024-10-12,10300,
郭宇,男,138,招聘网站,已淘汰,2024-10-25,20000,
郑梦琪,女,138,招聘网站,已淘汰,2024-10-13,15900,
朱芳,女,138,猎头,已淘汰,2024-09-30,20500,
吕帆,男,138,招聘网站,已淘汰,2024-10-11,19600,
韩洋,男,139,内推,已淘汰,2024-10-06,23400,
罗杰,男,139,招聘网站,已淘汰,2024-10-08,23900,
吕涛,男,139,内推,已淘汰,2024-10-19,26300,
魏莹,女,139,内推,已淘汰,2024-10-04,27800,
胡静,女,139,校园招聘,已淘汰,2024-10-01,24300,
邓浩,男,140,招聘网站,已淘汰,2024-10-15,24600,
曾雪,女,140,猎头,已淘汰,2024-10-19,33300,
郭慧,女,140,校园招聘,已淘汰,2024-10-21,30900,
郭帆,男,140,招聘网站,已淘汰,2024-10-13,28100,
彭明,男,141,招聘网站,已淘汰,2024-10-31,18800,
郑诗涵,女,141,招聘网站,已淘汰,2024-11-07,19900,
刘娟,女,141,招聘网站,已淘汰,2024-10-28,18500,
韩婷,女,141,招聘网站,已淘汰,2024-11-19,24300,
郭梦琪,女,142,校园招聘,已淘汰,2025-01-02,24900,
梁娜,女,142,校园招聘,已淘汰,2024-12-23,25500,
张子轩,男,142,招聘网站,已淘汰,2024-12-23,25900,
韩敏,女,143,内推,已淘汰,2024-12-04,26300,
许颖,女,143,校园招聘,已淘汰,2024-12-21,21400,
林健,男,144,招聘网站,拒绝offer,2024-12-27,12800,
叶明,男,144,招聘网站,已淘汰,2024-12-18,14900,
韩健,男,144,招聘网站,已淘汰,2024-12-18,16100,
吕海燕,女,144,内推,已淘汰,2024-12-21,13100,
叶晨,男,145,内推,已淘汰,2025-01-24,12000,
吕娜,女,145,招聘网站,已淘汰,2025-01-27,12900,
董莹,女,145,内推,已淘汰,2025-01-15,9300,
杨浩,男,145,招聘网站,已淘汰,2025-01-16,8800,
杨斌,男,146,招聘网站,已淘汰,2025-02-11,18200,
高晓东,男,146,内推,已淘汰,2025-02-12,14700,
胡梦琪,女,146,招聘网站,已淘汰,2025-02-13,14900,
高思远,男,146,校园招聘,已淘汰,2025-02-06,16600,
魏杰,男,147,内推,已淘汰,2025-02-14,27500,
郑浩,男,147,猎头,已淘汰,2025-02-16,27500,
曾欣怡,女,148,招聘网站,已淘汰,2025-02-20,9600,
袁梦琪,女,148,招聘网站,已淘汰,2025-02-28,12100,
梁婷,女,148,猎头,已淘汰,2025-02-11,11900,
朱欣怡,女,148,内推,已淘汰,2025-02-12,11900,
袁敏,女,148,招聘网站,已淘汰,2025-02-18,11300,
董磊,男,148,猎头,拒绝offer,2025-02-10,12000,
孙波,男,149,校园招聘,拒绝offer,2025-02-11,8600,
郭诗涵,女,149,校园招聘,已淘汰,2025-02-03,11900,
周雨欣,女,149,校园招聘,已淘汰,2025-01-26,9400,
谢婷,女,149,内推,已淘汰,2025-02-01,8300,
高波,男,150,内推,已淘汰,2025-02-08,32600,
刘晨,男,150,校园招聘,已淘汰,2025-02-24,35800,
郑辉,男,150,招聘网站,已淘汰,2025-02-19,35800,
高颖,女,150,校园招聘,已淘汰,2025-02-09,31100,
黄丽,女,151,招聘网站,已淘汰,2025-02-14,14600,
高思琪,女,151,内推,已淘汰,2025-02-17,14600,
唐佳怡,女,151,招聘网站,已淘汰,2025-02-12,14600,
田子轩,男,151,内推,已淘汰,2025-03-05,14900,
董洋,男,151,招聘网站,已淘汰,2025-03-04,13900,
徐子轩,男,151,猎头,已淘汰,2025-03-02,15900,
曾晓燕,女,152,猎头,已淘汰,2025-02-03,15200,
胡丽,女,152,招聘网站,已淘汰,2025-02-03,14700,
吴诗涵,女,152,内推,已淘汰,2025-02-23,14700,
李强,男,152,校园招聘,已淘汰,2025-02-09,14900,
马欣怡,女,152,招聘网站,已淘汰,2025-02-11,11600,
吕建华,男,153,内推,已淘汰,2025-01-31,35100,
许伟,男,153,猎头,已淘汰,2025-02-15,28300,
王莹,女,153,猎头,已淘汰,2025-01-26,36900,
许晓雯,女,153,校园招聘,已淘汰,2025-01-29,38200,
蔡宇,男,154,招聘网站,已淘汰,2025-02-02,12100,
唐颖,女,154,招聘网站,已淘汰,2025-02-06,11800,
曾梦琪,女,154,招聘网站,已淘汰,2025-02-07,12700,
苏海燕,女,154,招聘网站,已淘汰,2025-02-12,11200,
韩子轩,男,154,内推,拒绝offer,2025-02-21,15000,
黄雅静,女,154,校园招聘,已淘汰,2025-01-31,13000,
邓天宇,男,155,校园招聘,已淘汰,2025-02-21,14000,
何梦琪,女,155,招聘网站,已淘汰,2025-02-09,15300,
陈凯,男,155,猎头,已淘汰,2025-02-10,10600,
高俊,男,155,内推,已淘汰,2025-02-21,11200,
杜娟,女,156,校园招聘,已淘汰,2025-02-13,10100,
曾伟,男,156,猎头,已淘汰,2025-02-21,9700,
韩晓东,男,157,猎头,已淘汰,2025-03-01,13200,
程思琪,女,157,招聘网站,已淘汰,2025-02-27,12000,
吕欣怡,女,157,校园招聘,已淘汰,2025-02-25,15500,
张明,男,157,校园招聘,已淘汰,2025-02-15,14000,
李晨,男,157,校园招聘,已淘汰,2025-03-04,12600,
林雅静,女,157,招聘网站,已淘汰,2025-02-16,12900,
杜杰,男,158,内推,已淘汰,2025-03-01,10200,
梁海燕,女,158,招聘网站,已淘汰,2025-03-20,12300,
林敏,女,158,校园招聘,已淘汰,2025-03-14,8400,
徐莹,女,158,招聘网站,已淘汰,2025-03-15,11500,
余海燕,女,158,招聘网站,已淘汰,2025-03-19,9300,
陈诗涵,女,159,招聘网站,已淘汰,2025-03-11,23600,
邓宇,男,159,招聘网站,已淘汰,2025-03-03,20100,
朱婷,女,159,猎头,已淘汰,2025-03-25,25100,
马晓东,男,159,内推,已淘汰,2025-03-03,24500,
程晨,男,160,内推,已淘汰,2025-03-15,27800,
何莹,女,160,招聘网站,已淘汰,2025-03-13,24700,
张斌,男,160,内推,已淘汰,2025-03-15,26100,
郭婷,女,160,猎头,已淘汰,2025-03-12,29200,
谢辉,男,160,招聘网站,已淘汰,2025-03-18,28100,
林思远,男,160,猎头,已淘汰,2025-03-02,33500,
朱健,男,161,校园招聘,已淘汰,2025-03-11,14600,
周俊杰,男,161,招聘网站,已淘汰,2025-03-28,15300,
魏洋,男,161,猎头,已淘汰,2025-04-02,11900,
叶思琪,女,162,内推,拒绝offer,2025-03-04,9800,
徐健,男,162,内推,已淘汰,2025-03-08,9800,
叶梦琪,女,162,招聘网站,已淘汰,2025-03-04,12100,
袁晓雯,女,163,招聘网站,已淘汰,2025-03-19,11500,
黄建华,男,163,招聘网站,已淘汰,2025-03-09,15600,
林晨,男,163,招聘网站,已淘汰,2025-03-16,14000,
叶颖,女,163,招聘网站,已淘汰,2025-03-02,13800,
张帆,男,163,内推,已淘汰,2025-03-08,12900,
杜晓东,男,164,招聘网站,已淘汰,2025-03-17,8400,
黄辉,男,164,校园招聘,已淘汰,2025-03-07,7800,
余文博,男,164,校园招聘,已淘汰,2025-02-24,6900,
赵婷,女,164,内推,已淘汰,2025-03-14,7200,
梁子轩,男,164,招聘网站,已淘汰,2025-02-21,6800,
何涛,男,164,招聘网站,已淘汰,2025-03-01,7900,
曹梦琪,女,165,招聘网站,已淘汰,2025-03-20,9800,
杜帆,男,165,招聘网站,已淘汰,2025-03-13,10400,
程辉,男,165,内推,已淘汰,2025-03-25,12600,
魏志强,男,165,招聘网站,已淘汰,2025-03-16,13100,
宋梦琪,女,166,内推,已淘汰,2025-03-12,25200,
田建国,男,166,校园招聘,已淘汰,2025-03-28,27000,
叶建华,男,166,校园招聘,已淘汰,2025-03-09,24300,
蔡俊,男,166,招聘网站,已淘汰,2025-03-03,22500,
罗静,女,166,招聘网站,已淘汰,2025-03-18,27800,
曾慧,女,167,招聘网站,已淘汰,2025-04-07,7700,
曹刚,男,167,招聘网站,已淘汰,2025-04-05,5500,
张玉,女,167,招聘网站,已淘汰,2025-04-15,7800,
蒋勇,男,167,校园招聘,已淘汰,2025-03-23,6300,
宋凯,男,168,猎头,已淘汰,2025-04-26,12300,
郭刚,男,168,校园招聘,拒绝offer,2025-04-29,15600,
蒋明,男,169,内推,已淘汰,2025-04-15,28400,
黄建国,男,169,内推,已淘汰,2025-04-11,27900,
魏思远,男,169,内推,已淘汰,2025-03-26,33000,
陈俊杰,男,170,招聘网站,已淘汰,2025-05-02,26300,
程伟,男,170,招聘网站,已淘汰,2025-05-02,25900,
宋欣怡,女,170,猎头,已淘汰,2025-04-15,21400,
梁勇,男,170,校园招聘,拒绝offer,2025-04-13,23800,
陈洋,男,170,校园招聘,已淘汰,2025-05-01,25400,
黄磊,男,170,猎头,拒绝offer,2025-04-21,23800,
徐建华,男,171,招聘网站,已淘汰,2025-04-14,16400,
袁丽,女,171,校园招聘,已淘汰,2025-04-19,15800,
郑雪莲,女,171,校园招聘,拒绝offer,2025-04-06,14700,
宋思琪,女,172,猎头,已淘汰,2025-05-23,18700,
程诗涵,女,172,校园招聘,已淘汰,2025-05-04,19200,
梁洋,男,172,内推,已淘汰,2025-05-15,20800,
蔡艳,女,172,招聘网站,已淘汰,2025-05-18,23900,
董建国,男,172,校园招聘,已淘汰,2025-05-10,23200,
何浩然,男,173,招聘网站,已淘汰,2025-05-20,29900,
赵勇,男,173,招聘网站,已淘汰,2025-04-30,33700,
罗俊,男,174,校园招聘,已淘汰,2025-04-26,18500,
周雅静,女,174,招聘网站,已淘汰,2025-05-09,18100,
韩勇,男,174,校园招聘,已淘汰,2025-05-11,22300,
田健,男,174,招聘网站,已淘汰,2025-05-13,23700,
胡强,男,174,内推,已淘汰,2025-05-08,25100,
曹慧,女,175,内推,已淘汰,2025-06-28,17400,
魏建国,男,175,内推,已淘汰,2025-06-18,17800,
袁志强,男,175,猎头,已淘汰,2025-06-16,16600,
潘磊,男,175,猎头,已淘汰,2025-06-17,15900,
董丽,女,175,招聘网站,已淘汰,2025-06-14,16400,
郭磊,男,176,招聘网站,拒绝offer,2025-06-01,46900,
许建华,男,176,内推,已淘汰,2025-06-02,39300,
李浩,男,176,猎头,拒绝offer,2025-06-21,43900,
蒋琳,女,176,内推,已淘汰,2025-06-14,52800,
高杰,男,176,招聘网站,已淘汰,2025-06-22,46700,
袁杰,男,177,猎头,已淘汰,2025-06-10,7500,
董涛,男,177,内推,已淘汰,2025-06-01,7100,
黄雨欣,女,178,校园招聘,已淘汰,2025-06-17,14000,
肖俊,男,178,校园招聘,已淘汰,2025-05-30,19100,
苏健,男,178,内推,已淘汰,2025-06-03,14100,
杜子轩,男,178,招聘网站,已淘汰,2025-06-16,15500,
赵建国,男,178,招聘网站,已淘汰,2025-06-11,18300,
冯文博,男,178,内推,已淘汰,2025-06-13,15900,
胡晓东,男,179,内推,已淘汰,2025-06-19,36000,
蔡莹,女,179,猎头,已淘汰,2025-05-31,35600,
梁军,男,179,猎头,拒绝offer,2025-06-23,31100,
蔡波,男,179,猎头,已淘汰,2025-06-16,38400,
谢玉,女,180,内推,已淘汰,2025-07-11,6400,
蔡俊杰,男,180,校园招聘,已淘汰,2025-07-09,7800,
刘帆,男,180,校园招聘,已淘汰,2025-06-27,7100,
周梦琪,女,181,招聘网站,已淘汰,2025-07-05,10200,
罗宇,男,181,招聘网站,已淘汰,2025-07-15,12300,
肖雪,女,181,校园招聘,已淘汰,2025-07-18,9800,
冯玉,女,181,猎头,已淘汰,2025-07-17,11400,
潘帆,男,182,内推,已淘汰,2025-08-12,53800,
宋俊,男,182,内推,已淘汰,2025-08-10,51700,
邓敏,女,182,招聘网站,已淘汰,2025-08-09,41400,
谢静,女,182,内推,已淘汰,2025-08-20,50700,
叶思远,男,182,内推,已淘汰,2025-08-17,43500,
余晓燕,女,183,校园招聘,已淘汰,2025-09-04,9700,
唐凯,男,183,校园招聘,已淘汰,2025-09-05,9700,
梁俊,男,183,招聘网站,已淘汰,2025-08-11,10300,
唐雪,女,184,招聘网站,已淘汰,2025-08-12,37400,
黄静,女,184,校园招聘,已淘汰,2025-08-19,34600,
何娜,女,184,招聘网站,已淘汰,2025-08-26,38200,
宋辉,男,185,猎头,已淘汰,2025-08-06,48500,
杜雪莲,女,185,招聘网站,已淘汰,2025-08-19,40300,
吴勇,男,185,内推,已淘汰,2025-08-13,56000,
许明,男,186,校园招聘,已淘汰,2025-08-03,16600,
彭娜,女,186,校园招聘,已淘汰,2025-08-22,14000,
何建华,男,186,内推,已淘汰,2025-08-26,12800,
赵帆,男,186,校园招聘,已淘汰,2025-08-14,14400,
苏强,男,186,内推,已淘汰,2025-08-04,13800,
徐志强,男,187,猎头,已淘汰,2025-08-01,12000,
宋斌,男,187,内推,已淘汰,2025-08-16,9800,
叶志强,男,188,内推,已淘汰,2025-08-20,5700,
邓斌,男,188,招聘网站,已淘汰,2025-08-19,7900,
彭浩,男,188,校园招聘,已淘汰,2025-08-21,6400,
王晓燕,女,188,校园招聘,已淘汰,2025-08-23,6900,
董俊杰,男,188,招聘网站,已淘汰,2025-08-05,6700,
蒋丽,女,188,内推,已淘汰,2025-08-06,6600,
黄婷,女,189,内推,已淘汰,2025-08-11,10000,
吴伟,男,189,招聘网站,拒绝offer,2025-08-13,11300,
潘丽,女,189,招聘网站,已淘汰,2025-07-26,13200,
王晓东,男,189,招聘网站,已淘汰,2025-08-01,12800,
董佳怡,女,190,校园招聘,已淘汰,2025-08-24,25900,
朱海燕,女,190,招聘网站,已淘汰,2025-08-10,18800,
曹颖,女,190,校园招聘,已淘汰,2025-08-08,22000,
高欣怡,女,190,猎头,拒绝offer,2025-08-11,25100,
谢海燕,女,190,内推,已淘汰,2025-08-13,26000,
邓涛,男,191,猎头,已淘汰,2025-09-18,14800,
何慧,女,191,内推,已淘汰,2025-09-12,12700,
梁玉,女,192,猎头,已淘汰,2025-09-30,16000,
董子轩,男,192,内推,已淘汰,2025-09-27,12700,
刘子轩,男,192,内推,已淘汰,2025-09-29,11200,
苏刚,男,192,招聘网站,已淘汰,2025-09-30,13800,
苏丽,女,193,内推,已淘汰,2025-09-23,9300,
杜强,男,193,校园招聘,已淘汰,2025-09-12,11200,
吕军,男,193,猎头,已淘汰,2025-09-18,8900,
何帆,男,193,校园招聘,已淘汰,2025-09-20,9600,
林丽,女,194,校园招聘,已淘汰,2025-09-28,31700,
林俊,男,194,猎头,已淘汰,2025-09-18,25700,
叶诗涵,女,195,招聘网站,拒绝offer,2025-09-27,10800,
杨刚,男,195,内推,已淘汰,2025-09-24,11500,
徐雅静,女,195,招聘网站,已淘汰,2025-09-07,12100,
蒋凯,男,195,内推,已淘汰,2025-09-12,9200,
陈佳怡,女,195,招聘网站,已淘汰,2025-09-03,9600,
吕辉,男,195,招聘网站,已淘汰,2025-09-09,11800,
余帆,男,196,招聘网站,已淘汰,2025-09-11,35600,
袁琳,女,196,招聘网站,已淘汰,2025-09-27,31100,
孙建华,男,196,校园招聘,已淘汰,2025-09-22,31500,
马涛,男,196,校园招聘,已淘汰,2025-09-21,36700,
梁涛,男,197,招聘网站,已淘汰,2025-09-06,23000,
黄文博,男,197,内推,拒绝offer,2025-08-27,18800,
吕晓东,男,197,招聘网站,已淘汰,2025-08-30,16900,
吴辉,男,198,内推,已淘汰,2025-09-11,5500,
郑欣怡,女,198,校园招聘,拒绝offer,2025-09-20,5600,
苏娟,女,198,招聘网站,已淘汰,2025-09-17,5900,
郭雅静,女,198,校园招聘,已淘汰,2025-09-30,6400,
高海燕,女,199,校园招聘,已淘汰,2025-10-12,16500,
郑婷,女,199,招聘网站,已淘汰,2025-10-24,11600,
杜佳怡,女,199,内推,已淘汰,2025-10-18,12600,
陈浩然,男,199,招聘网站,已淘汰,2025-10-30,14100,
冯磊,男,200,招聘网站,已淘汰,2025-10-08,45100,
唐宇,男,200,猎头,已淘汰,2025-10-23,52000,
马浩然,男,200,内推,已淘汰,2025-10-18,57400,
黄强,男,200,内推,已淘汰,2025-10-20,45000,
肖欣怡,女,200,内推,已淘汰,2025-10-27,50600,
赵莹,女,201,校园招聘,已淘汰,2025-10-10,13700,
韩思远,男,201,招聘网站,已淘汰,2025-10-09,16900,
潘欣怡,女,201,猎头,已淘汰,2025-10-19,13200,
王志强,男,201,招聘网站,已淘汰,2025-09-29,14200,
韩波,男,202,内推,已淘汰,2025-10-26,19600,
许海燕,女,202,招聘网站,已淘汰,2025-10-28,22300,
袁婷,女,202,内推,已淘汰,2025-10-24,17700,
韩雪莲,女,202,校园招聘,已淘汰,2025-10-25,17700,
肖雅静,女,203,招聘网站,已淘汰,2025-10-24,9800,
张婷,女,203,招聘网站,已淘汰,2025-10-21,11700,
刘佳怡,女,203,招聘网站,拒绝offer,2025-10-17,9000,
吴婷,女,203,招聘网站,已淘汰,2025-10-11,12400,
魏艳,女,204,内推,已淘汰,2025-11-13,12600,
何思琪,女,204,内推,已淘汰,2025-11-10,15100,
刘颖,女,204,招聘网站,已淘汰,2025-11-16,15400,
潘晓东,男,204,内推,已淘汰,2025-11-30,14600,
高健,男,205,内推,已淘汰,2025-11-18,19900,
胡建国,男,205,招聘网站,已淘汰,2025-11-27,18300,
曾晓雯,女,205,校园招聘,已淘汰,2025-11-11,20500,
郑斌,男,205,招聘网站,已淘汰,2025-11-20,21400,
谢军,男,205,招聘网站,已淘汰,2025-11-17,24900,
徐洋,男,206,内推,已淘汰,2025-11-08,15100,
宋敏,女,206,招聘网站,已淘汰,2025-11-03,17600,
田佳怡,女,206,内推,已淘汰,2025-11-02,19900,
张俊杰,男,207,招聘网站,已淘汰,2025-11-05,14400,
田浩,男,207,招聘网站,已淘汰,2025-11-10,15300,
吴帆,男,208,招聘网站,已淘汰,2025-12-20,6400,
罗慧,女,208,招聘网站,已淘汰,2025-12-28,5400,
周斌,男,208,招聘网站,已淘汰,2025-12-11,7900,
曹涛,男,208,招聘网站,已淘汰,2025-12-05,6300,
赵思远,男,208,招聘网站,已淘汰,2025-12-05,7500,
袁明,男,208,内推,已淘汰,2025-12-15,5700,
蔡海燕,女,209,内推,已淘汰,2025-12-22,9500,
周慧,女,209,猎头,已淘汰,2025-12-18,9900,
杨雪,女,209,内推,已淘汰,2025-12-21,11500,
潘子轩,男,209,内推,拒绝offer,2025-11-30,8100,
胡娜,女,209,招聘网站,已淘汰,2025-11-29,8600,
张梦琪,女,210,招聘网站,已淘汰,2025-12-12,39800,
黄慧,女,210,招聘网站,已淘汰,2025-12-28,49000,
唐斌,男,210,招聘网站,已淘汰,2025-12-05,42100,
彭海燕,女,210,招聘网站,已淘汰,2025-12-17,40800,
杜晓燕,女,210,招聘网站,已淘汰,2025-12-03,57400,
郭晨,男,210,内推,拒绝offer,2025-12-22,44000,
许波,男,211,内推,已淘汰,2026-01-09,25200,
邓刚,男,211,内推,已淘汰,2026-01-09,18700,
蒋玉,女,211,招聘网站,已淘汰,2026-01-05,20600,
许娟,女,211,招聘网站,已淘汰,2026-01-09,20600,
潘健,男,211,猎头,已淘汰,2026-01-18,23500,
陈雪莲,女,211,内推,已淘汰,2026-01-22,23600,
曹伟,男,212,猎头,拒绝offer,2026-01-07,11800,
叶雨欣,女,212,招聘网站,已淘汰,2026-01-30,14200,
黄晓燕,女,213,猎头,已淘汰,2026-01-10,11600,
李勇,男,213,校园招聘,已淘汰,2026-01-10,10800,
蔡明,男,213,招聘网站,已淘汰,2026-02-03,10600,
梁刚,男,214,校园招聘,已淘汰,2026-02-09,6100,
李艳,女,214,猎头,已淘汰,2026-02-06,6500,
蔡晓燕,女,214,内推,已淘汰,2026-02-15,7300,
叶雪莲,女,214,内推,已淘汰,2026-01-28,8400,
肖帆,男,214,猎头,已淘汰,2026-02-09,5900,
程玉,女,214,招聘网站,已淘汰,2026-02-16,7400,
马静,女,215,校园招聘,已淘汰,2026-02-04,10900,
冯芳,女,215,招聘网站,拒绝offer,2026-02-11,11200,
吴静,女,216,校园招聘,已淘汰,2026-02-11,11600,
宋建国,男,216,招聘网站,已淘汰,2026-02-01,12700,
罗浩然,男,216,校园招聘,已淘汰,2026-02-19,14800,
胡晨,男,216,猎头,已淘汰,2026-02-01,12400,
黄志强,男,216,招聘网站,已淘汰,2026-02-23,13300,
蒋佳怡,女,217,内推,已淘汰,2026-02-17,24400,
王娟,女,217,招聘网站,拒绝offer,2026-02-18,31600,
刘敏,女,217,猎头,已淘汰,2026-02-09,28200,
余子轩,男,217,招聘网站,已淘汰,2026-02-24,25500,
吴子轩,男,217,猎头,已淘汰,2026-02-13,29200,
魏浩然,男,217,校园招聘,已淘汰,2026-02-18,32800,
赵雨欣,女,218,招聘网站,已淘汰,2026-02-17,20400,
韩磊,男,218,招聘网站,已淘汰,2026-02-22,15000,
罗军,男,218,招聘网站,已淘汰,2026-02-18,14600,
李丽,女,218,内推,已淘汰,2026-02-24,15900,
郭明,男,218,招聘网站,已淘汰,2026-02-22,16300,
郭丽,女,218,内推,已淘汰,2026-02-20,18000,
杜玉,女,219,猎头,已淘汰,2026-02-26,25800,
孙思远,男,219,招聘网站,已淘汰,2026-02-24,24600,
郭建华,男,219,校园招聘,已淘汰,2026-02-26,23500,
肖静,女,219,校园招聘,已淘汰,2026-02-28,25600,
李辉,男,219,招聘网站,拒绝offer,2026-03-02,22200,
蒋思琪,女,219,招聘网站,已淘汰,2026-02-15,24000,
余娟,女,220,内推,已淘汰,2026-01-31,31600,
郭俊,男,220,内推,已淘汰,2026-01-30,32300,
董芳,女,220,内推,已淘汰,2026-02-07,31300,
马海燕,女,220,校园招聘,已淘汰,2026-02-13,38300,
陈晓燕,女,220,校园招聘,已淘汰,2026-02-05,36600,
朱俊杰,男,221,招聘网站,已淘汰,2026-02-06,15200,
黄勇,男,221,招聘网站,已淘汰,2026-02-24,17900,
李芳,女,221,招聘网站,已淘汰,2026-02-09,16600,
肖晓雯,女,221,内推,已淘汰,2026-02-05,20600,
赵娟,女,221,校园招聘,已淘汰,2026-02-24,18700,
胡俊杰,男,222,招聘网站,已淘汰,2026-02-01,21100,
孙芳,女,222,招聘网站,已淘汰,2026-02-13,18200,
彭雪,女,222,校园招聘,已淘汰,2026-01-27,18700,
苏莹,女,222,猎头,已淘汰,2026-02-01,19900,
梁磊,男,222,招聘网站,已淘汰,2026-01-29,18300,
何晓雯,女,222,内推,已淘汰,2026-01-29,21700,
吴丽,女,223,内推,已淘汰,2026-02-05,18400,
吕艳,女,223,招聘网站,已淘汰,2026-02-21,23900,
朱晓燕,女,223,内推,已淘汰,2026-02-25,21800,
冯海燕,女,224,招聘网站,已淘汰,2026-02-07,43400,
何婷,女,224,招聘网站,已淘汰,2026-01-30,38600,
蔡雪莲,女,224,内推,已淘汰,2026-02-02,45400,
高丽,女,225,招聘网站,已淘汰,2026-03-12,6600,
谢芳,女,225,招聘网站,已淘汰,2026-03-18,5500,
韩静,女,225,猎头,已淘汰,2026-03-27,7700,
宋勇,男,225,招聘网站,已淘汰,2026-03-07,7500,
曹佳怡,女,226,招聘网站,已淘汰,2026-03-13,10300,
苏文博,男,226,猎头,已淘汰,2026-03-11,11100,
张建国,男,226,内推,已淘汰,2026-03-13,9500,
郑宇,男,226,招聘网站,已淘汰,2026-03-08,12500,
董勇,男,226,招聘网站,已淘汰,2026-03-25,9900,
李琳,女,226,内推,已淘汰,2026-03-11,12800,
苏颖,女,227,校园招聘,已淘汰,2026-03-13,7700,
孙娟,女,227,招聘网站,已淘汰,2026-03-08,7800,
曾海燕,女,227,招聘网站,已淘汰,2026-03-11,8000,
李俊杰,男,227,招聘网站,已淘汰,2026-03-03,6400,
何辉,男,227,猎头,已淘汰,2026-03-01,7400,
袁天宇,男,227,校园招聘,已淘汰,2026-03-09,8300,
程娜,女,228,内推,已淘汰,2026-02-24,12300,
唐强,男,228,内推,已淘汰,2026-03-17,11200,
程宇,男,228,招聘网站,已淘汰,2026-03-08,12700,
魏雨欣,女,228,招聘网站,已淘汰,2026-03-18,12800,
袁海燕,女,228,猎头,已淘汰,2026-03-18,11000,
梁俊杰,男,229,招聘网站,已淘汰,2026-03-08,8700,
董梦琪,女,229,招聘网站,已淘汰,2026-03-12,12600,
潘文博,男,229,招聘网站,已淘汰,2026-03-16,10400,
郭晓燕,女,229,招聘网站,已淘汰,2026-03-22,11800,
叶晓东,男,229,招聘网站,已淘汰,2026-03-23,9800,
高斌,男,229,内推,已淘汰,2026-03-25,13000,
吴玉,女,230,招聘网站,已淘汰,2026-03-06,16500,
邓晓东,男,230,招聘网站,已淘汰,2026-03-08,14300,
梁晓燕,女,230,招聘网站,拒绝offer,2026-03-01,14000,
刘雪莲,女,230,猎头,已淘汰,2026-03-17,15100,
肖诗涵,女,230,内推,已淘汰,2026-03-14,14900,
田慧,女,231,校园招聘,已淘汰,2026-04-06,22500,
刘俊,男,231,招聘网站,已淘汰,2026-03-13,21500,
唐静,女,231,校园招聘,已淘汰,2026-03-26,26300,
蔡娜,女,231,内推,已淘汰,2026-03-22,22300,
郭艳,女,231,招聘网站,已淘汰,2026-03-22,25500,
张雅静,女,232,内推,已淘汰,2026-04-17,30900,
徐雪莲,女,232,内推,拒绝offer,2026-04-11,39100,
余雪莲,女,232,内推,已淘汰,2026-05-02,37700,
彭帆,男,233,内推,已淘汰,2026-03-31,32400,
谢晓雯,女,233,招聘网站,已淘汰,2026-03-28,38500,
袁雪,女,233,猎头,已淘汰,2026-03-31,36400,
周帆,男,234,招聘网站,已淘汰,2026-05-21,7700,
许军,男,234,校园招聘,已淘汰,2026-05-16,5900,
杜伟,男,234,招聘网站,已淘汰,2026-05-20,6300,
宋颖,女,235,猎头,已淘汰,2026-05-04,12900,
魏波,男,235,校园招聘,拒绝offer,2026-05-01,12200,
马晓燕,女,235,猎头,已淘汰,2026-05-12,11300,
田娜,女,235,招聘网站,已淘汰,2026-05-10,15800,
孙浩然,男,235,内推,已淘汰,2026-05-09,11300,
冯子轩,男,235,校园招聘,已淘汰,2026-05-07,13700,
张娟,女,236,内推,已淘汰,2026-05-31,12500,
冯晨,男,236,招聘网站,已淘汰,2026-05-29,9300,
郭建国,男,237,招聘网站,已淘汰,2026-05-01,30300,
徐晓燕,女,237,校园招聘,已淘汰,2026-05-01,36300,
杨娜,女,237,内推,已淘汰,2026-05-02,32300,
胡佳怡,女,237,招聘网站,已淘汰,2026-05-16,35900,
曾志强,男,237,招聘网站,已淘汰,2026-05-23,37400,
程梦琪,女,238,校园招聘,已淘汰,2026-04-29,12100,
罗斌,男,238,招聘网站,拒绝offer,2026-04-27,10600,
林帆,男,238,招聘网站,已淘汰,2026-05-05,12600,
苏佳怡,女,239,招聘网站,已淘汰,2026-05-16,18200,
曹俊杰,男,239,招聘网站,已淘汰,2026-05-19,16500,
蒋斌,男,240,招聘网站,已淘汰,2026-06-12,17400,
肖晨,男,240,招聘网站,拒绝offer,2026-05-30,20400,
刘建华,男,240,招聘网站,已淘汰,2026-06-02,17600,
赵雪莲,女,240,内推,已淘汰,2026-06-10,16500,
冯娟,女,240,招聘网站,已淘汰,2026-05-31,19100,
马磊,男,240,招聘网站,已淘汰,2026-06-14,20700,
袁晓东,男,241,招聘网站,拒绝offer,2026-06-08,8400,
孙建国,男,241,猎头,已淘汰,2026-06-09,9300,
魏雪,女,241,内推,已淘汰,2026-06-04,9900,
余浩,男,241,招聘网站,已淘汰,2026-06-11,10600,
王俊杰,男,241,招聘网站,拒绝offer,2026-05-24,11400,
罗琳,女,242,内推,已淘汰,2026-05-31,20600,
叶慧,女,242,招聘网站,已淘汰,2026-06-20,18600,
王强,男,242,招聘网站,已淘汰,2026-05-30,14500,
李志强,男,242,内推,已淘汰,2026-06-14,16700,
彭勇,男,242,招聘网站,已淘汰,2026-06-18,20300,
魏勇,男,243,招聘网站,已淘汰,2026-06-10,14800,
叶浩然,男,243,校园招聘,已淘汰,2026-06-27,11700,
徐刚,男,243,内推,已淘汰,2026-06-27,13500,
徐娟,女,243,招聘网站,已淘汰,2026-07-02,12100,
邓波,男,243,内推,已淘汰,2026-07-02,14300,
余诗涵,女,243,内推,已淘汰,2026-06-19,12300,
唐欣怡,女,244,内推,已淘汰,2026-06-29,15000,
杨建华,男,244,猎头,已淘汰,2026-06-05,12700,
许梦琪,女,244,招聘网站,已淘汰,2026-06-30,12600,
谢雪莲,女,244,招聘网站,已淘汰,2026-06-06,12900,
郭颖,女,244,内推,已淘汰,2026-06-23,13500,
刘思远,男,245,猎头,已淘汰,2026-05-27,13100,
肖海燕,女,245,招聘网站,拒绝offer,2026-05-26,16900,
程杰,男,246,内推,已淘汰,2026-07-01,14900,
王诗涵,女,246,内推,已淘汰,2026-07-02,11800,
吴芳,女,246,招聘网站,已淘汰,2026-07-09,12900,
田文博,男,246,校园招聘,已淘汰,2026-07-01,13800,
周敏,女,246,校园招聘,已淘汰,2026-06-29,15700,
唐伟,男,246,招聘网站,已淘汰,2026-07-17,14400,
曹娜,女,247,招聘网站,拒绝offer,2026-07-10,20700,
冯雪莲,女,247,校园招聘,已淘汰,2026-07-06,23000,
蔡欣怡,女,247,招聘网站,已淘汰,2026-07-11,23800,
郭斌,男,247,内推,已淘汰,2026-07-03,23700,
冯娜,女,247,招聘网站,已淘汰,2026-06-29,19100,
田晨,男,248,内推,面试中,2026-07-09,14500,
罗帆,男,248,招聘网站,已淘汰,2026-07-13,16200,
陈婷,女,248,招聘网站,已淘汰,2026-07-08,18600,
程明,男,248,招聘网站,已淘汰,2026-07-01,15100,
吕洋,男,248,招聘网站,拒绝offer,2026-07-07,19300,
徐波,男,248,招聘网站,已淘汰,2026-06-28,19000,
苏伟,男,249,招聘网站,已淘汰,2026-06-27,12600,
刘玉,女,249,招聘网站,已淘汰,2026-07-10,10100,
郑晓雯,女,249,校园招聘,已淘汰,2026-07-06,9000,
陈娜,女,249,校园招聘,已淘汰,2026-06-30,11100,
余斌,男,249,招聘网站,已淘汰,2026-07-08,12900,
