cand_id,round,interviewer_id,interview_date,score,result
1,一面,293,2022-12-24,72.6,通过
1,二面,331,2022-12-29,93.9,通过
1,三面,752,2023-01-03,68.6,通过
1,HR面,721,2023-01-14,94.8,通过
2,一面,579,2023-01-04,93.5,通过
2,二面,721,2023-01-14,79.7,通过
3,一面,536,2022-12-14,85.8,通过
3,二面,721,2022-12-26,93.7,通过
4,一面,44,2022-12-02,68.8,通过
4,二面,635,2022-12-13,72.8,通过
5,一面,31,2022-12-29,87.7,通过
5,二面,123,2023-01-08,92.2,通过
5,三面,334,2023-01-17,91.0,通过
5,HR面,19,2023-01-23,81.7,通过
6,一面,714,2022-12-02,88.8,通过
6,二面,386,2022-12-11,87.0,通过
7,一面,96,2023-01-17,80.4,通过
7,二面,83,2023-01-28,84.8,通过
7,三面,220,2023-02-06,74.0,通过
7,HR面,34,2023-02-15,74.6,通过
8,一面,367,2023-01-22,78.0,通过
8,二面,334,2023-01-28,77.0,通过
8,三面,689,2023-02-07,93.2,通过
9,一面,306,2022-12-27,75.2,通过
9,二面,463,2023-01-02,87.7,通过
9,三面,633,2023-01-09,93.4,通过
9,HR面,496,2023-01-21,73.5,通过
10,一面,45,2023-01-23,70.4,通过
10,二面,456,2023-01-28,79.0,通过
10,三面,718,2023-02-07,77.6,通过
10,HR面,179,2023-02-15,93.9,通过
11,一面,379,2023-02-21,93.6,通过
11,二面,49,2023-03-04,76.3,通过
11,三面,528,2023-03-11,75.4,通过
11,HR面,173,2023-03-22,91.0,通过
12,一面,277,2023-01-26,74.7,通过
12,二面,19,2023-02-06,93.5,通过
13,一面,309,2023-02-17,75.2,通过
13,二面,682,2023-02-23,87.0,通过
13,三面,721,2023-03-02,85.8,通过
14,一面,557,2023-03-17,89.3,通过
14,二面,484,2023-03-23,82.0,通过
15,一面,20,2023-03-04,83.1,通过
15,二面,173,2023-03-13,91.1,通过
16,一面,530,2023-02-27,80.7,通过
16,二面,746,2023-03-09,92.0,通过
16,三面,179,2023-03-21,94.1,通过
17,一面,537,2023-02-22,70.1,通过
17,二面,497,2023-03-02,72.1,通过
17,三面,663,2023-03-13,68.8,通过
17,HR面,482,2023-03-23,81.5,通过
18,一面,362,2023-03-04,85.3,通过
18,二面,28,2023-03-09,75.8,通过
18,三面,254,2023-03-17,77.8,通过
19,一面,589,2023-01-30,82.3,通过
19,二面,366,2023-02-05,86.8,通过
19,三面,143,2023-02-10,92.2,通过
20,一面,51,2023-02-18,73.6,通过
20,二面,386,2023-02-27,93.2,通过
21,一面,109,2023-01-19,87.6,通过
21,二面,525,2023-01-29,87.4,通过
22,一面,753,2023-02-21,68.1,通过
22,二面,690,2023-02-28,69.4,通过
22,三面,571,2023-03-10,72.2,通过
23,一面,673,2023-02-07,85.4,通过
23,二面,728,2023-02-11,93.8,通过
23,三面,495,2023-02-17,88.9,通过
24,一面,760,2023-02-03,85.9,通过
24,二面,200,2023-02-09,78.1,通过
25,一面,295,2023-02-17,83.1,通过
25,二面,143,2023-02-21,83.5,通过
26,一面,528,2023-02-04,81.0,通过
26,二面,715,2023-02-08,81.2,通过
27,一面,261,2023-02-23,91.4,通过
27,二面,270,2023-02-28,79.4,通过
27,三面,125,2023-03-04,83.1,通过
28,一面,609,2023-02-14,84.9,通过
28,二面,93,2023-02-22,91.2,通过
28,三面,273,2023-02-27,74.8,通过
28,HR面,129,2023-03-11,75.0,通过
29,一面,18,2023-02-15,94.7,通过
29,二面,697,2023-02-24,68.3,通过
29,三面,99,2023-03-01,85.2,通过
29,HR面,116,2023-03-07,74.1,通过
30,一面,380,2023-03-14,78.0,通过
30,二面,116,2023-03-20,72.9,通过
31,一面,288,2023-03-27,93.6,通过
31,二面,713,2023-04-04,73.9,通过
31,三面,635,2023-04-08,84.4,通过
32,一面,477,2023-04-04,71.7,通过
32,二面,437,2023-04-12,87.9,通过
32,三面,664,2023-04-21,81.8,通过
32,HR面,116,2023-04-29,84.2,通过
33,一面,753,2023-03-02,94.7,通过
33,二面,243,2023-03-12,91.3,通过
33,三面,633,2023-03-22,91.7,通过
33,HR面,200,2023-04-01,72.7,通过
34,一面,622,2023-04-06,82.9,通过
34,二面,200,2023-04-13,81.0,通过
35,一面,752,2023-04-02,89.2,通过
35,二面,406,2023-04-14,72.4,通过
35,三面,200,2023-04-22,77.4,通过
36,一面,500,2023-04-06,82.5,通过
36,二面,200,2023-04-11,75.9,通过
37,一面,6,2023-03-26,72.8,通过
37,二面,2,2023-03-30,78.6,通过
37,三面,231,2023-04-04,91.0,通过
37,HR面,483,2023-04-11,86.7,通过
38,一面,536,2023-04-08,75.8,通过
38,二面,538,2023-04-15,89.6,通过
38,三面,698,2023-04-22,83.5,通过
38,HR面,496,2023-04-28,89.3,通过
39,一面,746,2023-03-16,68.4,通过
39,二面,728,2023-03-27,92.1,通过
39,三面,129,2023-04-03,70.1,通过
40,一面,760,2023-03-23,93.4,通过
40,二面,111,2023-03-30,77.6,通过
40,三面,643,2023-04-10,69.8,通过
41,一面,355,2023-03-24,68.6,通过
41,二面,438,2023-04-03,95.0,通过
41,三面,762,2023-04-07,77.8,通过
41,HR面,9,2023-04-17,91.2,通过
42,一面,380,2023-03-21,91.7,通过
42,二面,495,2023-03-28,92.3,通过
43,一面,413,2023-04-05,94.1,通过
43,二面,477,2023-04-17,86.4,通过
43,三面,106,2023-04-28,75.9,通过
43,HR面,173,2023-05-06,72.6,通过
44,一面,79,2023-03-06,92.6,通过
44,二面,20,2023-03-18,81.1,通过
44,三面,496,2023-03-30,71.1,通过
45,一面,752,2023-03-19,75.0,通过
45,二面,443,2023-03-28,93.3,通过
46,一面,520,2023-03-05,89.3,通过
46,二面,484,2023-03-14,71.7,通过
47,一面,407,2023-04-21,80.9,通过
47,二面,261,2023-04-28,74.3,通过
47,三面,484,2023-05-08,94.3,通过
48,一面,287,2023-04-11,71.2,通过
48,二面,34,2023-04-16,86.2,通过
48,三面,348,2023-04-20,75.3,通过
49,一面,537,2023-04-08,83.4,通过
49,二面,726,2023-04-15,74.1,通过
49,三面,44,2023-04-23,71.6,通过
49,HR面,20,2023-04-27,77.8,通过
50,一面,634,2023-04-18,79.2,通过
50,二面,386,2023-04-24,81.2,通过
51,一面,713,2023-05-02,76.9,通过
51,二面,597,2023-05-06,75.7,通过
51,三面,116,2023-05-16,77.9,通过
52,一面,220,2023-04-16,72.7,通过
52,二面,498,2023-04-24,94.7,通过
53,一面,633,2023-04-13,85.1,通过
53,二面,438,2023-04-22,88.4,通过
53,三面,20,2023-04-30,88.1,通过
54,一面,690,2023-04-27,92.7,通过
54,二面,631,2023-05-07,74.4,通过
54,三面,207,2023-05-15,80.1,通过
55,一面,367,2023-04-02,78.3,通过
55,二面,116,2023-04-07,90.9,通过
56,一面,288,2023-04-08,69.4,通过
56,二面,721,2023-04-14,83.4,通过
57,一面,129,2023-06-05,93.8,通过
57,二面,546,2023-06-17,83.6,通过
57,三面,609,2023-06-27,70.2,通过
57,HR面,484,2023-07-09,94.2,通过
58,一面,202,2023-05-07,73.9,通过
58,二面,483,2023-05-17,76.6,通过
59,一面,18,2023-06-11,89.8,通过
59,二面,20,2023-06-19,85.1,通过
60,一面,520,2023-06-13,76.0,通过
60,二面,609,2023-06-22,79.4,通过
60,三面,531,2023-06-29,91.0,通过
60,HR面,571,2023-07-03,87.6,通过
61,一面,377,2023-05-23,81.4,通过
61,二面,2,2023-06-01,82.6,通过
61,三面,381,2023-06-08,74.6,通过
61,HR面,721,2023-06-18,76.5,通过
62,一面,287,2023-05-23,77.1,通过
62,二面,311,2023-05-30,92.6,通过
62,三面,89,2023-06-06,69.5,通过
62,HR面,643,2023-06-18,86.3,通过
63,一面,664,2023-05-24,91.2,通过
63,二面,483,2023-05-30,70.1,通过
64,一面,436,2023-06-04,91.2,通过
64,二面,173,2023-06-10,86.5,通过
65,一面,242,2023-05-16,82.1,通过
65,二面,160,2023-05-22,78.8,通过
65,三面,254,2023-05-31,68.3,通过
66,一面,462,2023-06-18,88.7,通过
66,二面,537,2023-06-22,74.1,通过
66,三面,129,2023-07-04,76.5,通过
67,一面,51,2023-07-01,80.7,通过
67,二面,760,2023-07-10,68.7,通过
67,三面,143,2023-07-21,74.0,通过
68,一面,5,2023-06-28,83.1,通过
68,二面,336,2023-07-10,95.0,通过
68,三面,166,2023-07-22,77.6,通过
68,HR面,348,2023-07-31,74.3,通过
69,一面,362,2023-06-24,91.7,通过
69,二面,464,2023-07-06,87.6,通过
69,三面,419,2023-07-13,89.6,通过
69,HR面,524,2023-07-23,72.4,通过
70,一面,114,2023-05-31,89.6,通过
70,二面,557,2023-06-07,94.5,通过
70,三面,635,2023-06-11,72.3,通过
71,一面,270,2023-07-11,91.4,通过
71,二面,463,2023-07-16,70.7,通过
71,三面,497,2023-07-27,79.6,通过
71,HR面,9,2023-08-03,69.2,通过
72,一面,213,2023-06-17,80.2,通过
72,二面,348,2023-06-21,93.8,通过
73,一面,698,2023-06-07,90.8,通过
73,二面,179,2023-06-17,77.4,通过
74,一面,639,2023-07-11,92.8,通过
74,二面,495,2023-07-22,80.1,通过
75,一面,619,2023-06-06,92.8,通过
75,二面,557,2023-06-12,92.4,通过
75,三面,529,2023-06-20,71.6,通过
75,HR面,635,2023-06-26,70.3,通过
76,一面,40,2023-08-09,89.5,通过
76,二面,386,2023-08-15,81.7,通过
77,一面,457,2023-08-02,73.5,通过
77,二面,14,2023-08-09,75.4,通过
77,三面,294,2023-08-16,92.1,通过
77,HR面,278,2023-08-24,92.9,通过
78,一面,457,2023-07-10,85.9,通过
78,二面,726,2023-07-14,78.7,通过
78,三面,302,2023-07-23,85.1,通过
78,HR面,482,2023-08-01,91.6,通过
79,一面,1,2023-07-20,68.1,通过
79,二面,140,2023-07-24,88.1,通过
79,三面,482,2023-07-30,78.0,通过
80,一面,456,2023-06-28,82.8,通过
80,二面,498,2023-07-02,76.6,通过
81,一面,760,2023-07-22,75.8,通过
81,二面,632,2023-08-03,93.5,通过
81,三面,520,2023-08-10,76.0,通过
81,HR面,443,2023-08-15,90.8,通过
82,一面,61,2023-07-06,87.9,通过
82,二面,443,2023-07-13,68.8,通过
83,一面,663,2023-07-26,84.8,通过
83,二面,265,2023-08-03,91.7,通过
83,三面,106,2023-08-07,84.2,通过
83,HR面,498,2023-08-18,83.9,通过
84,一面,18,2023-07-09,92.6,通过
84,二面,522,2023-07-18,68.5,通过
84,三面,86,2023-07-24,78.6,通过
84,HR面,254,2023-08-03,74.4,通过
85,一面,374,2023-08-23,76.7,通过
85,二面,2,2023-08-30,78.4,通过
85,三面,96,2023-09-04,82.0,通过
85,HR面,498,2023-09-16,70.5,通过
86,一面,622,2023-08-31,68.2,通过
86,二面,224,2023-09-04,78.8,通过
86,三面,522,2023-09-13,78.1,通过
86,HR面,207,2023-09-22,68.2,通过
87,一面,18,2023-07-26,92.5,通过
87,二面,348,2023-08-01,78.0,通过
88,一面,334,2023-09-04,70.3,通过
88,二面,715,2023-09-09,86.6,通过
89,一面,436,2023-08-24,92.3,通过
89,二面,387,2023-09-01,76.5,通过
90,一面,86,2023-09-06,70.9,通过
90,二面,125,2023-09-17,93.9,通过
91,一面,537,2023-08-15,94.3,通过
91,二面,7,2023-08-24,94.3,通过
91,三面,63,2023-09-02,83.9,通过
92,一面,306,2023-08-30,92.4,通过
92,二面,295,2023-09-08,78.1,通过
92,三面,261,2023-09-19,71.2,通过
92,HR面,63,2023-09-29,71.0,通过
93,一面,760,2023-08-16,78.4,通过
93,二面,166,2023-08-27,68.3,通过
93,三面,689,2023-09-06,70.5,通过
94,一面,220,2023-08-24,83.7,通过
94,二面,561,2023-08-30,79.1,通过
94,三面,8,2023-09-05,88.3,通过
94,HR面,163,2023-09-16,94.4,通过
95,一面,231,2023-08-13,69.1,通过
95,二面,638,2023-08-22,93.1,通过
95,三面,631,2023-09-01,69.4,通过
95,HR面,483,2023-09-13,93.7,通过
96,一面,637,2023-08-16,88.4,通过
96,二面,59,2023-08-26,74.8,通过
97,一面,637,2023-08-25,94.9,通过
97,二面,484,2023-09-05,84.9,通过
98,一面,1,2023-08-20,89.0,通过
98,二面,289,2023-08-30,82.2,通过
98,三面,443,2023-09-03,89.5,通过
99,一面,754,2023-08-29,92.6,通过
99,二面,405,2023-09-06,88.6,通过
99,三面,443,2023-09-16,78.1,通过
100,一面,597,2023-08-15,77.9,通过
100,二面,7,2023-08-21,85.0,通过
100,三面,571,2023-08-26,84.5,通过
101,一面,614,2023-09-21,89.8,通过
101,二面,106,2023-10-03,86.8,通过
101,三面,243,2023-10-12,86.5,通过
101,HR面,200,2023-10-22,92.8,通过
102,一面,198,2023-09-29,92.9,通过
102,二面,745,2023-10-11,76.4,通过
102,三面,143,2023-10-18,94.1,通过
103,一面,422,2023-09-09,81.6,通过
103,二面,690,2023-09-14,72.6,通过
103,三面,143,2023-09-25,85.6,通过
104,一面,456,2023-10-03,82.6,通过
104,二面,34,2023-10-14,78.9,通过
105,一面,294,2023-10-10,94.3,通过
105,二面,360,2023-10-17,92.1,通过
105,三面,386,2023-10-22,86.8,通过
106,一面,31,2023-09-17,86.4,通过
106,二面,463,2023-09-22,78.9,通过
106,三面,45,2023-09-28,90.6,通过
106,HR面,496,2023-10-02,76.8,通过
107,一面,265,2023-09-18,81.9,通过
107,二面,497,2023-09-29,88.1,通过
107,三面,20,2023-10-07,85.0,通过
108,一面,746,2023-09-12,93.4,通过
108,二面,125,2023-09-18,81.8,通过
109,一面,250,2023-09-23,89.4,通过
109,二面,207,2023-10-05,77.5,通过
110,一面,719,2023-09-05,88.3,通过
110,二面,383,2023-09-13,75.6,通过
110,三面,59,2023-09-24,92.5,通过
111,一面,180,2023-09-08,75.8,通过
111,二面,643,2023-09-20,77.3,通过
112,一面,6,2023-09-21,71.8,通过
112,二面,566,2023-09-29,73.5,通过
112,三面,538,2023-10-11,68.5,通过
112,HR面,721,2023-10-18,80.8,通过
113,一面,86,2023-10-30,89.3,通过
113,二面,348,2023-11-11,69.5,通过
114,一面,213,2023-10-10,70.8,通过
114,二面,179,2023-10-15,88.4,通过
115,一面,31,2023-10-21,94.4,通过
115,二面,109,2023-11-02,80.0,通过
115,三面,386,2023-11-13,74.7,通过
116,一面,727,2023-10-01,72.5,通过
116,二面,173,2023-10-07,83.7,通过
117,一面,537,2023-09-28,88.4,通过
117,二面,243,2023-10-09,82.0,通过
117,三面,483,2023-10-21,77.4,通过
118,一面,754,2023-10-22,84.7,通过
118,二面,204,2023-10-30,69.8,通过
118,三面,179,2023-11-06,89.9,通过
119,一面,673,2023-10-10,80.4,通过
119,二面,179,2023-10-18,89.2,通过
120,一面,520,2023-11-11,76.1,通过
120,二面,143,2023-11-19,72.5,通过
121,一面,536,2023-11-11,81.0,通过
121,二面,689,2023-11-15,80.7,通过
122,一面,636,2023-11-14,71.7,通过
122,二面,250,2023-11-25,78.6,通过
122,三面,721,2023-12-01,71.4,通过
123,一面,760,2023-11-24,91.0,通过
123,二面,143,2023-12-04,77.4,通过
124,一面,520,2023-11-11,86.7,通过
124,二面,761,2023-11-21,94.2,通过
124,三面,278,2023-11-29,90.6,通过
125,一面,99,2023-11-16,77.5,通过
125,二面,571,2023-11-26,79.8,通过
126,一面,51,2023-11-01,93.0,通过
126,二面,718,2023-11-10,71.5,通过
126,三面,116,2023-11-17,79.4,通过
127,一面,287,2023-10-28,71.5,通过
127,二面,632,2023-11-04,74.6,通过
127,三面,496,2023-11-15,93.3,通过
128,一面,698,2023-11-05,74.1,通过
128,二面,690,2023-11-13,76.6,通过
128,三面,7,2023-11-21,89.9,通过
128,HR面,143,2023-11-29,92.2,通过
129,一面,79,2023-11-21,78.7,通过
129,二面,520,2023-11-27,88.2,通过
129,三面,254,2023-12-05,92.7,通过
130,一面,89,2023-11-10,79.1,通过
130,二面,663,2023-11-20,83.3,通过
130,三面,524,2023-12-02,74.3,通过
131,一面,361,2023-12-13,76.3,通过
131,二面,1,2023-12-22,87.0,通过
131,三面,63,2023-12-28,83.7,通过
132,一面,752,2024-01-06,86.7,通过
132,二面,87,2024-01-13,92.2,通过
132,三面,254,2024-01-20,68.9,通过
133,一面,608,2023-12-03,76.1,通过
133,二面,405,2023-12-15,93.0,通过
133,三面,309,2023-12-24,89.9,通过
133,HR面,571,2023-12-31,80.7,通过
134,一面,690,2023-11-30,85.7,通过
134,二面,500,2023-12-08,76.1,通过
134,三面,690,2023-12-18,88.0,通过
134,HR面,63,2023-12-29,68.1,通过
135,一面,596,2023-12-15,78.6,通过
135,二面,20,2023-12-24,85.6,通过
136,一面,366,2023-12-12,94.0,通过
136,二面,755,2023-12-18,76.5,通过
136,三面,109,2023-12-24,81.7,通过
136,HR面,34,2024-01-02,80.3,通过
137,一面,111,2024-01-30,79.1,通过
137,二面,482,2024-02-11,83.8,通过
138,一面,40,2024-01-27,71.8,通过
138,二面,265,2024-02-01,74.2,通过
138,三面,673,2024-02-09,91.0,通过
138,HR面,163,2024-02-13,75.3,通过
139,一面,261,2024-01-07,94.7,通过
139,二面,243,2024-01-15,81.6,通过
139,三面,116,2024-01-23,88.9,通过
140,一面,1,2024-01-28,68.1,通过
140,二面,530,2024-02-04,73.8,通过
140,三面,20,2024-02-11,86.4,通过
141,一面,302,2024-01-25,71.1,通过
141,二面,34,2024-01-29,81.8,通过
142,一面,54,2024-02-25,75.9,通过
142,二面,536,2024-03-07,85.1,通过
142,三面,719,2024-03-14,82.1,通过
142,HR面,689,2024-03-19,79.5,通过
143,一面,10,2024-02-19,77.4,通过
143,二面,482,2024-02-28,78.1,通过
144,一面,361,2024-02-03,75.2,通过
144,二面,421,2024-02-12,87.0,通过
144,三面,635,2024-02-21,72.1,通过
145,一面,718,2024-02-29,72.4,通过
145,二面,643,2024-03-04,79.7,通过
146,一面,5,2024-02-16,69.1,通过
146,二面,301,2024-02-28,70.0,通过
146,三面,373,2024-03-09,93.5,通过
146,HR面,484,2024-03-18,77.1,通过
147,一面,698,2024-02-15,74.7,通过
147,二面,242,2024-02-22,79.6,通过
147,三面,348,2024-02-29,76.4,通过
148,一面,527,2024-02-05,90.8,通过
148,二面,346,2024-02-11,86.6,通过
148,三面,379,2024-02-21,90.6,通过
148,HR面,200,2024-02-27,77.2,通过
149,一面,637,2024-02-11,85.4,通过
149,二面,55,2024-02-15,76.8,通过
149,三面,689,2024-02-21,77.2,通过
150,一面,309,2024-02-26,85.8,通过
150,二面,753,2024-03-03,75.5,通过
150,三面,19,2024-03-11,87.9,通过
151,一面,123,2024-02-21,73.4,通过
151,二面,524,2024-02-26,77.0,通过
152,一面,442,2024-02-16,81.5,通过
152,二面,254,2024-02-24,83.0,通过
153,一面,4,2024-02-02,86.1,通过
153,二面,383,2024-02-14,94.2,通过
153,三面,498,2024-02-26,94.8,通过
154,一面,180,2024-02-08,83.2,通过
154,二面,661,2024-02-12,91.7,通过
154,三面,293,2024-02-16,73.9,通过
154,HR面,498,2024-02-28,74.0,通过
155,一面,752,2024-02-05,68.9,通过
155,二面,571,2024-02-17,77.3,通过
156,一面,692,2024-02-16,79.9,通过
156,二面,106,2024-02-22,94.3,通过
156,三面,643,2024-03-01,88.4,通过
157,一面,44,2024-03-01,71.3,通过
157,二面,755,2024-03-10,71.3,通过
157,三面,752,2024-03-22,93.9,通过
157,HR面,200,2024-03-26,72.7,通过
158,一面,755,2024-02-09,81.2,通过
158,二面,198,2024-02-13,70.8,通过
158,三面,643,2024-02-18,72.0,通过
159,一面,443,2024-01-29,92.5,通过
159,二面,111,2024-02-08,68.3,通过
159,三面,386,2024-02-14,88.0,通过
160,一面,300,2024-03-31,90.4,通过
160,二面,483,2024-04-09,93.9,通过
161,一面,379,2024-03-05,70.4,通过
161,二面,213,2024-03-12,88.3,通过
161,三面,579,2024-03-19,77.8,通过
161,HR面,278,2024-03-31,78.6,通过
162,一面,44,2024-03-21,85.8,通过
162,二面,355,2024-03-25,80.7,通过
162,三面,331,2024-03-29,94.4,通过
162,HR面,63,2024-04-03,87.8,通过
163,一面,661,2024-03-19,75.3,通过
163,二面,421,2024-03-27,72.4,通过
163,三面,698,2024-03-31,91.6,通过
163,HR面,278,2024-04-09,71.1,通过
164,一面,18,2024-03-25,92.9,通过
164,二面,202,2024-03-29,88.1,通过
164,三面,443,2024-04-02,70.7,通过
165,一面,346,2024-03-25,77.1,通过
165,二面,689,2024-03-30,77.7,通过
166,一面,691,2024-03-07,79.5,通过
166,二面,498,2024-03-18,78.5,通过
167,一面,566,2024-03-24,82.1,通过
167,二面,301,2024-03-31,70.8,通过
167,三面,277,2024-04-10,82.2,通过
167,HR面,386,2024-04-20,75.6,通过
168,一面,437,2024-03-27,71.8,通过
168,二面,45,2024-04-04,91.3,通过
168,三面,254,2024-04-10,91.2,通过
169,一面,289,2024-03-19,83.3,通过
169,二面,55,2024-03-24,91.6,通过
169,三面,456,2024-04-05,80.5,通过
169,HR面,9,2024-04-17,72.9,通过
170,一面,89,2024-03-20,70.4,通过
170,二面,456,2024-03-27,80.9,通过
170,三面,200,2024-04-04,92.0,通过
171,一面,336,2024-03-25,71.9,通过
171,二面,721,2024-04-03,87.9,通过
172,一面,261,2024-03-17,82.3,通过
172,二面,51,2024-03-23,92.7,通过
172,三面,93,2024-03-30,82.6,通过
172,HR面,484,2024-04-09,80.8,通过
173,一面,561,2024-02-24,89.4,通过
173,二面,123,2024-03-05,88.7,通过
173,三面,634,2024-03-14,76.6,通过
173,HR面,386,2024-03-26,88.0,通过
174,一面,106,2024-03-25,79.3,通过
174,二面,18,2024-04-06,88.7,通过
174,三面,125,2024-04-15,74.1,通过
175,一面,301,2024-03-13,91.0,通过
175,二面,691,2024-03-17,90.6,通过
175,三面,173,2024-03-22,72.7,通过
176,一面,10,2024-03-21,90.9,通过
176,二面,9,2024-03-28,70.4,通过
176,三面,497,2024-04-05,90.9,通过
176,HR面,387,2024-04-15,87.0,通过
177,一面,155,2024-03-11,80.7,通过
177,二面,715,2024-03-16,68.0,通过
178,一面,622,2024-03-18,91.7,通过
178,二面,635,2024-03-24,77.8,通过
179,一面,634,2024-05-17,70.6,通过
179,二面,718,2024-05-28,90.1,通过
179,三面,405,2024-06-02,88.5,通过
179,HR面,635,2024-06-13,92.0,通过
180,一面,87,2024-04-21,91.4,通过
180,二面,34,2024-04-27,88.9,通过
181,一面,442,2024-04-07,89.8,通过
181,二面,254,2024-04-15,80.3,通过
181,三面,4,2024-04-22,78.0,通过
181,HR面,643,2024-04-28,94.9,通过
182,一面,224,2024-04-10,75.2,通过
182,二面,180,2024-04-22,71.1,通过
182,三面,752,2024-05-03,73.6,通过
182,HR面,200,2024-05-13,73.3,通过
183,一面,698,2024-04-13,78.2,通过
183,二面,484,2024-04-23,78.1,通过
184,一面,2,2024-04-05,89.0,通过
184,二面,19,2024-04-11,88.9,通过
185,一面,636,2024-04-26,68.7,通过
185,二面,293,2024-05-02,86.5,通过
185,三面,529,2024-05-10,87.1,通过
185,HR面,163,2024-05-20,90.0,通过
186,一面,458,2024-04-05,78.3,通过
186,二面,484,2024-04-14,77.5,通过
187,一面,462,2024-04-16,72.0,通过
187,二面,597,2024-04-20,72.4,通过
187,三面,484,2024-05-02,83.6,通过
188,一面,589,2024-05-25,83.3,通过
188,二面,288,2024-06-03,84.2,通过
188,三面,498,2024-06-08,76.2,通过
189,一面,207,2024-05-19,91.3,通过
189,二面,406,2024-05-26,75.3,通过
189,三面,13,2024-05-30,94.8,通过
189,HR面,20,2024-06-06,90.4,通过
190,一面,335,2024-05-31,70.0,通过
190,二面,561,2024-06-12,87.4,通过
190,三面,19,2024-06-23,89.8,通过
191,一面,373,2024-05-22,90.5,通过
191,二面,63,2024-05-28,77.1,通过
192,一面,144,2024-05-01,86.2,通过
192,二面,95,2024-05-12,73.9,通过
192,三面,571,2024-05-16,78.5,通过
193,一面,766,2024-05-08,84.8,通过
193,二面,6,2024-05-14,93.7,通过
193,三面,79,2024-05-18,83.6,通过
193,HR面,200,2024-05-25,75.8,通过
194,一面,762,2024-05-27,93.4,通过
194,二面,622,2024-06-08,80.6,通过
194,三面,635,2024-06-16,86.7,通过
195,一面,140,2024-04-30,74.7,通过
195,二面,500,2024-05-06,94.1,通过
195,三面,289,2024-05-10,91.3,通过
195,HR面,278,2024-05-19,76.2,通过
196,一面,254,2024-05-17,82.1,通过
196,二面,571,2024-05-21,73.9,通过
197,一面,242,2024-05-16,90.5,通过
197,二面,697,2024-05-22,82.2,通过
197,三面,622,2024-05-28,90.8,通过
197,HR面,163,2024-06-03,69.9,通过
198,一面,698,2024-06-22,90.4,通过
198,二面,483,2024-06-27,74.0,通过
199,一面,699,2024-07-02,73.6,通过
199,二面,560,2024-07-08,91.5,通过
199,三面,155,2024-07-12,74.6,通过
199,HR面,278,2024-07-23,84.7,通过
200,一面,531,2024-06-14,79.8,通过
200,二面,721,2024-06-20,74.4,通过
201,一面,6,2024-06-16,70.6,通过
201,二面,273,2024-06-22,69.4,通过
201,三面,752,2024-06-28,77.9,通过
201,HR面,689,2024-07-10,75.4,通过
202,一面,6,2024-06-03,81.0,通过
202,二面,443,2024-06-15,71.5,通过
202,三面,721,2024-06-25,86.6,通过
203,一面,44,2024-06-04,89.4,通过
203,二面,482,2024-06-15,79.7,通过
204,一面,83,2024-06-28,75.7,通过
204,二面,458,2024-07-06,76.7,通过
204,三面,109,2024-07-11,70.0,通过
204,HR面,715,2024-07-21,69.4,通过
205,一面,204,2024-08-06,68.2,通过
205,二面,406,2024-08-16,74.8,通过
205,三面,441,2024-08-20,81.5,通过
205,HR面,9,2024-08-25,77.9,通过
206,一面,328,2024-07-14,83.2,通过
206,二面,721,2024-07-18,91.0,通过
207,一面,295,2024-07-12,89.5,通过
207,二面,143,2024-07-18,76.4,通过
208,一面,378,2024-08-06,91.1,通过
208,二面,63,2024-08-12,69.5,通过
209,一面,560,2024-07-01,88.7,通过
209,二面,382,2024-07-06,88.8,通过
209,三面,597,2024-07-15,86.5,通过
209,HR面,278,2024-07-20,79.6,通过
210,一面,380,2024-07-17,87.7,通过
210,二面,521,2024-07-28,74.7,通过
210,三面,754,2024-08-05,75.9,通过
210,HR面,254,2024-08-16,80.8,通过
211,一面,638,2024-07-13,80.3,通过
211,二面,387,2024-07-21,82.9,通过
212,一面,663,2024-07-20,86.7,通过
212,二面,761,2024-07-26,78.8,通过
212,三面,278,2024-08-01,90.4,通过
213,一面,243,2024-07-22,73.2,通过
213,二面,524,2024-07-31,81.8,通过
214,一面,589,2024-08-13,72.8,通过
214,二面,96,2024-08-23,80.8,通过
214,三面,373,2024-08-31,90.7,通过
214,HR面,20,2024-09-04,69.0,通过
215,一面,438,2024-08-07,90.7,通过
215,二面,287,2024-08-11,74.4,通过
215,三面,443,2024-08-15,71.1,通过
216,一面,762,2024-07-26,80.1,通过
216,二面,664,2024-07-31,89.2,通过
216,三面,9,2024-08-07,74.0,通过
217,一面,99,2024-09-03,79.7,通过
217,二面,179,2024-09-07,89.3,通过
218,一面,204,2024-08-25,87.7,通过
218,二面,14,2024-09-04,74.6,通过
218,三面,63,2024-09-08,77.2,通过
219,一面,106,2024-08-19,83.3,通过
219,二面,749,2024-08-24,70.4,通过
219,三面,308,2024-08-30,86.4,通过
219,HR面,524,2024-09-04,76.6,通过
220,一面,263,2024-08-27,93.2,通过
220,二面,609,2024-08-31,85.5,通过
220,三面,20,2024-09-05,79.8,通过
221,一面,243,2024-08-29,91.5,通过
221,二面,334,2024-09-03,70.2,通过
221,三面,116,2024-09-07,87.5,通过
222,一面,443,2024-08-17,89.0,通过
222,二面,438,2024-08-21,72.2,通过
222,三面,720,2024-09-02,76.5,通过
222,HR面,179,2024-09-10,93.1,通过
223,一面,634,2024-08-18,91.4,通过
223,二面,527,2024-08-23,68.0,通过
223,三面,34,2024-09-04,84.4,通过
224,一面,261,2024-08-12,85.7,通过
224,二面,495,2024-08-16,88.2,通过
224,三面,495,2024-08-22,77.3,通过
225,一面,528,2024-08-24,93.6,通过
225,二面,173,2024-08-31,84.3,通过
226,一面,301,2024-08-10,92.1,通过
226,二面,405,2024-08-16,71.9,通过
226,三面,59,2024-08-28,91.9,通过
227,一面,2,2024-09-08,87.6,通过
227,二面,495,2024-09-13,79.4,通过
228,一面,591,2024-07-31,78.9,通过
228,二面,51,2024-08-09,73.6,通过
228,三面,495,2024-08-20,73.0,通过
229,一面,661,2024-09-26,86.3,通过
229,二面,144,2024-10-03,84.4,通过
229,三面,373,2024-10-15,86.3,通过
229,HR面,348,2024-10-27,93.0,通过
230,一面,765,2024-09-15,69.0,通过
230,二面,571,2024-09-27,92.2,通过
231,一面,719,2024-09-16,94.7,通过
231,二面,413,2024-09-24,83.0,通过
231,三面,207,2024-10-06,88.6,通过
232,一面,697,2024-09-14,81.0,通过
232,二面,40,2024-09-20,81.3,通过
232,三面,643,2024-09-27,68.3,通过
233,一面,530,2024-09-14,77.0,通过
233,二面,295,2024-09-18,82.8,通过
233,三面,382,2024-09-23,94.3,通过
233,HR面,179,2024-09-28,94.8,通过
234,一面,224,2024-09-12,70.6,通过
234,二面,163,2024-09-23,78.9,通过
235,一面,383,2024-10-02,76.2,通过
235,二面,200,2024-10-10,85.9,通过
236,一面,699,2024-09-04,70.1,通过
236,二面,59,2024-09-10,87.9,通过
237,一面,690,2024-09-11,88.7,通过
237,二面,745,2024-09-17,69.5,通过
237,三面,498,2024-09-25,86.4,通过
238,一面,458,2024-09-05,71.8,通过
238,二面,300,2024-09-14,88.7,通过
238,三面,635,2024-09-26,76.1,通过
239,一面,692,2024-09-18,77.0,通过
239,二面,571,2024-09-27,92.0,通过
240,一面,89,2024-09-06,86.3,通过
240,二面,682,2024-09-13,83.8,通过
240,三面,665,2024-09-17,68.7,通过
240,HR面,689,2024-09-28,90.8,通过
241,一面,692,2024-09-22,68.4,通过
241,二面,443,2024-09-29,71.8,通过
241,三面,129,2024-10-08,90.2,通过
242,一面,40,2024-10-27,73.9,通过
242,二面,300,2024-11-04,81.0,通过
242,三面,458,2024-11-11,93.4,通过
242,HR面,116,2024-11-16,85.7,通过
243,一面,579,2024-11-01,78.8,通过
243,二面,689,2024-11-05,82.2,通过
244,一面,336,2024-10-08,92.8,通过
244,二面,719,2024-10-16,82.9,通过
244,三面,49,2024-10-27,81.7,通过
244,HR面,116,2024-11-06,76.4,通过
245,一面,419,2024-11-08,84.9,通过
245,二面,18,2024-11-20,75.8,通过
245,三面,278,2024-11-28,74.3,通过
246,一面,302,2024-10-13,71.7,通过
246,二面,714,2024-10-21,72.3,通过
246,三面,443,2024-10-30,91.6,通过
247,一面,34,2024-10-13,79.5,通过
247,二面,273,2024-10-19,81.6,通过
247,三面,4,2024-10-29,87.6,通过
247,HR面,129,2024-11-08,68.9,通过
248,一面,637,2024-10-29,94.2,通过
248,二面,293,2024-11-06,79.8,通过
248,三面,207,2024-11-17,91.1,通过
248,HR面,483,2024-11-28,90.2,通过
249,一面,379,2024-10-11,74.6,通过
249,二面,173,2024-10-15,88.2,通过
250,一面,373,2024-12-02,76.3,通过
250,二面,495,2024-12-13,82.1,通过
251,一面,377,2024-11-14,69.7,通过
251,二面,531,2024-11-21,89.1,通过
251,三面,3,2024-12-01,80.1,通过
251,HR面,207,2024-12-07,68.9,通过
252,一面,367,2024-11-17,71.8,通过
252,二面,754,2024-11-29,87.1,通过
252,三面,407,2024-12-10,69.2,通过
252,HR面,278,2024-12-17,71.2,通过
253,一面,373,2024-12-02,88.1,通过
253,二面,715,2024-12-09,87.3,通过
254,一面,682,2024-12-03,93.8,通过
254,二面,699,2024-12-11,94.6,通过
254,三面,19,2024-12-22,84.4,通过
255,一面,224,2024-11-10,75.6,通过
255,二面,373,2024-11-20,83.5,通过
255,三面,5,2024-11-29,77.2,通过
255,HR面,524,2024-12-03,85.0,通过
256,一面,273,2024-11-19,87.9,通过
256,二面,166,2024-12-01,88.2,通过
256,三面,176,2024-12-10,79.5,通过
256,HR面,116,2024-12-17,84.8,通过
257,一面,637,2024-11-29,73.0,通过
257,二面,111,2024-12-08,71.7,通过
257,三面,527,2024-12-12,91.2,通过
257,HR面,173,2024-12-19,79.1,通过
258,一面,347,2024-11-29,84.0,通过
258,二面,143,2024-12-10,91.3,通过
259,一面,231,2024-12-12,72.7,通过
259,二面,366,2024-12-19,76.6,通过
259,三面,129,2024-12-31,88.9,通过
260,一面,631,2024-12-10,92.2,通过
260,二面,86,2024-12-18,76.7,通过
260,三面,637,2024-12-24,91.4,通过
260,HR面,496,2025-01-01,82.1,通过
261,一面,31,2024-12-20,75.0,通过
261,二面,9,2024-12-27,78.9,通过
262,一面,305,2024-12-16,75.7,通过
262,二面,521,2024-12-28,69.8,通过
262,三面,348,2025-01-05,88.3,通过
263,一面,521,2024-12-16,81.4,通过
263,二面,457,2024-12-27,91.1,通过
263,三面,560,2025-01-05,81.0,通过
263,HR面,34,2025-01-11,81.4,通过
264,一面,3,2024-12-29,78.2,通过
264,二面,20,2025-01-10,85.1,通过
264,三面,367,2025-01-16,93.8,通过
264,HR面,496,2025-01-23,87.9,通过
265,一面,302,2024-12-18,91.9,通过
265,二面,335,2024-12-27,72.0,通过
265,三面,458,2025-01-06,76.6,通过
265,HR面,571,2025-01-15,88.8,通过
266,一面,478,2025-01-20,73.2,通过
266,二面,378,2025-01-26,86.3,通过
266,三面,367,2025-02-07,81.4,通过
266,HR面,443,2025-02-19,83.9,通过
267,一面,55,2025-01-19,94.9,通过
267,二面,373,2025-01-23,84.1,通过
267,三面,129,2025-02-01,75.4,通过
268,一面,438,2025-01-25,75.5,通过
268,二面,718,2025-02-05,91.8,通过
268,三面,63,2025-02-14,79.1,通过
269,一面,176,2025-01-17,77.0,通过
269,二面,301,2025-01-29,87.3,通过
269,三面,714,2025-02-03,78.8,通过
269,HR面,116,2025-02-08,68.6,通过
270,一面,661,2025-02-15,82.4,通过
270,二面,261,2025-02-25,91.7,通过
270,三面,62,2025-03-01,87.6,通过
270,HR面,348,2025-03-06,92.8,通过
271,一面,726,2025-02-01,80.3,通过
271,二面,744,2025-02-12,83.9,通过
271,三面,331,2025-02-16,80.4,通过
271,HR面,721,2025-02-20,69.7,通过
272,一面,497,2025-03-05,79.3,通过
272,二面,332,2025-03-16,86.2,通过
272,三面,495,2025-03-25,88.1,通过
273,一面,463,2025-02-01,94.6,通过
273,二面,144,2025-02-05,93.6,通过
273,三面,495,2025-02-13,71.2,通过
274,一面,373,2025-02-09,88.8,通过
274,二面,62,2025-02-16,81.6,通过
274,三面,116,2025-02-28,85.4,通过
275,一面,362,2025-02-11,75.2,通过
275,二面,213,2025-02-20,93.4,通过
275,三面,721,2025-02-26,85.8,通过
276,一面,270,2025-03-08,91.2,通过
276,二面,306,2025-03-12,68.9,通过
276,三面,334,2025-03-20,92.0,通过
276,HR面,143,2025-03-26,81.1,通过
277,一面,456,2025-03-02,87.8,通过
277,二面,125,2025-03-11,92.8,通过
278,一面,198,2025-02-26,81.7,通过
278,二面,311,2025-03-04,71.7,通过
278,三面,109,2025-03-12,91.8,通过
278,HR面,689,2025-03-17,68.3,通过
279,一面,529,2025-02-17,75.7,通过
279,二面,54,2025-02-27,72.1,通过
279,三面,5,2025-03-06,89.8,通过
279,HR面,63,2025-03-16,85.3,通过
280,一面,762,2025-02-18,78.0,通过
280,二面,499,2025-02-24,82.0,通过
280,三面,20,2025-03-07,84.6,通过
281,一面,529,2025-01-30,73.4,通过
281,二面,520,2025-02-09,84.3,通过
281,三面,9,2025-02-13,94.9,通过
282,一面,302,2025-03-10,89.4,通过
282,二面,63,2025-03-20,71.1,通过
283,一面,273,2025-03-04,76.2,通过
283,二面,62,2025-03-09,73.4,通过
283,三面,591,2025-03-18,78.2,通过
283,HR面,200,2025-03-23,90.9,通过
284,一面,579,2025-02-04,73.2,通过
284,二面,125,2025-02-16,90.1,通过
285,一面,562,2025-01-28,81.7,通过
285,二面,9,2025-02-07,89.0,通过
286,一面,766,2025-01-23,87.8,通过
286,二面,173,2025-02-01,84.4,通过
287,一面,231,2025-03-07,92.4,通过
287,二面,179,2025-03-16,78.2,通过
288,一面,347,2025-02-24,74.1,通过
288,二面,378,2025-03-08,82.8,通过
288,三面,289,2025-03-13,83.5,通过
288,HR面,496,2025-03-22,71.4,通过
289,一面,293,2025-02-21,80.9,通过
289,二面,220,2025-03-01,81.0,通过
289,三面,331,2025-03-11,78.5,通过
289,HR面,9,2025-03-22,89.1,通过
290,一面,96,2025-03-06,86.1,通过
290,二面,49,2025-03-16,85.3,通过
290,三面,753,2025-03-26,85.6,通过
290,HR面,525,2025-03-31,69.7,通过
291,一面,288,2025-03-12,90.1,通过
291,二面,173,2025-03-17,68.6,通过
292,一面,347,2025-03-24,88.2,通过
292,二面,443,2025-04-05,76.4,通过
293,一面,328,2025-03-23,84.1,通过
293,二面,362,2025-03-28,80.1,通过
293,三面,129,2025-04-04,85.0,通过
294,一面,176,2025-04-06,86.1,通过
294,二面,355,2025-04-12,83.1,通过
294,三面,207,2025-04-23,72.1,通过
295,一面,590,2025-03-20,91.4,通过
295,二面,637,2025-03-27,91.1,通过
295,三面,443,2025-04-03,93.4,通过
296,一面,250,2025-03-10,74.3,通过
296,二面,496,2025-03-18,69.5,通过
297,一面,334,2025-03-23,68.3,通过
297,二面,596,2025-04-01,77.7,通过
297,三面,637,2025-04-05,73.6,通过
297,HR面,143,2025-04-12,73.2,通过
298,一面,406,2025-04-09,94.4,通过
298,二面,372,2025-04-14,71.5,通过
298,三面,762,2025-04-22,74.0,通过
298,HR面,484,2025-04-27,86.9,通过
299,一面,566,2025-04-03,73.9,通过
299,二面,484,2025-04-12,79.7,通过
300,一面,766,2025-03-24,71.8,通过
300,二面,719,2025-03-29,69.1,通过
300,三面,63,2025-04-05,70.4,通过
301,一面,597,2025-04-07,90.7,通过
301,二面,744,2025-04-15,88.6,通过
301,三面,524,2025-04-26,90.3,通过
302,一面,377,2025-03-25,71.7,通过
302,二面,546,2025-04-04,82.6,通过
302,三面,348,2025-04-08,69.6,通过
303,一面,62,2025-03-25,80.7,通过
303,二面,672,2025-04-02,69.6,通过
303,三面,198,2025-04-14,86.0,通过
303,HR面,643,2025-04-19,87.1,通过
304,一面,557,2025-03-05,91.6,通过
304,二面,109,2025-03-10,74.1,通过
304,三面,496,2025-03-21,78.0,通过
305,一面,609,2025-03-15,90.5,通过
305,二面,719,2025-03-25,68.3,通过
305,三面,83,2025-04-02,77.2,通过
305,HR面,125,2025-04-10,94.4,通过
306,一面,405,2025-04-07,92.5,通过
306,二面,129,2025-04-18,86.8,通过
307,一面,457,2025-04-05,70.2,通过
307,二面,387,2025-04-10,74.5,通过
308,一面,728,2025-03-19,93.6,通过
308,二面,204,2025-03-24,78.4,通过
308,三面,635,2025-04-04,69.1,通过
309,一面,158,2025-03-28,76.8,通过
309,二面,744,2025-04-05,68.9,通过
309,三面,54,2025-04-12,91.3,通过
309,HR面,524,2025-04-17,81.2,通过
310,一面,463,2025-04-18,83.0,通过
310,二面,405,2025-04-23,90.2,通过
310,三面,207,2025-05-01,75.5,通过
311,一面,495,2025-04-25,76.3,通过
311,二面,99,2025-05-02,82.3,通过
311,三面,635,2025-05-10,94.6,通过
312,一面,49,2025-04-22,80.5,通过
312,二面,348,2025-04-29,77.3,通过
313,一面,590,2025-04-15,76.2,通过
313,二面,719,2025-04-24,91.2,通过
313,三面,179,2025-04-28,77.8,通过
314,一面,760,2025-04-22,77.9,通过
314,二面,762,2025-05-02,71.4,通过
314,三面,129,2025-05-11,72.8,通过
314,HR面,63,2025-05-21,73.0,通过
315,一面,18,2025-04-18,86.9,通过
315,二面,382,2025-04-28,80.3,通过
315,三面,123,2025-05-04,80.9,通过
315,HR面,20,2025-05-10,78.7,通过
316,一面,61,2025-03-31,77.0,通过
316,二面,254,2025-04-06,92.1,通过
317,一面,477,2025-04-27,83.0,通过
317,二面,482,2025-05-03,84.2,通过
318,一面,295,2025-04-22,68.1,通过
318,二面,202,2025-04-26,86.8,通过
318,三面,499,2025-05-01,92.2,通过
318,HR面,278,2025-05-11,73.8,通过
319,一面,639,2025-04-27,93.1,通过
319,二面,28,2025-05-01,93.8,通过
319,三面,458,2025-05-05,72.9,通过
319,HR面,482,2025-05-12,85.2,通过
320,一面,366,2025-04-24,72.9,通过
320,二面,689,2025-05-01,84.4,通过
321,一面,457,2025-06-13,91.9,通过
321,二面,636,2025-06-25,69.4,通过
321,三面,125,2025-06-30,88.2,通过
322,一面,597,2025-05-13,71.0,通过
322,二面,300,2025-05-23,81.1,通过
322,三面,310,2025-05-30,69.1,通过
322,HR面,689,2025-06-08,81.8,通过
323,一面,49,2025-06-11,71.0,通过
323,二面,495,2025-06-16,91.8,通过
324,一面,361,2025-05-09,69.5,通过
324,二面,9,2025-05-15,75.6,通过
325,一面,265,2025-05-16,88.9,通过
325,二面,495,2025-05-24,83.3,通过
326,一面,95,2025-05-07,75.5,通过
326,二面,500,2025-05-13,78.1,通过
326,三面,715,2025-05-20,78.3,通过
327,一面,522,2025-06-02,81.2,通过
327,二面,310,2025-06-09,94.4,通过
327,三面,374,2025-06-18,81.8,通过
327,HR面,254,2025-06-30,71.6,通过
328,一面,664,2025-05-19,76.9,通过
328,二面,143,2025-05-30,73.8,通过
329,一面,457,2025-06-29,75.0,通过
329,二面,664,2025-07-07,83.1,通过
329,三面,495,2025-07-19,80.0,通过
330,一面,478,2025-07-02,79.9,通过
330,二面,690,2025-07-08,84.8,通过
330,三面,295,2025-07-15,87.7,通过
330,HR面,254,2025-07-23,82.3,通过
331,一面,436,2025-07-08,80.2,通过
331,二面,753,2025-07-16,76.0,通过
331,三面,721,2025-07-27,72.1,通过
332,一面,636,2025-06-02,71.2,通过
332,二面,521,2025-06-08,76.4,通过
332,三面,386,2025-06-15,75.2,通过
333,一面,442,2025-06-29,76.8,通过
333,二面,45,2025-07-11,68.1,通过
333,三面,109,2025-07-15,79.1,通过
333,HR面,483,2025-07-21,68.3,通过
334,一面,198,2025-07-08,86.8,通过
334,二面,482,2025-07-16,90.1,通过
335,一面,331,2025-06-21,68.4,通过
335,二面,45,2025-06-30,78.4,通过
335,三面,179,2025-07-04,90.9,通过
336,一面,62,2025-06-16,78.8,通过
336,二面,14,2025-06-25,89.9,通过
336,三面,746,2025-07-04,92.3,通过
336,HR面,524,2025-07-12,76.0,通过
337,一面,536,2025-07-09,94.4,通过
337,二面,99,2025-07-18,70.7,通过
337,三面,305,2025-07-24,89.5,通过
337,HR面,34,2025-08-01,83.6,通过
338,一面,746,2025-07-24,82.6,通过
338,二面,636,2025-07-30,89.1,通过
338,三面,8,2025-08-03,93.3,通过
338,HR面,63,2025-08-12,82.0,通过
339,一面,20,2025-08-03,88.1,通过
339,二面,386,2025-08-10,77.8,通过
340,一面,495,2025-07-09,77.2,通过
340,二面,213,2025-07-13,92.7,通过
340,三面,419,2025-07-24,77.3,通过
340,HR面,19,2025-08-03,89.8,通过
341,一面,334,2025-08-04,94.9,通过
341,二面,55,2025-08-11,74.6,通过
341,三面,163,2025-08-16,72.0,通过
342,一面,54,2025-07-25,70.4,通过
342,二面,495,2025-08-03,93.5,通过
343,一面,3,2025-07-06,70.5,通过
343,二面,273,2025-07-11,94.4,通过
343,三面,19,2025-07-16,79.6,通过
344,一面,697,2025-07-24,93.7,通过
344,二面,562,2025-07-28,88.9,通过
344,三面,664,2025-08-08,94.2,通过
344,HR面,59,2025-08-19,84.9,通过
345,一面,566,2025-07-19,87.7,通过
345,二面,378,2025-07-29,74.6,通过
345,三面,765,2025-08-03,68.8,通过
345,HR面,348,2025-08-10,88.5,通过
346,一面,231,2025-07-19,93.5,通过
346,二面,109,2025-07-26,88.1,通过
346,三面,643,2025-08-02,88.7,通过
347,一面,40,2025-07-12,68.9,通过
347,二面,635,2025-07-18,73.5,通过
348,一面,752,2025-07-29,84.0,通过
348,二面,111,2025-08-08,90.2,通过
348,三面,631,2025-08-20,68.4,通过
348,HR面,125,2025-08-29,89.3,通过
349,一面,527,2025-08-28,93.9,通过
349,二面,765,2025-09-02,94.4,通过
349,三面,498,2025-09-12,81.9,通过
349,HR面,443,2025-09-19,77.0,通过
350,一面,335,2025-08-16,83.1,通过
350,二面,689,2025-08-22,68.2,通过
351,一面,527,2025-08-17,91.6,通过
351,二面,143,2025-08-23,68.2,通过
352,一面,436,2025-08-16,77.9,通过
352,二面,254,2025-08-27,91.4,通过
353,一面,497,2025-09-15,79.7,通过
353,二面,726,2025-09-25,68.6,通过
353,三面,19,2025-10-06,91.5,通过
354,一面,54,2025-08-22,89.8,通过
354,二面,661,2025-08-27,91.5,通过
354,三面,525,2025-09-02,70.3,通过
355,一面,160,2025-08-31,76.6,通过
355,二面,254,2025-09-07,68.0,通过
355,三面,306,2025-09-16,87.9,通过
355,HR面,387,2025-09-21,70.2,通过
356,一面,495,2025-08-07,76.1,通过
356,二面,9,2025-08-16,78.6,通过
357,一面,405,2025-09-08,69.7,通过
357,二面,761,2025-09-12,85.2,通过
357,三面,87,2025-09-17,93.0,通过
357,HR面,715,2025-09-24,71.3,通过
358,一面,713,2025-09-10,73.7,通过
358,二面,713,2025-09-17,86.8,通过
358,三面,525,2025-09-24,87.4,通过
359,一面,714,2025-09-02,81.2,通过
359,二面,462,2025-09-09,68.8,通过
359,三面,20,2025-09-13,93.3,通过
359,HR面,386,2025-09-21,71.3,通过
360,一面,10,2025-08-14,78.2,通过
360,二面,483,2025-08-21,94.8,通过
361,一面,288,2025-07-31,93.2,通过
361,二面,302,2025-08-07,84.2,通过
361,三面,265,2025-08-19,81.9,通过
361,HR面,163,2025-08-29,81.4,通过
362,一面,367,2025-09-05,84.8,通过
362,二面,207,2025-09-14,73.3,通过
363,一面,123,2025-08-17,82.3,通过
363,二面,596,2025-08-28,83.2,通过
363,三面,525,2025-09-05,87.7,通过
364,一面,51,2025-08-30,79.0,通过
364,二面,523,2025-09-10,68.2,通过
364,三面,760,2025-09-19,76.1,通过
364,HR面,116,2025-09-28,90.5,通过
365,一面,123,2025-08-15,80.9,通过
365,二面,661,2025-08-19,75.4,通过
365,三面,347,2025-08-28,82.7,通过
365,HR面,386,2025-09-03,70.6,通过
366,一面,373,2025-08-19,89.9,通过
366,二面,441,2025-08-24,84.8,通过
366,三面,207,2025-08-28,70.3,通过
367,一面,83,2025-09-19,89.9,通过
367,二面,523,2025-09-24,75.1,通过
367,三面,224,2025-10-06,68.6,通过
367,HR面,59,2025-10-14,92.8,通过
368,一面,355,2025-08-16,76.1,通过
368,二面,597,2025-08-20,94.8,通过
368,三面,520,2025-08-31,86.7,通过
368,HR面,525,2025-09-12,74.6,通过
369,一面,437,2025-08-14,95.0,通过
369,二面,263,2025-08-26,68.0,通过
369,三面,328,2025-09-02,71.3,通过
369,HR面,484,2025-09-10,83.9,通过
370,一面,579,2025-09-28,80.5,通过
370,二面,482,2025-10-05,82.3,通过
371,一面,421,2025-09-26,73.1,通过
371,二面,525,2025-09-30,74.6,通过
372,一面,546,2025-10-03,75.6,通过
372,二面,524,2025-10-12,68.3,通过
373,一面,302,2025-09-13,82.7,通过
373,二面,334,2025-09-22,70.9,通过
373,三面,348,2025-09-29,80.0,通过
374,一面,204,2025-09-21,75.7,通过
374,二面,215,2025-10-01,86.4,通过
374,三面,537,2025-10-09,86.1,通过
374,HR面,635,2025-10-14,71.9,通过
375,一面,334,2025-09-15,77.4,通过
375,二面,579,2025-09-25,81.9,通过
375,三面,387,2025-09-30,75.8,通过
376,一面,31,2025-09-05,73.5,通过
376,二面,155,2025-09-12,80.2,通过
376,三面,93,2025-09-18,70.0,通过
376,HR面,173,2025-09-22,74.6,通过
377,一面,745,2025-09-23,92.7,通过
377,二面,59,2025-10-05,90.6,通过
378,一面,311,2025-08-23,83.5,通过
378,二面,483,2025-09-01,88.2,通过
379,一面,378,2025-09-19,85.7,通过
379,二面,495,2025-10-01,85.5,通过
380,一面,307,2025-09-30,84.8,通过
380,二面,663,2025-10-10,83.1,通过
380,三面,761,2025-10-22,82.3,通过
380,HR面,525,2025-11-03,93.0,通过
381,一面,752,2025-10-12,74.8,通过
381,二面,482,2025-10-19,72.1,通过
382,一面,254,2025-09-19,75.6,通过
382,二面,54,2025-09-28,87.7,通过
382,三面,87,2025-10-07,69.5,通过
382,HR面,179,2025-10-12,89.5,通过
383,一面,456,2025-09-16,77.5,通过
383,二面,699,2025-09-22,82.3,通过
383,三面,721,2025-09-29,77.5,通过
384,一面,382,2025-09-15,91.6,通过
384,二面,387,2025-09-20,81.3,通过
385,一面,4,2025-09-12,82.6,通过
385,二面,367,2025-09-21,78.9,通过
385,三面,443,2025-09-27,79.4,通过
386,一面,765,2025-10-09,84.8,通过
386,二面,715,2025-10-13,75.9,通过
387,一面,362,2025-11-10,87.1,通过
387,二面,499,2025-11-15,88.8,通过
387,三面,635,2025-11-19,85.2,通过
388,一面,456,2025-10-09,76.2,通过
388,二面,373,2025-10-17,79.9,通过
388,三面,499,2025-10-21,93.7,通过
388,HR面,173,2025-10-27,92.1,通过
389,一面,596,2025-10-31,80.2,通过
389,二面,34,2025-11-09,79.7,通过
390,一面,93,2025-10-23,82.1,通过
390,二面,643,2025-11-04,85.1,通过
391,一面,530,2025-10-22,70.3,通过
391,二面,661,2025-10-31,78.9,通过
391,三面,483,2025-11-12,78.9,通过
392,一面,727,2025-10-19,94.0,通过
392,二面,34,2025-10-29,70.5,通过
393,一面,261,2025-10-23,89.9,通过
393,二面,632,2025-11-01,86.6,通过
393,三面,179,2025-11-09,93.8,通过
394,一面,213,2025-10-18,92.7,通过
394,二面,643,2025-10-26,86.3,通过
395,一面,372,2025-10-18,83.1,通过
395,二面,498,2025-10-24,93.7,通过
396,一面,332,2025-09-29,68.6,通过
396,二面,224,2025-10-07,90.6,通过
396,三面,495,2025-10-14,93.9,通过
397,一面,231,2025-10-17,77.3,通过
397,二面,155,2025-10-27,87.8,通过
397,三面,443,2025-10-31,92.1,通过
397,HR面,483,2025-11-11,73.5,通过
398,一面,422,2025-10-29,89.5,通过
398,二面,761,2025-11-07,78.4,通过
398,三面,380,2025-11-16,75.4,通过
398,HR面,278,2025-11-26,75.1,通过
399,一面,762,2025-11-18,74.9,通过
399,二面,538,2025-11-27,80.3,通过
399,三面,2,2025-12-05,84.0,通过
399,HR面,496,2025-12-11,86.1,通过
400,一面,692,2025-11-21,74.2,通过
400,二面,335,2025-12-01,94.1,通过
400,三面,129,2025-12-09,85.4,通过
401,一面,765,2025-11-23,86.0,通过
401,二面,277,2025-12-03,85.8,通过
401,三面,661,2025-12-10,84.5,通过
401,HR面,635,2025-12-21,81.6,通过
402,一面,66,2025-11-22,94.5,通过
402,二面,207,2025-12-01,79.5,通过
403,一面,66,2025-12-03,89.1,通过
403,二面,372,2025-12-15,71.5,通过
403,三面,129,2025-12-20,72.4,通过
404,一面,546,2025-12-03,83.9,通过
404,二面,498,2025-12-07,94.3,通过
405,一面,639,2025-11-11,75.6,通过
405,二面,406,2025-11-21,84.6,通过
405,三面,250,2025-12-02,68.7,通过
405,HR面,34,2025-12-14,89.9,通过
406,一面,288,2025-12-12,74.4,通过
406,二面,530,2025-12-21,83.1,通过
406,三面,443,2025-12-29,91.8,通过
406,HR面,179,2026-01-09,82.5,通过
407,一面,745,2025-11-10,85.3,通过
407,二面,123,2025-11-20,86.1,通过
407,三面,20,2025-11-24,89.2,通过
408,一面,360,2025-12-13,89.7,通过
408,二面,302,2025-12-17,77.1,通过
408,三面,125,2025-12-22,78.9,通过
409,一面,500,2025-12-27,94.1,通过
409,二面,34,2025-12-31,70.4,通过
410,一面,129,2025-12-05,72.5,通过
410,二面,204,2025-12-16,77.2,通过
410,三面,10,2025-12-27,81.3,通过
410,HR面,571,2026-01-01,71.2,通过
411,一面,355,2025-12-20,71.5,通过
411,二面,406,2025-12-31,92.8,通过
411,三面,562,2026-01-04,94.1,通过
411,HR面,498,2026-01-08,76.6,通过
412,一面,224,2025-12-10,77.1,通过
412,二面,207,2025-12-22,80.5,通过
413,一面,377,2025-12-29,94.0,通过
413,二面,311,2026-01-09,92.1,通过
413,三面,215,2026-01-16,91.9,通过
413,HR面,200,2026-01-24,86.6,通过
414,一面,766,2025-12-21,68.0,通过
414,二面,719,2025-12-27,84.5,通过
414,三面,690,2026-01-02,80.0,通过
414,HR面,163,2026-01-06,70.4,通过
415,一面,243,2025-12-19,91.0,通过
415,二面,202,2025-12-27,77.7,通过
415,三面,698,2026-01-08,74.9,通过
415,HR面,524,2026-01-17,80.6,通过
416,一面,140,2026-01-01,94.7,通过
416,二面,458,2026-01-13,80.9,通过
416,三面,173,2026-01-22,80.2,通过
417,一面,589,2026-02-07,91.3,通过
417,二面,496,2026-02-17,86.1,通过
418,一面,215,2026-02-06,91.9,通过
418,二面,441,2026-02-18,71.0,通过
418,三面,125,2026-02-25,85.4,通过
419,一面,438,2026-01-27,73.5,通过
419,二面,367,2026-02-06,79.6,通过
419,三面,525,2026-02-18,84.2,通过
420,一面,523,2026-02-09,83.0,通过
420,二面,387,2026-02-19,78.4,通过
421,一面,300,2026-01-20,77.6,通过
421,二面,457,2026-01-29,75.1,通过
421,三面,19,2026-02-03,76.4,通过
422,一面,527,2026-02-23,71.4,通过
422,二面,374,2026-03-07,71.3,通过
422,三面,308,2026-03-15,83.8,通过
422,HR面,63,2026-03-19,72.7,通过
423,一面,632,2026-02-10,83.7,通过
423,二面,636,2026-02-22,71.9,通过
423,三面,745,2026-03-06,72.2,通过
423,HR面,278,2026-03-18,69.0,通过
424,一面,500,2026-02-27,75.2,通过
424,二面,20,2026-03-04,93.6,通过
424,三面,200,2026-03-12,74.4,通过
425,一面,422,2026-02-12,90.0,通过
425,二面,483,2026-02-17,85.3,通过
426,一面,638,2026-02-26,86.7,通过
426,二面,40,2026-03-10,70.1,通过
426,三面,482,2026-03-18,95.0,通过
427,一面,597,2026-02-17,91.0,通过
427,二面,720,2026-02-25,79.8,通过
427,三面,129,2026-03-03,77.9,通过
428,一面,129,2026-02-01,75.8,通过
428,二面,254,2026-02-05,89.9,通过
429,一面,371,2026-02-11,73.3,通过
429,二面,372,2026-02-20,73.2,通过
429,三面,95,2026-03-03,77.2,通过
429,HR面,689,2026-03-10,84.7,通过
430,一面,18,2026-02-13,87.8,通过
430,二面,144,2026-02-18,80.4,通过
430,三面,158,2026-02-27,91.4,通过
430,HR面,443,2026-03-09,91.9,通过
431,一面,213,2026-03-08,69.0,通过
431,二面,54,2026-03-12,81.6,通过
431,三面,179,2026-03-17,86.4,通过
432,一面,566,2026-02-08,89.4,通过
432,二面,406,2026-02-14,86.3,通过
432,三面,638,2026-02-23,77.2,通过
432,HR面,482,2026-03-03,71.6,通过
433,一面,383,2026-01-23,69.1,通过
433,二面,483,2026-01-30,91.7,通过
434,一面,114,2026-03-02,84.4,通过
434,二面,116,2026-03-07,68.1,通过
435,一面,579,2026-02-03,92.6,通过
435,二面,495,2026-02-11,78.1,通过
436,一面,753,2026-02-15,94.8,通过
436,二面,270,2026-02-19,81.5,通过
436,三面,346,2026-02-24,73.4,通过
436,HR面,278,2026-03-04,87.3,通过
437,一面,144,2026-01-30,86.7,通过
437,二面,5,2026-02-07,73.8,通过
437,三面,308,2026-02-18,73.5,通过
437,HR面,348,2026-02-24,91.7,通过
438,一面,727,2026-02-13,86.4,通过
438,二面,179,2026-02-25,92.0,通过
439,一面,2,2026-03-07,90.0,通过
439,二面,44,2026-03-14,82.0,通过
439,三面,207,2026-03-26,72.7,通过
440,一面,699,2026-02-24,68.6,通过
440,二面,61,2026-03-05,79.4,通过
440,三面,99,2026-03-16,86.6,通过
440,HR面,348,2026-03-23,84.7,通过
441,一面,765,2026-02-25,83.3,通过
441,二面,381,2026-03-05,71.1,通过
441,三面,55,2026-03-10,88.6,通过
441,HR面,386,2026-03-20,77.9,通过
442,一面,207,2026-03-14,74.9,通过
442,二面,179,2026-03-21,90.9,通过
443,一面,441,2026-02-08,89.0,通过
443,二面,766,2026-02-17,72.8,通过
443,三面,59,2026-02-21,80.4,通过
444,一面,18,2026-02-08,84.1,通过
444,二面,525,2026-02-18,77.4,通过
445,一面,6,2026-02-11,92.5,通过
445,二面,129,2026-02-20,75.6,通过
446,一面,158,2026-03-20,79.8,通过
446,二面,752,2026-03-30,81.7,通过
446,三面,762,2026-04-10,71.5,通过
446,HR面,721,2026-04-16,83.4,通过
447,一面,766,2026-03-26,69.5,通过
447,二面,413,2026-04-07,89.7,通过
447,三面,2,2026-04-17,77.2,通过
447,HR面,525,2026-04-24,76.0,通过
448,一面,243,2026-04-08,69.1,通过
448,二面,500,2026-04-12,71.2,通过
448,三面,383,2026-04-16,73.3,通过
448,HR面,525,2026-04-21,91.7,通过
449,一面,437,2026-04-10,86.0,通过
449,二面,500,2026-04-15,88.3,通过
449,三面,59,2026-04-19,90.3,通过
450,一面,231,2026-03-18,85.4,通过
450,二面,643,2026-03-29,82.1,通过
451,一面,243,2026-03-18,90.8,通过
451,二面,373,2026-03-24,81.0,通过
451,三面,336,2026-03-30,82.1,通过
451,HR面,125,2026-04-07,84.1,通过
452,一面,760,2026-03-29,87.5,通过
452,二面,4,2026-04-05,89.2,通过
452,三面,635,2026-04-13,81.1,通过
453,一面,557,2026-04-10,74.4,通过
453,二面,525,2026-04-17,69.1,通过
454,一面,5,2026-03-28,80.0,通过
454,二面,143,2026-04-04,78.8,通过
455,一面,682,2026-03-19,93.4,通过
455,二面,689,2026-03-26,74.3,通过
456,一面,456,2026-04-15,88.1,通过
456,二面,200,2026-04-20,68.9,通过
457,一面,609,2026-03-26,78.3,通过
457,二面,715,2026-04-01,76.9,通过
458,一面,437,2026-04-03,94.3,通过
458,二面,173,2026-04-14,78.7,通过
459,一面,633,2026-03-14,83.7,通过
459,二面,155,2026-03-26,78.4,通过
459,三面,386,2026-04-02,71.6,通过
460,一面,746,2026-03-27,83.8,通过
460,二面,262,2026-04-01,94.8,通过
460,三面,335,2026-04-05,88.9,通过
460,HR面,179,2026-04-16,71.4,通过
461,一面,6,2026-03-18,85.8,通过
461,二面,689,2026-03-25,73.4,通过
462,一面,44,2026-03-06,86.0,通过
462,二面,386,2026-03-13,79.9,通过
463,一面,207,2026-04-02,72.4,通过
463,二面,715,2026-04-14,87.9,通过
464,一面,9,2026-03-31,69.3,通过
464,二面,698,2026-04-07,68.4,通过
464,三面,635,2026-04-19,88.7,通过
465,一面,749,2026-04-27,80.5,通过
465,二面,262,2026-05-03,77.8,通过
465,三面,59,2026-05-15,70.2,通过
466,一面,477,2026-03-31,88.8,通过
466,二面,537,2026-04-04,72.8,通过
466,三面,273,2026-04-16,68.8,通过
466,HR面,387,2026-04-22,84.2,通过
467,一面,293,2026-04-30,78.5,通过
467,二面,6,2026-05-07,86.4,通过
467,三面,720,2026-05-15,77.3,通过
467,HR面,387,2026-05-22,76.1,通过
468,一面,332,2026-04-11,78.6,通过
468,二面,309,2026-04-18,82.9,通过
468,三面,698,2026-04-23,91.8,通过
468,HR面,34,2026-04-28,71.4,通过
469,一面,265,2026-04-24,79.9,通过
469,二面,173,2026-05-04,75.7,通过
470,一面,463,2026-05-02,91.4,通过
470,二面,8,2026-05-10,82.6,通过
470,三面,173,2026-05-17,86.6,通过
471,一面,198,2026-04-15,83.6,通过
471,二面,262,2026-04-22,68.8,通过
471,三面,59,2026-04-28,73.8,通过
472,一面,754,2026-04-14,68.4,通过
472,二面,346,2026-04-22,81.6,通过
472,三面,28,2026-05-02,94.3,通过
472,HR面,387,2026-05-12,91.7,通过
473,一面,381,2026-04-16,90.9,通过
473,二面,9,2026-04-22,89.8,通过
474,一面,277,2026-06-04,91.9,通过
474,二面,590,2026-06-12,71.1,通过
474,三面,496,2026-06-16,91.6,通过
475,一面,713,2026-04-28,71.4,通过
475,二面,6,2026-05-02,79.5,通过
475,三面,387,2026-05-07,78.6,通过
476,一面,6,2026-05-26,92.2,通过
476,二面,484,2026-06-06,69.3,通过
477,一面,220,2026-05-13,89.1,通过
477,二面,482,2026-05-19,94.3,通过
478,一面,413,2026-04-26,73.7,通过
478,二面,478,2026-05-01,76.2,通过
478,三面,386,2026-05-12,93.8,通过
479,一面,636,2026-05-30,87.9,通过
479,二面,306,2026-06-11,78.6,通过
479,三面,63,2026-06-19,81.1,通过
480,一面,55,2026-05-15,87.5,通过
480,二面,443,2026-05-25,78.3,通过
480,三面,348,2026-06-02,69.8,通过
481,一面,207,2026-05-05,70.7,通过
481,二面,383,2026-05-12,79.4,通过
481,三面,63,2026-05-18,69.0,通过
482,一面,44,2026-05-28,77.0,通过
482,二面,457,2026-06-07,81.5,通过
482,三面,262,2026-06-17,72.1,通过
482,HR面,715,2026-06-29,71.6,通过
483,一面,114,2026-06-05,82.1,通过
483,二面,495,2026-06-09,79.5,通过
484,一面,690,2026-04-29,93.4,通过
484,二面,525,2026-05-10,74.4,通过
485,一面,262,2026-06-07,77.8,通过
485,二面,482,2026-06-18,79.8,通过
486,一面,79,2026-06-22,79.8,通过
486,二面,634,2026-06-28,94.5,通过
486,三面,498,2026-07-04,73.7,通过
487,一面,34,2026-06-23,71.2,通过
487,二面,63,2026-06-30,93.7,通过
488,一面,86,2026-07-02,81.2,通过
488,二面,20,2026-07-06,79.7,通过
489,一面,528,2026-06-15,82.5,通过
489,二面,200,2026-06-22,73.1,通过
490,一面,438,2026-06-25,77.4,通过
490,二面,125,2026-06-30,76.3,通过
491,一面,727,2026-06-21,75.4,通过
491,二面,392,2026-06-26,87.2,通过
491,三面,129,2026-07-02,86.7,通过
492,一面,83,2026-07-16,93.1,通过
492,二面,277,2026-07-22,71.6,通过
492,三面,19,2026-08-03,79.8,通过
493,一面,20,2026-06-10,74.0,通过
493,二面,179,2026-06-18,80.7,通过
494,一面,639,2026-07-05,71.5,通过
494,二面,484,2026-07-10,80.9,通过
495,一面,456,2026-06-17,85.3,通过
495,二面,663,2026-06-23,85.1,通过
495,三面,1,2026-07-01,84.1,通过
495,HR面,179,2026-07-11,88.3,通过
496,一面,762,2026-07-29,88.9,通过
496,二面,254,2026-08-04,70.2,通过
496,三面,525,2026-08-16,83.9,通过
497,一面,87,2026-07-25,80.8,通过
497,二面,589,2026-08-04,94.7,通过
497,三面,63,2026-08-13,84.7,通过
498,一面,765,2026-07-13,78.9,通过
498,二面,387,2026-07-18,85.6,通过
499,一面,718,2026-07-05,81.8,通过
499,二面,5,2026-07-10,82.2,通过
499,三面,19,2026-07-21,68.0,通过
500,一面,293,2026-07-04,73.4,通过
500,二面,250,2026-07-12,87.8,通过
500,三面,143,2026-07-17,86.8,通过
501,一面,306,2026-07-29,83.1,通过
501,二面,49,2026-08-02,84.1,通过
501,三面,54,2026-08-11,83.2,通过
501,HR面,179,2026-08-21,68.3,通过
502,一面,632,2026-07-18,82.8,通过
502,二面,596,2026-07-24,94.6,通过
502,三面,643,2026-08-01,78.9,通过
503,一面,499,2026-07-22,69.2,通过
503,二面,419,2026-07-30,82.4,通过
503,三面,528,2026-08-10,85.4,通过
503,HR面,179,2026-08-16,88.2,通过
504,一面,405,2026-07-27,91.3,通过
504,二面,496,2026-08-03,85.7,通过
505,一面,463,2023-02-05,73.8,通过
505,二面,483,2023-02-12,44.1,未通过
506,一面,643,2023-01-22,40.3,未通过
507,一面,496,2023-02-12,37.8,未通过
508,一面,484,2023-02-24,42.6,未通过
509,一面,308,2023-02-25,39.5,未通过
509,二面,129,2023-03-09,52.7,未通过
510,一面,331,2023-03-18,55.0,未通过
510,二面,19,2023-03-23,46.0,未通过
511,一面,173,2023-03-21,67.4,未通过
512,一面,347,2023-03-19,81.2,通过
512,二面,19,2023-03-24,56.1,未通过
513,一面,125,2023-03-02,50.7,未通过
514,一面,720,2023-03-13,78.9,通过
514,二面,443,2023-03-19,36.7,未通过
515,一面,158,2023-03-12,80.0,通过
515,二面,483,2023-03-24,60.6,未通过
516,一面,163,2023-02-28,68.8,未通过
517,一面,571,2023-02-15,51.4,未通过
518,一面,242,2023-04-05,79.8,通过
518,二面,143,2023-04-11,41.6,未通过
519,一面,718,2023-04-18,37.5,未通过
519,二面,34,2023-04-24,55.8,未通过
520,一面,484,2023-04-19,66.8,未通过
521,一面,348,2023-04-04,42.2,未通过
522,一面,495,2023-04-10,47.6,未通过
522,二面,9,2023-04-17,64.8,未通过
523,一面,287,2023-03-27,79.8,通过
523,二面,129,2023-03-31,44.9,未通过
524,一面,499,2023-04-10,57.9,未通过
524,二面,484,2023-04-21,39.4,未通过
525,一面,59,2023-03-26,54.4,未通过
526,一面,328,2023-04-05,72.7,通过
526,二面,643,2023-04-09,68.3,未通过
527,一面,529,2023-03-22,74.4,通过
527,二面,129,2023-03-29,56.4,未通过
528,一面,301,2023-04-02,36.3,未通过
528,二面,200,2023-04-09,66.7,未通过
529,一面,202,2023-04-15,73.2,通过
529,二面,144,2023-04-23,90.6,通过
529,三面,571,2023-05-04,93.0,通过
530,一面,387,2023-06-26,51.4,未通过
531,一面,726,2023-06-15,65.5,通过
531,二面,278,2023-06-27,69.8,未通过
532,一面,59,2023-06-09,67.2,未通过
533,一面,698,2023-06-12,63.9,未通过
533,二面,571,2023-06-19,57.9,未通过
534,一面,436,2023-06-04,66.3,未通过
534,二面,483,2023-06-11,69.6,未通过
535,一面,443,2023-05-31,57.5,未通过
536,一面,691,2023-05-21,52.7,未通过
536,二面,387,2023-05-26,66.0,未通过
537,一面,311,2023-06-05,67.7,未通过
537,二面,278,2023-06-16,42.5,未通过
538,一面,307,2023-06-10,84.2,通过
538,二面,163,2023-06-19,60.6,未通过
539,一面,254,2023-05-18,37.8,未通过
540,一面,382,2023-05-17,73.4,通过
540,二面,143,2023-05-26,63.4,未通过
541,一面,366,2023-07-23,59.5,未通过
541,二面,482,2023-07-31,66.8,未通过
542,一面,307,2023-07-16,38.7,未通过
542,二面,173,2023-07-20,43.8,未通过
543,一面,697,2023-07-21,94.9,通过
543,二面,536,2023-07-25,72.1,通过
543,三面,207,2023-08-01,92.5,通过
544,一面,521,2023-09-24,45.0,未通过
544,二面,524,2023-09-28,55.8,未通过
545,一面,477,2023-09-24,48.9,未通过
545,二面,9,2023-10-04,54.3,未通过
546,一面,63,2023-09-10,57.1,未通过
547,一面,589,2023-09-24,64.3,通过
547,二面,496,2023-10-05,50.4,未通过
548,一面,589,2023-11-26,83.4,通过
548,二面,635,2023-12-06,37.8,未通过
549,一面,125,2023-12-06,54.1,未通过
550,一面,689,2023-12-12,68.7,未通过
551,一面,59,2024-01-01,37.5,未通过
552,一面,293,2023-12-21,79.8,通过
552,二面,6,2023-12-29,75.3,通过
552,三面,635,2024-01-07,90.5,通过
553,一面,421,2024-01-22,61.8,通过
553,二面,386,2024-01-26,58.6,未通过
554,一面,525,2024-01-30,49.9,未通过
555,一面,278,2024-02-01,42.3,未通过
556,一面,635,2024-01-25,64.5,未通过
557,一面,496,2024-02-25,61.2,未通过
558,一面,3,2024-02-16,60.6,通过
558,二面,689,2024-02-20,52.5,未通过
559,一面,306,2024-02-09,61.9,通过
559,二面,19,2024-02-19,69.4,未通过
560,一面,525,2024-02-13,45.8,未通过
561,一面,635,2024-02-20,53.3,未通过
562,一面,224,2024-02-23,53.1,未通过
562,二面,179,2024-03-06,42.7,未通过
563,一面,362,2024-02-14,76.8,通过
563,二面,495,2024-02-24,46.9,未通过
564,一面,310,2024-02-27,82.5,通过
564,二面,386,2024-03-10,39.3,未通过
565,一面,443,2024-03-04,35.4,未通过
566,一面,596,2024-02-23,71.6,通过
566,二面,721,2024-03-03,67.5,未通过
567,一面,18,2024-03-11,60.3,通过
567,二面,254,2024-03-17,59.9,未通过
568,一面,295,2024-03-15,81.7,通过
568,二面,34,2024-03-20,85.1,通过
568,三面,348,2024-03-26,73.6,通过
569,一面,334,2024-03-10,74.4,通过
569,二面,498,2024-03-18,36.4,未通过
570,一面,442,2024-03-16,91.0,通过
570,二面,721,2024-03-22,75.2,通过
571,一面,278,2024-03-15,38.1,未通过
572,一面,443,2024-03-12,54.9,未通过
573,一面,484,2024-05-18,54.9,未通过
574,一面,301,2024-05-12,84.4,通过
574,二面,689,2024-05-17,51.0,未通过
575,一面,14,2024-05-16,40.8,未通过
575,二面,496,2024-05-23,53.5,未通过
576,一面,755,2024-05-05,56.5,未通过
576,二面,387,2024-05-15,53.6,未通过
577,一面,3,2024-05-28,72.5,通过
577,二面,643,2024-06-05,43.0,未通过
578,一面,250,2024-05-13,61.0,通过
578,二面,484,2024-05-25,43.6,未通过
579,一面,361,2024-05-18,80.5,通过
579,二面,525,2024-05-29,37.2,未通过
580,一面,495,2024-05-23,61.5,未通过
581,一面,301,2024-05-18,55.5,未通过
581,二面,179,2024-05-25,58.9,未通过
582,一面,129,2024-08-05,71.5,通过
582,二面,387,2024-08-09,61.3,未通过
583,一面,179,2024-08-13,51.7,未通过
584,一面,463,2024-08-03,64.3,未通过
584,二面,116,2024-08-09,58.7,未通过
585,一面,9,2024-08-17,63.0,未通过
586,一面,10,2024-08-16,87.3,通过
586,二面,386,2024-08-23,77.9,通过
587,一面,79,2024-07-30,48.0,未通过
587,二面,19,2024-08-11,38.1,未通过
588,一面,179,2024-08-24,46.4,未通过
589,一面,250,2024-10-12,39.6,未通过
589,二面,348,2024-10-22,57.5,未通过
590,一面,59,2024-10-06,63.4,未通过
591,一面,753,2024-09-20,71.2,通过
591,二面,443,2024-10-02,65.0,未通过
592,一面,482,2024-09-28,68.7,未通过
593,一面,34,2024-09-22,48.7,未通过
594,一面,715,2024-09-14,36.3,未通过
595,一面,34,2024-09-18,53.3,未通过
596,一面,638,2024-09-29,68.2,通过
596,二面,163,2024-10-08,47.5,未通过
597,一面,158,2024-11-02,53.5,未通过
597,二面,643,2024-11-07,58.3,未通过
598,一面,116,2024-11-17,38.0,未通过
599,一面,495,2024-11-19,54.8,未通过
600,一面,753,2024-10-29,35.3,未通过
600,二面,200,2024-11-06,66.9,未通过
601,一面,250,2024-11-22,80.3,通过
601,二面,34,2024-11-27,52.7,未通过
602,一面,643,2024-11-07,53.5,未通过
603,一面,63,2024-11-19,57.2,未通过
604,一面,406,2024-11-01,60.3,未通过
604,二面,484,2024-11-08,57.2,未通过
605,一面,254,2024-11-30,42.3,未通过
606,一面,200,2024-11-22,44.2,未通过
607,一面,498,2024-11-21,61.6,未通过
608,一面,483,2024-12-16,66.4,未通过
609,一面,261,2024-12-29,83.8,通过
609,二面,496,2025-01-06,77.2,通过
610,一面,347,2025-01-13,39.9,未通过
610,二面,143,2025-01-21,47.4,未通过
611,一面,372,2025-01-02,79.4,通过
611,二面,129,2025-01-07,61.7,未通过
612,一面,591,2025-01-21,69.4,通过
612,二面,499,2025-02-02,84.4,通过
612,三面,129,2025-02-08,74.0,通过
613,一面,386,2025-01-13,56.9,未通过
614,一面,207,2025-01-21,63.2,通过
614,二面,635,2025-01-31,59.9,未通过
615,一面,483,2025-01-13,48.8,未通过
616,一面,34,2024-12-26,52.2,未通过
617,一面,328,2025-01-13,51.3,未通过
617,二面,278,2025-01-18,39.7,未通过
618,一面,63,2025-01-02,63.3,未通过
619,一面,643,2025-01-04,47.2,未通过
620,一面,462,2025-01-12,64.7,未通过
620,二面,689,2025-01-21,62.7,未通过
621,一面,254,2025-02-19,68.3,未通过
622,一面,496,2025-02-24,40.9,未通过
623,一面,163,2025-02-17,55.9,未通过
624,一面,413,2025-02-06,55.6,未通过
624,二面,635,2025-02-13,55.3,未通过
625,一面,200,2025-02-21,49.6,未通过
626,一面,123,2025-02-17,37.5,未通过
626,二面,715,2025-02-26,42.6,未通过
627,一面,727,2025-03-25,36.6,未通过
627,二面,200,2025-03-30,59.4,未通过
628,一面,387,2025-03-26,37.5,未通过
629,一面,381,2025-04-23,69.9,未通过
629,二面,163,2025-05-03,41.7,未通过
630,一面,34,2025-04-29,81.3,通过
630,二面,129,2025-05-03,45.5,未通过
631,一面,20,2025-04-17,72.2,通过
631,二面,496,2025-04-26,69.3,未通过
632,一面,482,2025-05-09,53.4,未通过
633,一面,242,2025-05-16,93.3,通过
633,二面,382,2025-05-23,79.4,通过
633,三面,483,2025-05-30,69.3,通过
634,一面,125,2025-05-29,59.9,未通过
635,一面,464,2025-05-18,66.7,未通过
635,二面,496,2025-05-30,36.3,未通过
636,一面,360,2025-05-12,82.2,通过
636,二面,207,2025-05-19,64.1,未通过
637,一面,697,2025-05-18,46.9,未通过
637,二面,63,2025-05-22,39.3,未通过
638,一面,682,2025-06-28,79.7,通过
638,二面,387,2025-07-05,82.4,通过
639,一面,689,2025-07-05,67.0,未通过
640,一面,254,2025-07-11,79.5,通过
640,二面,254,2025-07-22,58.5,未通过
641,一面,699,2025-07-29,70.3,通过
641,二面,387,2025-08-04,48.3,未通过
642,一面,45,2025-07-11,79.4,通过
642,二面,484,2025-07-21,65.8,未通过
643,一面,200,2025-07-18,65.8,未通过
644,一面,437,2025-07-14,76.4,通过
644,二面,143,2025-07-24,59.0,未通过
645,一面,529,2025-07-30,84.7,通过
645,二面,200,2025-08-03,62.0,未通过
646,一面,143,2025-07-14,47.0,未通过
647,一面,380,2025-07-18,68.4,通过
647,二面,689,2025-07-23,51.8,未通过
648,一面,262,2025-07-23,83.2,通过
648,二面,689,2025-07-28,54.1,未通过
649,一面,530,2025-09-07,62.5,通过
649,二面,254,2025-09-17,59.1,未通过
650,一面,278,2025-09-09,51.5,未通过
651,一面,348,2025-09-27,61.9,未通过
652,一面,116,2025-09-09,64.5,未通过
653,一面,619,2025-09-23,73.3,通过
653,二面,59,2025-09-29,52.9,未通过
654,一面,173,2025-08-20,64.6,未通过
655,一面,28,2025-08-19,54.3,未通过
655,二面,200,2025-08-26,38.7,未通过
656,一面,524,2025-09-06,62.4,未通过
657,一面,525,2025-09-26,48.4,未通过
658,一面,143,2025-09-23,56.8,未通过
659,一面,484,2025-10-05,52.6,未通过
660,一面,571,2025-09-21,58.0,未通过
661,一面,20,2025-09-30,60.3,未通过
662,一面,179,2025-09-23,61.3,未通过
663,一面,163,2025-10-04,44.5,未通过
664,一面,5,2025-09-28,89.0,通过
664,二面,635,2025-10-08,86.5,通过
665,一面,715,2025-09-18,63.4,未通过
666,一面,265,2025-11-07,63.4,未通过
666,二面,116,2025-11-19,65.6,未通过
667,一面,525,2025-11-19,62.2,未通过
668,一面,634,2025-11-22,84.8,通过
668,二面,498,2025-11-27,58.7,未通过
669,一面,301,2025-11-01,68.3,未通过
669,二面,484,2025-11-13,54.7,未通过
670,一面,125,2025-11-08,38.7,未通过
671,一面,498,2025-11-03,45.8,未通过
672,一面,482,2026-03-28,38.8,未通过
673,一面,689,2026-04-03,43.3,未通过
674,一面,744,2026-03-30,79.6,通过
674,二面,484,2026-04-03,67.1,未通过
675,一面,382,2026-03-28,60.1,未通过
675,二面,715,2026-04-08,68.6,未通过
676,一面,726,2026-04-27,78.7,通过
676,二面,163,2026-05-08,40.5,未通过
677,一面,287,2026-04-10,78.6,通过
677,二面,2,2026-04-22,73.3,通过
677,三面,116,2026-05-02,93.6,通过
678,一面,483,2026-04-05,37.7,未通过
679,一面,691,2026-04-19,68.7,通过
679,二面,635,2026-04-23,67.3,未通过
680,一面,530,2026-03-24,72.4,通过
680,二面,498,2026-04-03,60.9,未通过
681,一面,116,2026-03-19,39.6,未通过
682,一面,546,2026-03-16,62.0,通过
682,二面,200,2026-03-20,49.5,未通过
683,一面,173,2026-04-27,45.9,未通过
684,一面,689,2026-05-07,69.6,未通过
685,一面,496,2026-05-04,59.9,未通过
686,一面,443,2026-04-20,37.1,未通过
686,二面,19,2026-04-26,65.8,未通过
687,一面,635,2026-05-01,62.3,未通过
688,一面,254,2026-04-29,71.1,通过
688,二面,457,2026-05-10,82.8,通过
688,三面,173,2026-05-14,74.3,通过
689,一面,44,2026-08-20,35.6,未通过
689,二面,525,2026-08-29,56.7,未通过
690,一面,727,2026-08-11,81.5,通过
690,二面,386,2026-08-22,83.2,待定
691,一面,179,2026-08-06,48.1,未通过
693,一面,8,2022-12-28,84.3,通过
693,二面,99,2023-01-04,68.0,通过
693,三面,483,2023-01-09,91.6,通过
694,一面,129,2022-12-12,61.8,未通过
695,一面,571,2022-12-25,48.0,未通过
696,一面,176,2022-12-09,66.1,未通过
696,二面,386,2022-12-21,45.9,未通过
697,一面,715,2022-12-10,55.6,未通过
698,一面,413,2022-12-29,85.8,通过
698,二面,166,2023-01-02,93.9,通过
698,三面,254,2023-01-10,68.1,通过
699,一面,207,2022-12-31,56.9,未通过
700,一面,609,2022-12-29,82.8,通过
700,二面,207,2023-01-04,55.0,未通过
701,一面,302,2022-12-09,84.4,通过
701,二面,643,2022-12-19,40.1,未通过
702,一面,254,2023-01-02,39.2,未通过
703,一面,715,2022-12-18,37.8,未通过
704,一面,231,2022-12-16,68.3,通过
704,二面,498,2022-12-26,63.8,未通过
705,一面,458,2022-12-12,52.6,未通过
705,二面,63,2022-12-22,63.9,未通过
706,一面,387,2023-01-01,46.0,未通过
707,一面,715,2023-01-18,45.2,未通过
708,一面,530,2022-12-31,56.4,未通过
708,二面,116,2023-01-07,60.5,未通过
709,一面,310,2023-01-17,62.2,通过
709,二面,386,2023-01-26,59.2,未通过
710,一面,129,2022-12-31,57.6,未通过
711,一面,173,2023-01-03,64.7,未通过
712,一面,61,2023-01-07,49.3,未通过
712,二面,635,2023-01-15,67.0,未通过
713,一面,754,2023-02-28,72.3,通过
713,二面,163,2023-03-05,44.6,未通过
714,一面,293,2023-02-28,49.6,未通过
714,二面,278,2023-03-07,62.9,未通过
715,一面,254,2023-02-27,53.1,未通过
716,一面,536,2023-02-21,36.0,未通过
716,二面,689,2023-03-05,64.7,未通过
717,一面,20,2023-02-11,41.2,未通过
718,一面,348,2023-03-05,55.2,未通过
719,一面,721,2023-02-24,37.9,未通过
720,一面,635,2023-02-09,62.6,未通过
721,一面,382,2023-03-05,80.8,通过
721,二面,635,2023-03-10,74.5,通过
722,一面,672,2023-02-13,77.7,通过
722,二面,207,2023-02-17,50.3,未通过
723,一面,310,2023-03-02,58.3,未通过
723,二面,483,2023-03-14,41.0,未通过
724,一面,19,2023-01-28,44.8,未通过
725,一面,129,2023-02-16,40.7,未通过
726,一面,13,2023-02-17,79.3,通过
726,二面,443,2023-02-21,55.1,未通过
727,一面,631,2023-02-17,66.0,未通过
727,二面,254,2023-02-24,38.4,未通过
728,一面,31,2023-03-16,63.1,通过
728,二面,163,2023-03-20,65.0,未通过
729,一面,89,2023-03-28,66.7,未通过
729,二面,484,2023-04-08,65.4,未通过
730,一面,537,2023-03-18,38.2,未通过
730,二面,635,2023-03-29,67.4,未通过
731,一面,752,2023-03-12,68.5,通过
731,二面,34,2023-03-19,42.4,未通过
732,一面,406,2023-03-28,83.0,通过
732,二面,200,2023-04-04,41.8,未通过
733,一面,372,2023-03-25,74.6,通过
733,二面,59,2023-04-03,46.0,未通过
734,一面,289,2023-03-21,82.4,通过
734,二面,496,2023-04-02,61.0,未通过
735,一面,308,2023-03-19,69.6,通过
735,二面,562,2023-03-28,92.3,通过
735,三面,200,2023-04-06,90.8,通过
736,一面,571,2023-03-31,46.4,未通过
737,一面,482,2023-03-09,66.7,未通过
738,一面,242,2023-03-19,46.0,未通过
738,二面,635,2023-03-29,52.5,未通过
739,一面,715,2023-03-12,52.6,未通过
740,一面,59,2023-03-18,67.7,未通过
741,一面,458,2023-03-03,75.1,通过
741,二面,387,2023-03-08,43.1,未通过
742,一面,635,2023-03-14,62.4,未通过
743,一面,19,2023-03-22,40.5,未通过
744,一面,173,2023-03-31,65.3,未通过
745,一面,443,2023-03-31,35.5,未通过
746,一面,456,2023-03-22,62.5,未通过
746,二面,348,2023-03-27,42.9,未通过
747,一面,635,2023-03-18,40.5,未通过
748,一面,525,2023-03-23,42.8,未通过
749,一面,111,2023-03-23,44.1,未通过
749,二面,278,2023-04-01,49.4,未通过
750,一面,348,2023-03-07,61.8,未通过
751,一面,9,2023-04-26,70.8,通过
751,二面,496,2023-05-04,82.2,通过
752,一面,308,2023-04-18,77.6,通过
752,二面,116,2023-04-24,48.0,未通过
753,一面,242,2023-04-30,83.1,通过
753,二面,20,2023-05-11,76.7,通过
754,一面,380,2023-05-02,81.3,通过
754,二面,125,2023-05-07,52.6,未通过
755,一面,726,2023-04-02,55.0,未通过
755,二面,643,2023-04-11,55.1,未通过
756,一面,306,2023-04-27,35.9,未通过
756,二面,484,2023-05-09,36.8,未通过
757,一面,59,2023-04-16,56.3,未通过
758,一面,386,2023-04-12,35.5,未通过
759,一面,4,2023-05-14,64.3,未通过
759,二面,483,2023-05-18,56.7,未通过
760,一面,96,2023-05-25,48.6,未通过
760,二面,496,2023-06-02,42.5,未通过
761,一面,140,2023-05-17,61.8,通过
761,二面,200,2023-05-22,51.0,未通过
762,一面,9,2023-05-03,69.6,未通过
763,一面,95,2023-05-12,66.9,未通过
763,二面,348,2023-05-24,60.2,未通过
764,一面,111,2023-05-22,57.1,未通过
764,二面,495,2023-05-28,57.2,未通过
765,一面,79,2023-06-03,57.6,未通过
765,二面,571,2023-06-13,47.4,未通过
766,一面,116,2023-06-06,54.1,未通过
767,一面,537,2023-06-08,35.7,未通过
767,二面,387,2023-06-17,67.7,未通过
768,一面,619,2023-06-11,77.1,通过
768,二面,443,2023-06-20,35.7,未通过
769,一面,373,2023-06-13,69.0,通过
769,二面,163,2023-06-22,53.6,未通过
770,一面,143,2023-06-07,52.3,未通过
771,一面,163,2023-06-19,51.8,未通过
772,一面,719,2023-06-08,39.6,未通过
772,二面,278,2023-06-15,50.9,未通过
773,一面,498,2023-06-09,44.5,未通过
774,一面,63,2023-06-16,52.1,未通过
775,一面,20,2023-06-09,53.9,未通过
776,一面,89,2023-06-26,82.2,通过
776,二面,386,2023-07-07,53.2,未通过
777,一面,441,2023-06-18,70.0,通过
777,二面,483,2023-06-28,44.1,未通过
778,一面,443,2023-06-14,53.4,未通过
779,一面,307,2023-06-08,75.9,通过
779,二面,173,2023-06-18,58.0,未通过
780,一面,524,2023-06-10,40.6,未通过
781,一面,718,2023-06-22,78.7,通过
781,二面,495,2023-07-01,68.7,未通过
782,一面,483,2023-06-02,56.6,未通过
783,一面,633,2023-07-17,49.5,未通过
783,二面,34,2023-07-27,65.0,未通过
784,一面,720,2023-07-18,68.1,通过
784,二面,116,2023-07-29,61.9,未通过
785,一面,443,2023-08-02,71.5,通过
785,二面,360,2023-08-07,93.2,通过
785,三面,63,2023-08-11,88.8,通过
786,一面,19,2023-07-18,55.6,未通过
787,一面,661,2023-08-08,79.0,通过
787,二面,635,2023-08-12,35.5,未通过
788,一面,20,2023-08-02,35.4,未通过
789,一面,386,2023-08-08,62.9,未通过
790,一面,129,2023-08-12,78.0,通过
790,二面,278,2023-08-16,57.1,未通过
791,一面,579,2023-08-04,65.9,通过
791,二面,348,2023-08-08,42.0,未通过
792,一面,635,2023-07-09,36.9,未通过
793,一面,278,2023-07-20,54.4,未通过
794,一面,484,2023-07-21,65.9,未通过
795,一面,28,2023-07-15,54.8,未通过
795,二面,496,2023-07-19,43.7,未通过
796,一面,9,2023-08-24,49.5,未通过
797,一面,278,2023-08-08,65.5,未通过
798,一面,527,2023-08-10,38.6,未通过
798,二面,173,2023-08-21,44.7,未通过
799,一面,591,2023-08-09,37.4,未通过
799,二面,689,2023-08-17,46.2,未通过
800,一面,125,2023-08-20,55.3,未通过
801,一面,96,2023-08-19,85.0,通过
801,二面,689,2023-08-25,47.8,未通过
802,一面,311,2023-08-10,74.7,通过
802,二面,34,2023-08-15,37.2,未通过
803,一面,4,2023-08-21,74.4,通过
803,二面,721,2023-08-27,44.1,未通过
804,一面,328,2023-08-28,73.8,通过
804,二面,34,2023-09-05,45.8,未通过
805,一面,523,2023-08-18,76.3,通过
805,二面,348,2023-08-26,70.4,通过
806,一面,158,2023-08-31,41.3,未通过
806,二面,482,2023-09-10,58.7,未通过
807,一面,163,2023-08-26,55.8,未通过
808,一面,597,2023-08-21,68.2,通过
808,二面,20,2023-09-02,54.2,未通过
809,一面,520,2023-08-20,40.7,未通过
809,二面,125,2023-08-26,61.4,未通过
810,一面,536,2023-08-20,70.5,通过
810,二面,689,2023-09-01,65.5,未通过
811,一面,125,2023-09-05,66.7,未通过
812,一面,483,2023-08-10,66.7,未通过
813,一面,571,2023-08-25,60.8,未通过
814,一面,254,2023-08-24,36.4,未通过
815,一面,224,2023-08-29,64.0,未通过
815,二面,525,2023-09-07,39.2,未通过
816,一面,265,2023-08-08,43.5,未通过
816,二面,643,2023-08-19,38.1,未通过
817,一面,51,2023-08-21,68.9,未通过
817,二面,254,2023-08-25,59.6,未通过
818,一面,635,2023-08-26,36.7,未通过
819,一面,6,2023-08-31,75.8,通过
819,二面,287,2023-09-11,69.6,通过
819,三面,9,2023-09-20,79.7,通过
820,一面,2,2023-08-28,72.6,通过
820,二面,19,2023-09-01,60.8,未通过
821,一面,436,2023-08-15,65.7,未通过
821,二面,525,2023-08-26,46.1,未通过
822,一面,566,2023-08-31,60.8,未通过
822,二面,482,2023-09-11,40.1,未通过
823,一面,302,2023-08-14,89.2,通过
823,二面,200,2023-08-22,84.6,通过
824,一面,140,2023-08-07,77.6,通过
824,二面,525,2023-08-14,36.1,未通过
825,一面,59,2023-08-29,63.4,未通过
826,一面,346,2023-08-06,81.6,通过
826,二面,129,2023-08-15,51.7,未通过
827,一面,144,2023-08-09,61.7,通过
827,二面,163,2023-08-17,52.4,未通过
828,一面,639,2023-08-25,79.0,通过
828,二面,63,2023-09-02,49.4,未通过
829,一面,614,2023-09-01,61.6,通过
829,二面,495,2023-09-10,61.8,未通过
830,一面,34,2023-09-18,57.2,未通过
831,一面,689,2023-09-23,48.9,未通过
832,一面,307,2023-09-19,63.9,通过
832,二面,482,2023-09-25,49.5,未通过
833,一面,456,2023-09-09,45.6,未通过
833,二面,116,2023-09-18,50.0,未通过
834,一面,54,2023-08-28,60.1,通过
834,二面,63,2023-09-06,53.2,未通过
835,一面,254,2023-09-04,49.9,未通过
835,二面,484,2023-09-09,40.8,未通过
836,一面,521,2023-09-21,67.3,未通过
836,二面,200,2023-09-27,47.0,未通过
837,一面,293,2023-09-10,62.0,未通过
837,二面,443,2023-09-22,41.6,未通过
838,一面,530,2023-09-18,63.2,通过
838,二面,643,2023-09-26,37.4,未通过
839,一面,643,2023-09-20,53.8,未通过
840,一面,34,2023-09-22,60.6,未通过
841,一面,643,2023-10-02,51.2,未通过
842,一面,176,2023-09-26,73.4,通过
842,二面,689,2023-10-01,43.6,未通过
843,一面,496,2023-09-20,62.5,未通过
844,一面,200,2023-09-15,43.0,未通过
845,一面,63,2023-09-22,56.6,未通过
846,一面,40,2023-10-01,73.8,通过
846,二面,200,2023-10-08,52.5,未通过
847,一面,114,2023-09-08,68.7,通过
847,二面,635,2023-09-18,50.9,未通过
848,一面,311,2023-09-20,94.6,通过
848,二面,437,2023-09-26,80.5,通过
848,三面,125,2023-10-04,90.5,通过
849,一面,34,2023-09-28,35.9,未通过
850,一面,377,2023-09-09,41.4,未通过
850,二面,571,2023-09-20,63.0,未通过
851,一面,123,2023-11-05,71.9,通过
851,二面,173,2023-11-14,44.8,未通过
852,一面,116,2023-10-14,67.6,未通过
853,一面,204,2023-10-10,66.3,未通过
853,二面,173,2023-10-16,66.9,未通过
854,一面,40,2023-10-22,68.9,通过
854,二面,20,2023-10-27,38.5,未通过
855,一面,200,2023-10-14,47.1,未通过
856,一面,484,2023-10-22,37.4,未通过
857,一面,19,2023-10-17,52.9,未通过
858,一面,250,2023-10-22,70.4,通过
858,二面,373,2023-10-30,74.2,通过
858,三面,200,2023-11-08,89.9,通过
859,一面,336,2023-11-03,64.9,通过
859,二面,254,2023-11-13,65.9,未通过
860,一面,597,2023-10-18,69.4,通过
860,二面,635,2023-10-24,58.7,未通过
861,一面,207,2023-10-26,44.5,未通过
862,一面,20,2023-10-31,41.5,未通过
863,一面,3,2023-10-10,77.4,通过
863,二面,483,2023-10-16,69.5,未通过
864,一面,9,2023-10-16,68.2,未通过
865,一面,200,2023-10-15,42.8,未通过
866,一面,406,2023-11-06,67.8,通过
866,二面,635,2023-11-12,60.6,未通过
867,一面,114,2023-11-05,61.0,未通过
867,二面,116,2023-11-09,48.3,未通过
868,一面,608,2023-10-26,70.6,通过
868,二面,525,2023-11-05,57.7,未通过
869,一面,20,2023-11-10,53.1,未通过
870,一面,530,2023-11-07,45.2,未通过
870,二面,715,2023-11-16,62.2,未通过
871,一面,31,2023-11-18,63.7,通过
871,二面,387,2023-11-24,43.2,未通过
872,一面,406,2023-11-10,65.0,未通过
872,二面,63,2023-11-14,63.6,未通过
873,一面,348,2023-11-19,57.1,未通过
874,一面,123,2023-11-12,57.4,未通过
874,二面,59,2023-11-21,48.4,未通过
875,一面,528,2023-11-24,49.1,未通过
875,二面,163,2023-12-02,47.3,未通过
876,一面,682,2023-11-23,81.1,通过
876,二面,372,2023-12-02,85.2,通过
876,三面,643,2023-12-12,93.2,通过
877,一面,125,2023-11-28,62.7,未通过
878,一面,301,2023-11-12,53.8,未通过
878,二面,483,2023-11-17,41.9,未通过
879,一面,643,2023-11-23,56.3,未通过
880,一面,477,2023-11-29,72.9,通过
880,二面,571,2023-12-04,36.5,未通过
881,一面,524,2023-12-01,68.6,未通过
882,一面,525,2023-12-01,45.1,未通过
883,一面,180,2023-12-23,42.8,未通过
883,二面,63,2023-12-30,63.2,未通过
884,一面,125,2023-12-28,49.6,未通过
885,一面,173,2024-01-03,42.1,未通过
886,一面,20,2024-01-08,47.7,未通过
887,一面,289,2024-01-07,74.1,通过
887,二面,116,2024-01-17,60.5,未通过
888,一面,665,2023-12-26,72.9,通过
888,二面,34,2024-01-06,40.2,未通过
889,一面,536,2024-02-05,78.3,通过
889,二面,348,2024-02-17,94.8,通过
890,一面,386,2024-02-24,67.9,未通过
891,一面,443,2024-02-09,43.0,未通过
892,一面,421,2024-02-01,81.1,通过
892,二面,482,2024-02-05,49.5,未通过
893,一面,348,2024-02-07,63.9,未通过
894,一面,254,2024-02-12,53.7,未通过
895,一面,443,2024-02-18,53.5,未通过
895,二面,498,2024-02-29,44.5,未通过
896,一面,571,2024-02-19,64.7,未通过
897,一面,635,2024-03-03,44.4,未通过
898,一面,557,2024-03-08,61.1,未通过
898,二面,498,2024-03-15,56.8,未通过
899,一面,497,2024-03-01,89.6,通过
899,二面,125,2024-03-11,80.6,通过
900,一面,300,2024-02-21,37.7,未通过
900,二面,689,2024-03-03,42.8,未通过
901,一面,589,2024-02-28,64.7,未通过
901,二面,179,2024-03-07,43.6,未通过
902,一面,348,2024-02-23,63.3,未通过
903,一面,200,2024-02-10,39.9,未通过
904,一面,482,2024-02-16,68.9,未通过
905,一面,59,2024-03-04,49.7,未通过
906,一面,635,2024-03-05,59.9,未通过
907,一面,672,2024-02-18,35.6,未通过
907,二面,635,2024-02-23,37.5,未通过
908,一面,99,2024-02-25,72.0,通过
908,二面,262,2024-02-29,70.1,通过
908,三面,19,2024-03-04,77.9,通过
909,一面,34,2024-02-26,40.9,未通过
910,一面,557,2024-02-15,79.1,通过
910,二面,483,2024-02-22,41.2,未通过
911,一面,242,2024-02-10,45.6,未通过
911,二面,571,2024-02-19,58.2,未通过
912,一面,443,2024-02-18,48.4,未通过
912,二面,721,2024-02-22,53.1,未通过
913,一面,496,2024-02-26,50.3,未通过
914,一面,699,2024-02-28,51.8,未通过
914,二面,443,2024-03-03,52.7,未通过
915,一面,386,2024-02-26,39.4,未通过
916,一面,746,2024-02-18,46.2,未通过
916,二面,19,2024-02-22,41.4,未通过
917,一面,348,2024-02-22,64.3,未通过
918,一面,173,2024-03-28,64.7,未通过
919,一面,523,2024-03-22,81.2,通过
919,二面,20,2024-03-31,42.2,未通过
920,一面,278,2024-03-19,55.4,未通过
921,一面,689,2024-03-13,61.1,未通过
922,一面,495,2024-04-10,35.6,未通过
923,一面,59,2024-03-21,65.9,未通过
924,一面,371,2024-03-26,45.1,未通过
924,二面,143,2024-04-07,43.8,未通过
925,一面,254,2024-03-31,49.4,未通过
925,二面,482,2024-04-05,59.4,未通过
926,一面,200,2024-03-19,59.1,未通过
927,一面,721,2024-03-27,62.1,未通过
928,一面,609,2024-03-15,41.2,未通过
928,二面,200,2024-03-19,52.3,未通过
929,一面,166,2024-03-20,60.3,通过
929,二面,34,2024-03-26,64.8,未通过
930,一面,3,2024-03-14,78.7,通过
930,二面,254,2024-03-21,45.8,未通过
931,一面,66,2024-03-13,87.5,通过
931,二面,523,2024-03-18,80.8,通过
931,三面,143,2024-03-23,90.3,通过
932,一面,496,2024-03-29,37.0,未通过
933,一面,366,2024-03-09,79.9,通过
933,二面,635,2024-03-21,57.8,未通过
934,一面,525,2024-03-09,70.0,未通过
935,一面,386,2024-03-09,48.4,未通过
936,一面,129,2024-03-25,69.9,未通过
937,一面,116,2024-03-31,58.4,未通过
938,一面,19,2024-03-13,56.8,未通过
939,一面,381,2024-03-16,56.2,未通过
939,二面,635,2024-03-25,65.3,未通过
940,一面,496,2024-03-19,65.1,未通过
941,一面,19,2024-03-16,46.4,未通过
942,一面,207,2024-03-28,42.4,未通过
943,一面,458,2024-04-07,52.8,未通过
943,二面,496,2024-04-18,50.8,未通过
944,一面,664,2024-04-02,41.8,未通过
944,二面,443,2024-04-07,45.9,未通过
945,一面,34,2024-04-20,45.1,未通过
946,一面,635,2024-04-11,61.4,未通过
947,一面,373,2024-05-01,46.4,未通过
947,二面,63,2024-05-10,47.3,未通过
948,一面,334,2024-04-27,84.2,通过
948,二面,498,2024-05-08,50.7,未通过
949,一面,596,2024-05-03,66.7,通过
949,二面,524,2024-05-07,66.3,未通过
950,一面,483,2024-04-20,63.5,未通过
951,一面,270,2024-04-16,83.3,通过
951,二面,34,2024-04-26,35.4,未通过
952,一面,690,2024-04-28,82.8,通过
952,二面,59,2024-05-09,44.7,未通过
953,一面,34,2024-04-18,50.1,未通过
954,一面,560,2024-05-05,69.0,未通过
954,二面,525,2024-05-10,52.2,未通过
955,一面,482,2024-05-03,55.3,未通过
956,一面,436,2024-04-16,73.6,通过
956,二面,179,2024-04-23,44.9,未通过
957,一面,718,2024-04-10,84.8,通过
957,二面,207,2024-04-20,56.9,未通过
958,一面,638,2024-04-03,44.0,未通过
958,二面,207,2024-04-11,66.6,未通过
959,一面,160,2024-05-02,72.1,通过
959,二面,200,2024-05-12,48.3,未通过
960,一面,721,2024-04-15,50.6,未通过
961,一面,441,2024-05-01,79.5,通过
961,二面,443,2024-05-06,69.2,通过
962,一面,332,2024-04-05,37.2,未通过
962,二面,20,2024-04-16,64.3,未通过
963,一面,664,2024-04-22,54.5,未通过
963,二面,498,2024-05-04,48.3,未通过
964,一面,380,2024-05-03,80.5,通过
964,二面,20,2024-05-09,45.8,未通过
965,一面,441,2024-05-20,69.9,通过
965,二面,129,2024-05-28,46.7,未通过
966,一面,495,2024-05-26,71.7,通过
966,二面,143,2024-06-01,60.7,未通过
967,一面,443,2024-05-04,63.9,未通过
968,一面,336,2024-05-04,39.3,未通过
968,二面,254,2024-05-10,54.6,未通过
969,一面,4,2024-05-11,38.4,未通过
969,二面,63,2024-05-17,67.9,未通过
970,一面,760,2024-05-09,77.5,通过
970,二面,482,2024-05-18,87.2,通过
971,一面,635,2024-05-14,52.9,未通过
972,一面,213,2024-05-24,81.1,通过
972,二面,348,2024-06-05,68.4,未通过
973,一面,277,2024-05-24,40.7,未通过
973,二面,116,2024-05-30,45.7,未通过
974,一面,254,2024-05-18,65.2,未通过
975,一面,34,2024-05-16,46.4,未通过
976,一面,443,2024-05-16,54.4,未通过
977,一面,99,2024-05-28,70.8,通过
977,二面,443,2024-06-01,63.2,未通过
978,一面,34,2024-06-04,36.8,未通过
979,一面,484,2024-07-09,69.8,未通过
980,一面,527,2024-07-10,77.9,通过
980,二面,443,2024-07-18,65.5,未通过
981,一面,643,2024-06-19,38.1,未通过
982,一面,546,2024-06-28,63.2,未通过
982,二面,443,2024-07-03,35.5,未通过
983,一面,362,2024-07-04,70.9,通过
983,二面,143,2024-07-11,53.4,未通过
984,一面,495,2024-07-03,37.3,未通过
985,一面,129,2024-06-25,62.8,未通过
986,一面,721,2024-06-19,42.1,未通过
987,一面,643,2024-07-11,60.8,未通过
988,一面,571,2024-07-03,35.3,未通过
989,一面,498,2024-06-19,56.2,未通过
990,一面,405,2024-06-16,79.7,通过
990,二面,571,2024-06-20,37.4,未通过
991,一面,387,2024-06-07,60.6,未通过
992,一面,643,2024-05-27,50.7,未通过
993,一面,116,2024-06-07,54.6,未通过
994,一面,522,2024-07-20,49.3,未通过
994,二面,20,2024-08-01,69.0,未通过
995,一面,348,2024-07-02,43.0,未通过
996,一面,79,2024-07-24,39.9,未通过
996,二面,525,2024-07-31,41.0,未通过
997,一面,766,2024-07-17,71.2,通过
997,二面,638,2024-07-24,80.6,通过
997,三面,498,2024-07-29,92.0,通过
998,一面,498,2024-07-18,44.0,未通过
999,一面,200,2024-07-26,47.3,未通过
1000,一面,483,2024-07-16,47.7,未通过
1001,一面,9,2024-07-02,64.8,未通过
1002,一面,635,2024-07-05,49.0,未通过
1003,一面,495,2024-07-27,51.2,未通过
1004,一面,478,2024-07-23,84.8,通过
1004,二面,163,2024-08-02,52.2,未通过
1005,一面,125,2024-07-13,51.2,未通过
1006,一面,61,2024-07-22,50.2,未通过
1006,二面,715,2024-07-27,60.4,未通过
1007,一面,295,2024-07-24,74.9,通过
1007,二面,714,2024-08-05,75.6,通过
1007,三面,443,2024-08-14,82.0,通过
1008,一面,728,2024-07-16,54.4,未通过
1008,二面,143,2024-07-25,51.7,未通过
1009,一面,273,2024-09-02,61.3,未通过
1009,二面,689,2024-09-14,51.3,未通过
1010,一面,726,2024-08-26,39.7,未通过
1010,二面,348,2024-09-03,66.5,未通过
1011,一面,116,2024-08-31,43.3,未通过
1012,一面,367,2024-08-24,78.4,通过
1012,二面,484,2024-08-31,53.9,未通过
1013,一面,348,2024-08-20,62.0,未通过
1014,一面,180,2024-08-18,80.6,通过
1014,二面,254,2024-08-30,44.8,未通过
1015,一面,144,2024-08-24,56.0,未通过
1015,二面,63,2024-08-29,64.5,未通过
1016,一面,500,2024-08-09,68.5,未通过
1016,二面,643,2024-08-18,43.0,未通过
1017,一面,571,2024-08-20,63.7,未通过
1018,一面,443,2024-08-25,54.7,未通过
1019,一面,664,2024-09-03,62.7,未通过
1019,二面,20,2024-09-07,64.1,未通过
1020,一面,484,2024-08-24,54.2,未通过
1021,一面,360,2024-08-26,64.6,通过
1021,二面,20,2024-09-05,50.6,未通过
1022,一面,761,2024-08-15,82.7,通过
1022,二面,386,2024-08-24,36.4,未通过
1023,一面,664,2024-08-13,63.7,未通过
1023,二面,254,2024-08-24,46.2,未通过
1024,一面,387,2024-09-09,39.5,未通过
1025,一面,143,2024-09-01,48.2,未通过
1026,一面,179,2024-08-30,49.3,未通过
1027,一面,207,2024-08-28,42.9,未通过
1028,一面,308,2024-08-19,53.3,未通过
1028,二面,116,2024-08-27,50.7,未通过
1029,一面,295,2024-08-28,73.7,通过
1029,二面,294,2024-09-06,70.6,通过
1029,三面,715,2024-09-12,92.0,通过
1030,一面,484,2024-09-24,58.9,未通过
1031,一面,483,2024-10-02,45.3,未通过
1032,一面,99,2024-08-31,72.9,通过
1032,二面,715,2024-09-05,56.4,未通过
1033,一面,310,2024-09-18,64.9,未通过
1033,二面,34,2024-09-26,44.5,未通过
1034,一面,633,2024-09-13,57.3,未通过
1034,二面,163,2024-09-25,65.6,未通过
1035,一面,346,2024-09-17,63.9,通过
1035,二面,207,2024-09-27,46.0,未通过
1036,一面,307,2024-09-23,47.6,未通过
1036,二面,207,2024-10-03,61.7,未通过
1037,一面,760,2024-09-20,37.2,未通过
1037,二面,116,2024-09-30,40.5,未通过
1038,一面,457,2024-09-18,65.5,通过
1038,二面,482,2024-09-26,42.4,未通过
1039,一面,278,2024-10-04,66.2,未通过
1040,一面,173,2024-10-19,46.8,未通过
1041,一面,125,2024-10-30,41.4,未通过
1042,一面,10,2024-11-04,69.7,未通过
1042,二面,278,2024-11-13,58.7,未通过
1043,一面,163,2024-10-27,48.3,未通过
1044,一面,546,2024-10-21,60.5,未通过
1044,二面,9,2024-10-30,39.4,未通过
1045,一面,79,2024-11-02,59.4,未通过
1045,二面,387,2024-11-10,57.6,未通过
1046,一面,413,2024-10-19,66.3,未通过
1046,二面,34,2024-10-29,46.0,未通过
1047,一面,726,2024-10-09,40.7,未通过
1047,二面,20,2024-10-13,58.4,未通过
1048,一面,2,2024-10-17,72.6,通过
1048,二面,721,2024-10-29,40.9,未通过
1049,一面,254,2024-10-11,68.7,未通过
1049,二面,63,2024-10-18,36.8,未通过
1050,一面,721,2024-10-15,41.6,未通过
1051,一面,521,2024-10-27,41.8,未通过
1051,二面,387,2024-11-01,55.7,未通过
1052,一面,637,2024-10-08,51.4,未通过
1052,二面,207,2024-10-18,63.5,未通过
1053,一面,498,2024-10-07,56.9,未通过
1054,一面,243,2024-10-20,50.5,未通过
1054,二面,348,2024-10-25,43.1,未通过
1055,一面,637,2024-10-28,61.1,未通过
1055,二面,19,2024-11-03,48.3,未通过
1056,一面,631,2024-10-24,45.4,未通过
1056,二面,9,2024-10-29,60.3,未通过
1057,一面,348,2024-10-21,51.8,未通过
1058,一面,484,2024-11-06,52.6,未通过
1059,一面,179,2024-11-17,69.2,未通过
1060,一面,204,2024-11-03,46.5,未通过
1060,二面,19,2024-11-07,60.2,未通过
1061,一面,61,2024-11-26,39.9,未通过
1061,二面,19,2024-12-02,48.0,未通过
1062,一面,698,2025-01-07,62.4,未通过
1062,二面,278,2025-01-16,51.3,未通过
1063,一面,207,2024-12-28,53.8,未通过
1064,一面,622,2024-12-31,75.7,通过
1064,二面,200,2025-01-10,37.9,未通过
1065,一面,288,2024-12-14,60.6,通过
1065,二面,278,2024-12-18,51.5,未通过
1066,一面,482,2024-12-30,49.9,未通过
1067,一面,379,2024-12-30,88.2,通过
1067,二面,484,2025-01-06,92.2,通过
1068,一面,721,2024-12-27,47.3,未通过
1069,一面,690,2024-12-27,36.6,未通过
1069,二面,200,2025-01-08,37.1,未通过
1070,一面,14,2024-12-24,60.7,通过
1070,二面,278,2024-12-29,61.0,未通过
1071,一面,495,2025-02-02,58.2,未通过
1072,一面,378,2025-01-31,83.8,通过
1072,二面,689,2025-02-09,48.8,未通过
1073,一面,129,2025-01-23,64.6,未通过
1074,一面,673,2025-01-25,65.8,通过
1074,二面,63,2025-02-01,49.6,未通过
1075,一面,495,2025-02-19,45.3,未通过
1076,一面,530,2025-02-15,65.3,未通过
1076,二面,483,2025-02-23,41.0,未通过
1077,一面,288,2025-02-21,57.2,未通过
1077,二面,715,2025-03-05,46.9,未通过
1078,一面,224,2025-02-11,66.9,通过
1078,二面,254,2025-02-23,65.3,未通过
1079,一面,749,2025-02-22,71.8,通过
1079,二面,173,2025-03-03,68.8,未通过
1080,一面,590,2025-02-20,70.8,通过
1080,二面,20,2025-03-04,53.7,未通过
1081,一面,179,2025-02-28,36.7,未通过
1082,一面,619,2025-03-03,35.7,未通过
1082,二面,495,2025-03-11,41.1,未通过
1083,一面,619,2025-02-18,60.5,通过
1083,二面,387,2025-02-24,43.6,未通过
1084,一面,520,2025-02-19,84.0,通过
1084,二面,59,2025-03-02,49.8,未通过
1085,一面,720,2025-02-26,80.9,通过
1085,二面,643,2025-03-05,35.6,未通过
1086,一面,441,2025-02-15,72.0,通过
1086,二面,383,2025-02-26,92.9,通过
1086,三面,20,2025-03-03,73.4,通过
1087,一面,306,2025-02-21,92.7,通过
1087,二面,721,2025-03-02,69.6,通过
1088,一面,571,2025-02-09,41.4,未通过
1089,一面,761,2025-01-31,35.2,未通过
1089,二面,643,2025-02-11,50.0,未通过
1090,一面,531,2025-02-07,52.0,未通过
1090,二面,496,2025-02-13,36.0,未通过
1091,一面,287,2025-02-16,76.0,通过
1091,二面,483,2025-02-22,69.5,未通过
1092,一面,18,2025-03-04,84.8,通过
1092,二面,495,2025-03-14,52.9,未通过
1093,一面,63,2025-02-26,41.7,未通过
1094,一面,633,2025-02-15,76.6,通过
1094,二面,483,2025-02-25,49.8,未通过
1095,一面,163,2025-02-22,69.0,未通过
1096,一面,200,2025-02-21,69.5,未通过
1097,一面,63,2025-02-20,62.6,未通过
1098,一面,422,2025-03-12,74.3,通过
1098,二面,207,2025-03-16,63.1,未通过
1099,一面,387,2025-03-12,55.6,未通过
1100,一面,200,2025-03-05,63.4,未通过
1101,一面,54,2025-02-06,62.4,未通过
1101,二面,173,2025-02-18,69.9,未通过
1102,一面,524,2025-02-13,40.3,未通过
1103,一面,692,2025-02-27,56.8,未通过
1103,二面,207,2025-03-04,35.5,未通过
1104,一面,438,2025-02-18,54.7,未通过
1104,二面,9,2025-03-02,54.7,未通过
1105,一面,496,2025-02-18,38.9,未通过
1106,一面,383,2025-02-04,62.0,未通过
1106,二面,643,2025-02-11,36.7,未通过
1107,一面,496,2025-02-23,63.6,未通过
1108,一面,143,2025-02-04,41.2,未通过
1109,一面,155,2025-02-07,77.7,通过
1109,二面,483,2025-02-13,37.3,未通过
1110,一面,483,2025-02-11,46.0,未通过
1111,一面,254,2025-02-09,43.1,未通过
1112,一面,361,2025-02-14,51.9,未通过
1112,二面,689,2025-02-26,58.4,未通过
1113,一面,496,2025-02-18,38.4,未通过
1114,一面,336,2025-02-26,93.9,通过
1114,二面,546,2025-03-02,75.4,通过
1114,三面,571,2025-03-12,94.3,通过
1115,一面,106,2025-02-07,46.8,未通过
1115,二面,496,2025-02-14,57.1,未通过
1116,一面,762,2025-02-26,48.7,未通过
1116,二面,278,2025-03-07,35.7,未通过
1117,一面,160,2025-02-12,54.4,未通过
1117,二面,721,2025-02-20,43.2,未通过
1118,一面,95,2025-02-14,83.6,通过
1118,二面,484,2025-02-23,56.0,未通过
1119,一面,347,2025-02-25,56.2,未通过
1119,二面,179,2025-03-07,50.4,未通过
1120,一面,525,2025-02-19,52.5,未通过
1121,一面,382,2025-02-26,75.4,通过
1121,二面,163,2025-03-08,66.6,未通过
1122,一面,179,2025-03-06,53.8,未通过
1123,一面,179,2025-03-04,51.1,未通过
1124,一面,278,2025-03-04,63.4,未通过
1125,一面,637,2025-02-19,70.0,未通过
1125,二面,524,2025-02-25,36.3,未通过
1126,一面,310,2025-03-14,62.7,通过
1126,二面,116,2025-03-23,68.1,未通过
1127,一面,20,2025-02-19,37.0,未通过
1128,一面,387,2025-03-09,68.9,未通过
1129,一面,116,2025-03-30,40.6,未通过
1130,一面,566,2025-03-19,73.7,通过
1130,二面,125,2025-03-27,54.0,未通过
1131,一面,19,2025-03-23,69.9,未通过
1132,一面,562,2025-03-25,51.8,未通过
1132,二面,483,2025-04-02,43.6,未通过
1133,一面,254,2025-03-17,66.0,未通过
1134,一面,294,2025-03-06,62.9,未通过
1134,二面,173,2025-03-11,40.4,未通过
1135,一面,179,2025-04-04,48.3,未通过
1136,一面,62,2025-03-08,81.7,通过
1136,二面,129,2025-03-15,36.1,未通过
1137,一面,93,2025-03-22,54.4,未通过
1137,二面,721,2025-04-01,59.1,未通过
1138,一面,643,2025-03-22,38.0,未通过
1139,一面,597,2025-03-25,81.1,通过
1139,二面,495,2025-03-29,53.1,未通过
1140,一面,754,2025-03-21,39.2,未通过
1140,二面,125,2025-03-28,36.9,未通过
1141,一面,207,2025-03-27,64.3,未通过
1142,一面,9,2025-03-08,61.8,未通过
1143,一面,495,2025-03-21,46.6,未通过
1144,一面,254,2025-04-03,60.5,未通过
1145,一面,482,2025-04-10,44.3,未通过
1146,一面,371,2025-03-08,90.9,通过
1146,二面,643,2025-03-18,84.7,通过
1147,一面,63,2025-03-14,56.7,未通过
1148,一面,95,2025-03-07,67.7,通过
1148,二面,143,2025-03-16,48.1,未通过
1149,一面,643,2025-03-24,47.4,未通过
1150,一面,346,2025-03-12,62.2,通过
1150,二面,496,2025-03-18,62.1,未通过
1151,一面,243,2025-03-25,60.2,通过
1151,二面,129,2025-04-03,41.2,未通过
1152,一面,635,2025-03-05,49.5,未通过
1153,一面,34,2025-03-18,37.8,未通过
1154,一面,482,2025-03-24,53.1,未通过
1155,一面,179,2025-03-17,68.2,未通过
1156,一面,523,2025-03-06,81.7,通过
1156,二面,163,2025-03-12,58.6,未通过
1157,一面,562,2025-03-19,65.8,未通过
1157,二面,9,2025-03-31,48.1,未通过
1158,一面,278,2025-03-01,38.7,未通过
1159,一面,63,2025-03-07,35.8,未通过
1160,一面,421,2025-03-30,80.3,通过
1160,二面,643,2025-04-03,61.3,未通过
1161,一面,744,2025-03-19,54.3,未通过
1161,二面,63,2025-03-28,66.7,未通过
1162,一面,160,2025-04-01,79.5,通过
1162,二面,524,2025-04-11,54.6,未通过
1163,一面,728,2025-03-22,68.1,通过
1163,二面,278,2025-03-28,57.7,未通过
1164,一面,672,2025-03-16,82.8,通过
1164,二面,63,2025-03-25,63.2,未通过
1165,一面,305,2025-04-07,74.0,通过
1165,二面,635,2025-04-17,35.4,未通过
1166,一面,697,2025-03-19,52.2,未通过
1166,二面,207,2025-03-27,67.5,未通过
1167,一面,63,2025-03-09,38.6,未通过
1168,一面,213,2025-03-27,74.1,通过
1168,二面,129,2025-04-08,56.0,未通过
1169,一面,525,2025-04-13,65.6,未通过
1170,一面,34,2025-04-11,36.4,未通过
1171,一面,635,2025-04-21,69.6,未通过
1172,一面,635,2025-03-26,43.1,未通过
1173,一面,2,2025-04-29,71.0,通过
1173,二面,173,2025-05-06,54.3,未通过
1174,一面,405,2025-05-08,77.4,通过
1174,二面,571,2025-05-17,83.1,通过
1175,一面,176,2025-04-19,61.8,通过
1175,二面,483,2025-04-30,41.4,未通过
1176,一面,483,2025-04-15,59.3,未通过
1177,一面,484,2025-04-01,37.2,未通过
1178,一面,634,2025-05-12,67.2,未通过
1178,二面,443,2025-05-20,57.3,未通过
1179,一面,49,2025-05-10,44.0,未通过
1179,二面,34,2025-05-19,55.3,未通过
1180,一面,348,2025-04-18,49.6,未通过
1181,一面,295,2025-04-19,68.3,通过
1181,二面,663,2025-04-24,94.4,通过
1181,三面,19,2025-05-01,80.3,通过
1182,一面,525,2025-05-09,53.0,未通过
1183,一面,636,2025-04-30,80.8,通过
1183,二面,698,2025-05-11,85.6,通过
1183,三面,173,2025-05-19,84.3,通过
1184,一面,635,2025-04-18,35.8,未通过
1185,一面,176,2025-04-25,63.9,通过
1185,二面,715,2025-04-30,52.5,未通过
1186,一面,336,2025-04-09,85.1,通过
1186,二面,464,2025-04-17,78.0,通过
1186,三面,571,2025-04-25,70.2,通过
1187,一面,438,2025-05-30,47.0,未通过
1187,二面,721,2025-06-11,39.1,未通过
1188,一面,715,2025-05-09,35.4,未通过
1189,一面,207,2025-05-21,53.5,未通过
1190,一面,483,2025-05-25,69.9,未通过
1191,一面,457,2025-05-18,63.0,通过
1191,二面,116,2025-05-23,36.1,未通过
1192,一面,496,2025-05-27,35.2,未通过
1193,一面,633,2025-05-04,59.1,未通过
1193,二面,689,2025-05-08,66.4,未通过
1194,一面,215,2025-05-05,80.6,通过
1194,二面,495,2025-05-11,44.1,未通过
1195,一面,589,2025-05-19,64.8,未通过
1195,二面,143,2025-05-30,48.5,未通过
1196,一面,673,2025-05-15,46.7,未通过
1196,二面,59,2025-05-20,65.4,未通过
1197,一面,374,2025-05-20,70.1,通过
1197,二面,482,2025-05-26,60.7,未通过
1198,一面,242,2025-05-11,51.2,未通过
1198,二面,59,2025-05-18,39.9,未通过
1199,一面,13,2025-07-01,80.5,通过
1199,二面,129,2025-07-13,42.3,未通过
1200,一面,495,2025-06-22,61.6,未通过
1201,一面,443,2025-06-26,57.0,未通过
1202,一面,715,2025-06-27,60.5,未通过
1203,一面,278,2025-06-21,69.5,未通过
1204,一面,20,2025-06-05,68.3,通过
1204,二面,59,2025-06-09,88.7,通过
1205,一面,200,2025-06-09,38.3,未通过
1206,一面,443,2025-06-29,93.4,通过
1206,二面,635,2025-07-08,86.5,通过
1207,一面,129,2025-06-20,36.1,未通过
1208,一面,529,2025-07-01,83.6,通过
1208,二面,34,2025-07-08,38.6,未通过
1209,一面,765,2025-06-13,38.0,未通过
1209,二面,482,2025-06-24,39.5,未通过
1210,一面,63,2025-06-11,48.2,未通过
1211,一面,643,2025-06-25,57.5,未通过
1212,一面,125,2025-06-05,56.7,未通过
1213,一面,689,2025-06-08,45.7,未通过
1214,一面,348,2025-06-23,69.5,未通过
1215,一面,163,2025-06-19,69.9,未通过
1216,一面,682,2025-06-20,66.8,通过
1216,二面,689,2025-06-26,43.2,未通过
1217,一面,254,2025-06-24,41.0,未通过
1218,一面,34,2025-06-09,62.8,未通过
1219,一面,207,2025-07-01,78.0,通过
1219,二面,406,2025-07-05,91.6,通过
1219,三面,163,2025-07-14,83.9,通过
1220,一面,93,2025-06-20,69.3,通过
1220,二面,484,2025-06-25,43.9,未通过
1221,一面,483,2025-07-17,67.4,未通过
1222,一面,495,2025-07-19,68.4,未通过
1223,一面,536,2025-07-05,82.8,通过
1223,二面,19,2025-07-11,47.8,未通过
1224,一面,374,2025-07-08,71.0,通过
1224,二面,63,2025-07-15,55.4,未通过
1225,一面,278,2025-07-21,69.7,未通过
1226,一面,270,2025-07-28,70.7,通过
1226,二面,163,2025-08-03,60.8,未通过
1227,一面,254,2025-07-23,61.2,未通过
1228,一面,18,2025-08-15,52.5,未通过
1228,二面,34,2025-08-23,61.4,未通过
1229,一面,20,2025-08-16,36.7,未通过
1230,一面,721,2025-08-12,46.4,未通过
1231,一面,242,2025-08-28,73.0,通过
1231,二面,179,2025-09-07,57.3,未通过
1232,一面,622,2025-08-27,67.8,通过
1232,二面,495,2025-09-01,58.4,未通过
1233,一面,760,2025-09-13,82.6,通过
1233,二面,635,2025-09-24,44.5,未通过
1234,一面,579,2025-09-15,80.3,通过
1234,二面,143,2025-09-24,57.9,未通过
1235,一面,9,2025-08-20,44.8,未通过
1235,二面,715,2025-08-24,64.7,未通过
1236,一面,28,2025-08-17,84.2,通过
1236,二面,482,2025-08-21,53.2,未通过
1237,一面,566,2025-08-26,80.6,通过
1237,二面,278,2025-09-06,43.5,未通过
1238,一面,336,2025-09-05,64.4,通过
1238,二面,571,2025-09-17,39.1,未通过
1239,一面,262,2025-08-15,64.6,通过
1239,二面,278,2025-08-21,58.0,未通过
1240,一面,173,2025-08-29,35.1,未通过
1241,一面,482,2025-08-19,66.5,未通过
1242,一面,635,2025-08-09,68.5,未通过
1243,一面,63,2025-08-25,63.1,未通过
1244,一面,207,2025-08-31,47.7,未通过
1245,一面,566,2025-08-21,48.8,未通过
1245,二面,163,2025-08-25,36.0,未通过
1246,一面,207,2025-08-08,59.5,未通过
1247,一面,277,2025-08-11,84.0,通过
1247,二面,254,2025-08-20,62.3,未通过
1248,一面,20,2025-08-23,44.0,未通过
1249,一面,40,2025-08-25,81.1,通过
1249,二面,20,2025-08-31,37.0,未通过
1250,一面,643,2025-08-28,41.1,未通过
1251,一面,31,2025-08-30,78.4,通过
1251,二面,721,2025-09-06,35.2,未通过
1252,一面,752,2025-08-28,65.5,未通过
1252,二面,495,2025-09-08,52.7,未通过
1253,一面,436,2025-08-13,44.2,未通过
1253,二面,278,2025-08-21,62.0,未通过
1254,一面,99,2025-08-13,68.4,未通过
1254,二面,59,2025-08-22,39.4,未通过
1255,一面,726,2025-08-20,63.0,未通过
1255,二面,482,2025-09-01,35.1,未通过
1256,一面,457,2025-08-19,79.0,通过
1256,二面,728,2025-08-24,82.1,通过
1256,三面,721,2025-08-29,86.6,通过
1257,一面,525,2025-07-31,35.6,未通过
1258,一面,387,2025-08-10,40.5,未通过
1259,一面,537,2025-08-28,65.2,通过
1259,二面,163,2025-09-03,48.3,未通过
1260,一面,293,2025-08-14,43.6,未通过
1260,二面,482,2025-08-26,35.2,未通过
1261,一面,690,2025-08-15,72.8,通过
1261,二面,484,2025-08-23,37.5,未通过
1262,一面,287,2025-08-21,92.7,通过
1262,二面,546,2025-08-30,83.4,通过
1262,三面,571,2025-09-03,72.3,通过
1263,一面,143,2025-08-18,59.4,未通过
1264,一面,179,2025-09-26,59.3,未通过
1265,一面,379,2025-09-16,52.2,未通过
1265,二面,34,2025-09-28,57.9,未通过
1266,一面,643,2025-10-09,49.3,未通过
1267,一面,379,2025-10-05,45.0,未通过
1267,二面,443,2025-10-09,35.1,未通过
1268,一面,9,2025-10-02,51.7,未通过
1269,一面,265,2025-10-08,64.8,通过
1269,二面,721,2025-10-13,49.5,未通过
1270,一面,524,2025-09-27,43.8,未通过
1271,一面,663,2025-09-21,40.7,未通过
1271,二面,200,2025-09-28,66.2,未通过
1272,一面,407,2025-09-22,60.2,通过
1272,二面,254,2025-09-26,37.8,未通过
1273,一面,278,2025-09-27,67.3,未通过
1274,一面,129,2025-10-05,46.1,未通过
1275,一面,673,2025-09-26,46.6,未通过
1275,二面,387,2025-10-03,57.2,未通过
1276,一面,392,2025-10-02,90.3,通过
1276,二面,499,2025-10-14,68.4,通过
1276,三面,386,2025-10-19,91.9,通过
1277,一面,109,2025-10-04,78.5,通过
1277,二面,200,2025-10-15,41.6,未通过
1278,一面,166,2025-09-16,38.8,未通过
1278,二面,496,2025-09-22,48.0,未通过
1279,一面,293,2025-09-19,58.8,未通过
1279,二面,179,2025-09-25,38.3,未通过
1280,一面,361,2025-09-09,48.9,未通过
1280,二面,524,2025-09-19,57.4,未通过
1281,一面,721,2025-09-12,49.4,未通过
1282,一面,278,2025-09-17,66.4,未通过
1283,一面,373,2025-10-04,61.5,未通过
1283,二面,129,2025-10-15,54.7,未通过
1284,一面,762,2025-09-30,69.0,通过
1284,二面,443,2025-10-08,42.4,未通过
1285,一面,664,2025-10-01,63.2,通过
1285,二面,348,2025-10-05,56.6,未通过
1286,一面,663,2025-09-14,77.2,通过
1286,二面,387,2025-09-18,56.6,未通过
1287,一面,527,2025-09-03,86.4,通过
1287,二面,254,2025-09-14,92.0,通过
1288,一面,31,2025-09-06,41.0,未通过
1288,二面,443,2025-09-17,35.8,未通过
1289,一面,129,2025-09-15,47.9,未通过
1290,一面,328,2025-09-29,84.2,通过
1290,二面,762,2025-10-08,83.2,通过
1290,三面,9,2025-10-20,75.3,通过
1291,一面,93,2025-09-25,55.7,未通过
1291,二面,207,2025-10-07,49.5,未通过
1292,一面,254,2025-10-10,46.7,未通过
1293,一面,635,2025-10-22,37.4,未通过
1294,一面,633,2025-11-03,47.2,未通过
1294,二面,643,2025-11-11,39.5,未通过
1295,一面,713,2025-10-25,52.8,未通过
1295,二面,200,2025-10-31,61.3,未通过
1296,一面,207,2025-11-06,58.1,未通过
1297,一面,482,2025-10-15,44.8,未通过
1298,一面,20,2025-10-31,66.6,未通过
1299,一面,144,2025-10-21,39.0,未通过
1299,二面,524,2025-10-31,67.9,未通过
1300,一面,311,2025-10-23,41.0,未通过
1300,二面,571,2025-11-03,67.8,未通过
1301,一面,93,2025-11-04,70.7,通过
1301,二面,443,2025-11-11,61.3,未通过
1302,一面,207,2025-10-19,51.9,未通过
1303,一面,557,2025-10-15,77.0,通过
1303,二面,116,2025-10-19,62.1,未通过
1304,一面,456,2025-10-29,44.1,未通过
1304,二面,143,2025-11-03,57.7,未通过
1305,一面,386,2025-10-04,47.4,未通过
1306,一面,59,2025-11-03,62.3,未通过
1307,一面,498,2025-11-03,39.8,未通过
1308,一面,93,2025-11-02,80.4,通过
1308,二面,34,2025-11-07,39.6,未通过
1309,一面,531,2025-10-28,61.0,未通过
1309,二面,721,2025-11-05,36.6,未通过
1310,一面,718,2025-10-27,39.0,未通过
1310,二面,59,2025-11-01,49.2,未通过
1311,一面,387,2025-10-29,65.1,未通过
1312,一面,95,2025-10-25,74.5,通过
1312,二面,527,2025-10-31,91.5,通过
1312,三面,721,2025-11-08,76.7,通过
1313,一面,496,2025-10-20,47.3,未通过
1314,一面,347,2025-11-20,62.0,未通过
1314,二面,483,2025-12-01,67.9,未通过
1315,一面,387,2025-11-14,42.5,未通过
1316,一面,754,2025-11-24,44.6,未通过
1316,二面,207,2025-12-04,61.4,未通过
1317,一面,496,2025-12-10,48.9,未通过
1318,一面,721,2025-11-26,66.8,未通过
1319,一面,527,2025-12-01,61.6,未通过
1319,二面,173,2025-12-08,40.2,未通过
1320,一面,524,2025-11-18,42.0,未通过
1321,一面,207,2025-11-27,43.0,未通过
1322,一面,699,2025-11-20,83.5,通过
1322,二面,689,2025-11-29,60.1,未通过
1323,一面,366,2025-11-13,55.2,未通过
1323,二面,715,2025-11-25,65.8,未通过
1324,一面,726,2025-11-12,77.6,通过
1324,二面,482,2025-11-19,41.0,未通过
1325,一面,746,2025-11-08,67.8,未通过
1325,二面,484,2025-11-16,61.9,未通过
1326,一面,3,2025-11-14,72.6,通过
1326,二面,34,2025-11-19,35.7,未通过
1327,一面,59,2025-11-17,38.9,未通过
1328,一面,661,2025-12-23,40.6,未通过
1328,二面,482,2025-12-30,63.5,未通过
1329,一面,689,2026-01-06,42.2,未通过
1330,一面,19,2025-12-14,69.5,未通过
1331,一面,665,2025-12-15,81.8,通过
1331,二面,19,2025-12-19,45.2,未通过
1332,一面,484,2025-12-15,53.4,未通过
1333,一面,663,2025-12-24,58.5,未通过
1333,二面,525,2025-12-28,45.7,未通过
1334,一面,525,2025-12-25,58.0,未通过
1335,一面,721,2025-12-28,45.3,未通过
1336,一面,173,2025-12-27,51.0,未通过
1337,一面,20,2025-12-05,69.1,通过
1337,二面,278,2025-12-12,72.3,通过
1338,一面,263,2025-12-04,65.4,通过
1338,二面,125,2025-12-13,45.3,未通过
1339,一面,176,2025-12-18,35.2,未通过
1339,二面,207,2025-12-27,62.4,未通过
1340,一面,34,2026-01-04,37.5,未通过
1341,一面,125,2025-12-08,46.9,未通过
1342,一面,635,2025-12-22,48.4,未通过
1343,一面,163,2025-12-09,53.1,未通过
1344,一面,527,2025-12-30,71.9,通过
1344,二面,311,2026-01-07,69.4,通过
1344,三面,386,2026-01-19,75.7,通过
1345,一面,524,2026-01-18,35.8,未通过
1346,一面,715,2026-01-15,36.4,未通过
1347,一面,443,2026-01-14,35.6,未通过
1348,一面,173,2026-01-17,42.8,未通过
1349,一面,571,2026-01-25,42.2,未通过
1350,一面,116,2026-01-25,61.8,未通过
1351,一面,6,2026-01-14,86.8,通过
1351,二面,8,2026-01-20,86.6,通过
1351,三面,59,2026-02-01,75.1,通过
1352,一面,755,2026-02-02,61.0,未通过
1352,二面,254,2026-02-14,43.8,未通过
1353,一面,207,2026-01-16,41.9,未通过
1354,一面,387,2026-01-14,52.0,未通过
1355,一面,300,2026-02-09,41.7,未通过
1355,二面,200,2026-02-18,39.9,未通过
1356,一面,495,2026-02-17,53.5,未通过
1357,一面,111,2026-02-11,48.6,未通过
1357,二面,715,2026-02-19,53.2,未通过
1358,一面,483,2026-02-19,57.0,未通过
1359,一面,63,2026-02-02,35.9,未通过
1360,一面,20,2026-02-14,53.5,未通过
1361,一面,665,2026-02-25,60.1,通过
1361,二面,173,2026-03-08,53.6,未通过
1362,一面,9,2026-02-08,38.2,未通过
1363,一面,495,2026-02-18,73.6,通过
1363,二面,527,2026-02-23,73.3,通过
1363,三面,525,2026-03-07,68.7,通过
1364,一面,383,2026-02-19,66.1,通过
1364,二面,116,2026-03-02,68.2,未通过
1365,一面,310,2026-02-10,66.1,通过
1365,二面,129,2026-02-16,37.3,未通过
1366,一面,643,2026-02-25,60.4,未通过
1367,一面,636,2026-02-06,73.9,通过
1367,二面,443,2026-02-17,69.1,未通过
1368,一面,366,2026-02-26,41.1,未通过
1368,二面,721,2026-03-05,54.9,未通过
1369,一面,278,2026-02-23,56.3,未通过
1370,一面,14,2026-02-26,87.6,通过
1370,二面,254,2026-03-05,75.3,通过
1371,一面,636,2026-02-12,69.8,未通过
1371,二面,129,2026-02-24,69.7,未通过
1372,一面,697,2026-03-03,61.1,通过
1372,二面,496,2026-03-09,69.0,未通过
1373,一面,200,2026-02-20,51.7,未通过
1374,一面,689,2026-02-23,61.5,未通过
1375,一面,496,2026-02-25,43.2,未通过
1376,一面,638,2026-03-02,62.3,通过
1376,二面,116,2026-03-14,47.0,未通过
1377,一面,179,2026-02-23,62.8,未通过
1378,一面,40,2026-03-01,73.5,通过
1378,二面,715,2026-03-10,40.8,未通过
1379,一面,95,2026-02-28,68.3,通过
1379,二面,207,2026-03-11,56.4,未通过
1380,一面,499,2026-03-01,65.5,通过
1380,二面,20,2026-03-11,48.3,未通过
1381,一面,215,2026-03-05,66.4,通过
1381,二面,34,2026-03-10,51.4,未通过
1382,一面,495,2026-03-03,67.0,未通过
1383,一面,310,2026-03-03,67.4,未通过
1383,二面,125,2026-03-10,47.8,未通过
1384,一面,589,2026-03-04,44.6,未通过
1384,二面,571,2026-03-12,35.8,未通过
1385,一面,295,2026-03-08,85.1,通过
1385,二面,301,2026-03-17,78.4,通过
1385,三面,59,2026-03-22,85.2,通过
1386,一面,749,2026-02-23,42.4,未通过
1386,二面,34,2026-03-02,41.1,未通过
1387,一面,59,2026-02-10,46.9,未通过
1388,一面,464,2026-02-05,59.6,未通过
1388,二面,200,2026-02-16,49.9,未通过
1389,一面,213,2026-02-17,64.5,通过
1389,二面,498,2026-02-22,60.3,未通过
1390,一面,346,2026-02-17,70.9,通过
1390,二面,571,2026-02-24,56.1,未通过
1391,一面,331,2026-02-09,57.1,未通过
1391,二面,20,2026-02-16,56.9,未通过
1392,一面,3,2026-02-10,72.1,通过
1392,二面,34,2026-02-22,69.2,未通过
1393,一面,727,2026-02-28,54.2,未通过
1393,二面,207,2026-03-05,39.5,未通过
1394,一面,566,2026-02-12,77.7,通过
1394,二面,9,2026-02-22,59.5,未通过
1395,一面,305,2026-02-12,54.6,未通过
1395,二面,715,2026-02-24,55.9,未通过
1396,一面,348,2026-03-06,38.0,未通过
1397,一面,495,2026-02-04,60.2,通过
1397,二面,163,2026-02-11,54.5,未通过
1398,一面,715,2026-02-19,54.3,未通过
1399,一面,766,2026-02-03,77.0,通过
1399,二面,129,2026-02-12,44.6,未通过
1400,一面,643,2026-02-09,66.0,未通过
1401,一面,302,2026-02-03,72.0,通过
1401,二面,496,2026-02-14,64.4,未通过
1402,一面,483,2026-02-03,39.0,未通过
1403,一面,294,2026-02-08,81.4,通过
1403,二面,9,2026-02-12,57.0,未通过
1404,一面,622,2026-02-28,64.6,通过
1404,二面,721,2026-03-12,52.4,未通过
1405,一面,63,2026-03-07,46.8,未通过
1406,一面,464,2026-02-17,51.1,未通过
1406,二面,386,2026-02-24,57.0,未通过
1407,一面,527,2026-02-06,37.3,未通过
1407,二面,254,2026-02-13,60.7,未通过
1408,一面,83,2026-02-11,75.2,通过
1408,二面,524,2026-02-21,50.1,未通过
1409,一面,524,2026-03-20,35.9,未通过
1410,一面,622,2026-03-24,64.0,未通过
1410,二面,484,2026-04-02,69.1,未通过
1411,一面,639,2026-04-06,82.5,通过
1411,二面,179,2026-04-12,43.3,未通过
1412,一面,360,2026-03-16,72.8,通过
1412,二面,278,2026-03-26,43.1,未通过
1413,一面,173,2026-03-21,49.0,未通过
1414,一面,728,2026-03-16,80.2,通过
1414,二面,386,2026-03-28,66.6,未通过
1415,一面,95,2026-03-16,63.6,通过
1415,二面,571,2026-03-26,69.5,未通过
1416,一面,698,2026-03-18,61.0,通过
1416,二面,125,2026-03-22,57.7,未通过
1417,一面,129,2026-04-03,61.6,未通过
1418,一面,456,2026-03-20,73.9,通过
1418,二面,20,2026-03-30,68.4,未通过
1419,一面,524,2026-03-21,39.6,未通过
1420,一面,566,2026-03-12,75.1,通过
1420,二面,20,2026-03-17,60.4,未通过
1421,一面,200,2026-03-16,67.7,未通过
1422,一面,200,2026-03-06,52.5,未通过
1423,一面,484,2026-03-06,68.4,未通过
1424,一面,589,2026-03-13,72.1,通过
1424,二面,496,2026-03-22,41.2,未通过
1425,一面,63,2026-03-06,36.9,未通过
1426,一面,752,2026-03-25,67.9,通过
1426,二面,482,2026-04-05,65.8,未通过
1427,一面,525,2026-03-18,35.0,未通过
1428,一面,690,2026-03-22,43.8,未通过
1428,二面,498,2026-03-30,68.2,未通过
1429,一面,9,2026-03-22,43.8,未通过
1430,一面,207,2026-03-14,53.8,未通过
1431,一面,715,2026-03-22,59.0,未通过
1432,一面,19,2026-03-20,50.6,未通过
1433,一面,462,2026-03-26,75.7,通过
1433,二面,524,2026-04-02,59.4,未通过
1434,一面,495,2026-03-27,59.4,未通过
1435,一面,524,2026-04-03,68.7,未通过
1436,一面,19,2026-03-09,64.8,未通过
1437,一面,125,2026-03-15,44.9,未通过
1438,一面,261,2026-03-07,84.3,通过
1438,二面,144,2026-03-19,77.4,通过
1438,三面,635,2026-03-25,88.0,通过
1439,一面,689,2026-03-21,49.9,未通过
1440,一面,207,2026-03-19,62.0,未通过
1441,一面,116,2026-04-12,36.7,未通过
1442,一面,498,2026-03-23,37.2,未通过
1443,一面,220,2026-03-29,84.2,通过
1443,二面,496,2026-04-08,63.8,未通过
1444,一面,200,2026-03-27,40.0,未通过
1445,一面,34,2026-04-01,54.2,未通过
1446,一面,158,2026-04-24,44.8,未通过
1446,二面,386,2026-05-05,68.4,未通过
1447,一面,40,2026-04-18,84.8,通过
1447,二面,635,2026-04-22,74.6,通过
1448,一面,179,2026-05-08,65.7,未通过
1449,一面,536,2026-04-05,63.0,通过
1449,二面,715,2026-04-16,60.0,未通过
1450,一面,643,2026-03-31,51.7,未通过
1451,一面,200,2026-04-10,62.3,未通过
1452,一面,495,2026-05-27,51.4,未通过
1453,一面,484,2026-05-24,53.5,未通过
1454,一面,125,2026-05-24,58.5,未通过
1455,一面,443,2026-05-11,64.3,未通过
1456,一面,242,2026-05-11,94.4,通过
1456,二面,173,2026-05-17,78.9,通过
1457,一面,129,2026-05-22,64.2,未通过
1458,一面,19,2026-05-16,58.1,未通过
1459,一面,379,2026-05-15,46.8,未通过
1459,二面,495,2026-05-19,63.4,未通过
1460,一面,464,2026-05-12,42.5,未通过
1460,二面,116,2026-05-23,68.0,未通过
1461,一面,524,2026-06-07,43.9,未通过
1462,一面,721,2026-06-05,58.4,未通过
1463,一面,484,2026-05-09,49.8,未通过
1464,一面,721,2026-05-11,43.6,未通过
1465,一面,523,2026-05-08,50.9,未通过
1465,二面,63,2026-05-16,43.8,未通过
1466,一面,746,2026-05-20,64.8,通过
1466,二面,179,2026-05-26,38.5,未通过
1467,一面,378,2026-05-29,61.6,未通过
1467,二面,59,2026-06-06,55.1,未通过
1468,一面,525,2026-05-06,66.5,未通过
1469,一面,634,2026-05-01,71.8,通过
1469,二面,752,2026-05-11,90.3,通过
1469,三面,715,2026-05-22,88.9,通过
1470,一面,180,2026-05-11,53.2,未通过
1470,二面,348,2026-05-18,39.6,未通过
1471,一面,204,2026-05-21,72.7,通过
1471,二面,125,2026-05-29,41.4,未通过
1472,一面,254,2026-05-29,57.5,未通过
1473,一面,59,2026-06-17,38.5,未通过
1474,一面,55,2026-06-09,91.9,通过
1474,二面,597,2026-06-21,88.8,通过
1474,三面,125,2026-06-26,85.2,通过
1475,一面,525,2026-06-07,60.0,未通过
1476,一面,566,2026-06-19,58.0,未通过
1476,二面,173,2026-07-01,35.7,未通过
1477,一面,207,2026-06-03,49.4,未通过
1478,一面,386,2026-06-24,68.4,未通过
1479,一面,478,2026-06-13,85.9,通过
1479,二面,129,2026-06-20,82.0,通过
1479,三面,443,2026-06-29,77.9,通过
1480,一面,634,2026-06-12,65.7,未通过
1480,二面,129,2026-06-18,43.6,未通过
1481,一面,405,2026-06-10,40.9,未通过
1481,二面,524,2026-06-15,59.4,未通过
1482,一面,499,2026-06-15,63.3,未通过
1482,二面,207,2026-06-19,35.3,未通过
1483,一面,242,2026-06-01,79.8,通过
1483,二面,525,2026-06-06,76.0,通过
1484,一面,407,2026-06-05,67.2,未通过
1484,二面,689,2026-06-10,62.5,未通过
1485,一面,524,2026-06-29,52.6,未通过
1486,一面,2,2026-06-08,60.9,未通过
1486,二面,482,2026-06-19,44.8,未通过
1487,一面,163,2026-06-24,66.1,未通过
1488,一面,220,2026-06-25,76.0,通过
1488,二面,59,2026-07-07,51.1,未通过
1489,一面,413,2026-06-13,83.3,通过
1489,二面,715,2026-06-19,42.3,未通过
1490,一面,173,2026-07-07,40.6,未通过
1491,一面,387,2026-07-04,58.3,未通过
1492,一面,690,2026-07-05,69.2,通过
1492,二面,643,2026-07-11,36.4,未通过
1493,一面,498,2026-07-12,42.2,未通过
1494,一面,443,2026-06-26,69.4,未通过
1495,一面,59,2026-07-08,63.9,未通过
1496,一面,699,2026-06-10,38.4,未通过
1496,二面,278,2026-06-17,55.4,未通过
1497,一面,498,2026-07-07,69.6,未通过
1497,二面,9,2026-07-16,59.9,未通过
1498,一面,495,2026-06-16,38.4,未通过
1499,一面,483,2026-06-28,38.0,未通过
1500,一面,689,2026-06-06,60.1,未通过
1501,一面,760,2026-06-01,85.1,通过
1501,二面,200,2026-06-08,69.3,通过
1502,一面,483,2026-07-08,66.7,未通过
1503,一面,721,2026-07-12,45.4,未通过
1504,一面,497,2026-07-18,54.5,未通过
1504,二面,689,2026-07-22,61.3,未通过
1505,一面,163,2026-07-10,45.6,未通过
1506,一面,336,2026-07-09,66.3,通过
1506,二面,386,2026-07-14,61.7,未通过
1507,一面,622,2026-07-27,59.2,未通过
1507,二面,173,2026-07-31,61.9,未通过
1508,一面,639,2026-07-17,93.8,通过
1508,二面,495,2026-07-25,82.2,通过
1509,一面,116,2026-07-12,52.2,未通过
1510,一面,520,2026-07-15,69.4,通过
1510,二面,496,2026-07-25,39.9,未通过
1511,一面,405,2026-07-10,49.2,未通过
1511,二面,525,2026-07-18,36.8,未通过
1512,一面,179,2026-07-04,49.5,未通过
1513,一面,198,2026-07-17,61.2,通过
1513,二面,129,2026-07-26,64.4,待定
1514,一面,422,2026-07-16,65.7,通过
1514,二面,116,2026-07-24,53.4,未通过
1515,一面,614,2026-07-18,48.5,未通过
1515,二面,125,2026-07-25,56.1,未通过
1516,一面,525,2026-07-08,46.1,未通过
1517,一面,129,2026-07-17,71.5,通过
1517,二面,336,2026-07-28,80.1,通过
1517,三面,348,2026-08-01,88.6,通过
1518,一面,557,2026-07-08,48.0,未通过
1518,二面,482,2026-07-15,57.8,未通过
1519,一面,20,2026-07-07,40.6,未通过
1520,一面,746,2026-07-18,75.9,通过
1520,二面,689,2026-07-25,65.4,未通过
1521,一面,721,2026-07-12,68.7,未通过
1522,一面,114,2026-07-07,66.8,通过
1522,二面,143,2026-07-14,48.8,未通过
1523,一面,755,2026-07-12,67.2,通过
1523,二面,443,2026-07-17,39.8,未通过
