emp_id,review_period,score,grade,reviewer_id,comment
1,2023H1,78.4,A,,部分目标未达成，需改进
2,2023H1,63.1,C,1,明显低于预期，已沟通改进计划
3,2023H1,41.1,D,1,成长速度快，可承担更大职责
4,2023H1,86.6,A,1,持续超出预期，业务结果突出
5,2023H1,36.5,D,1,目标达成良好，团队协作佳
6,2023H1,90.2,S,1,符合岗位要求，表现稳定
7,2023H1,75.5,B,1,符合岗位要求，表现稳定
8,2023H1,40.0,D,1,符合岗位要求，表现稳定
9,2023H1,62.3,C,1,成长速度快，可承担更大职责
10,2023H1,36.5,D,1,成长速度快，可承担更大职责
11,2023H1,92.3,S,2,持续超出预期，业务结果突出
12,2023H1,51.0,C,3,符合岗位要求，表现稳定
14,2023H1,50.8,C,4,成长速度快，可承担更大职责
15,2023H1,81.2,A,3,目标达成良好，团队协作佳
16,2023H1,93.0,S,2,目标达成良好，团队协作佳
17,2023H1,74.0,B,4,符合岗位要求，表现稳定
18,2023H1,69.0,B,8,部分目标未达成，需改进
19,2023H1,75.6,B,9,成长速度快，可承担更大职责
20,2023H1,52.7,C,9,部分目标未达成，需改进
21,2023H1,78.6,A,5,明显低于预期，已沟通改进计划
23,2023H1,70.1,B,8,部分目标未达成，需改进
24,2023H1,59.0,C,4,成长速度快，可承担更大职责
25,2023H1,76.8,B,4,目标达成良好，团队协作佳
26,2023H1,86.4,A,2,持续超出预期，业务结果突出
27,2023H1,72.3,B,7,符合岗位要求，表现稳定
28,2023H1,53.4,C,3,符合岗位要求，表现稳定
29,2023H1,71.1,B,3,符合岗位要求，表现稳定
30,2023H1,68.2,B,6,目标达成良好，团队协作佳
31,2023H1,70.4,B,10,部分目标未达成，需改进
32,2023H1,69.7,B,4,目标达成良好，团队协作佳
33,2023H1,74.0,B,6,符合岗位要求，表现稳定
34,2023H1,47.9,D,9,符合岗位要求，表现稳定
35,2023H1,67.2,B,10,明显低于预期，已沟通改进计划
36,2023H1,71.8,B,8,符合岗位要求，表现稳定
37,2023H1,68.9,B,10,符合岗位要求，表现稳定
38,2023H1,94.8,S,8,目标达成良好，团队协作佳
40,2023H1,65.9,B,6,目标达成良好，团队协作佳
41,2023H1,88.1,S,4,明显低于预期，已沟通改进计划
42,2023H1,80.2,A,6,持续超出预期，业务结果突出
44,2023H1,95.6,S,3,持续超出预期，业务结果突出
45,2023H1,54.5,C,8,明显低于预期，已沟通改进计划
46,2023H1,88.5,S,6,符合岗位要求，表现稳定
47,2023H1,92.9,S,2,部分目标未达成，需改进
48,2023H1,82.0,A,2,目标达成良好，团队协作佳
49,2023H1,92.5,S,5,明显低于预期，已沟通改进计划
50,2023H1,64.0,C,8,符合岗位要求，表现稳定
52,2023H1,79.4,A,6,目标达成良好，团队协作佳
53,2023H1,78.8,A,8,部分目标未达成，需改进
54,2023H1,84.1,A,7,符合岗位要求，表现稳定
55,2023H1,67.8,B,4,明显低于预期，已沟通改进计划
56,2023H1,44.1,D,3,部分目标未达成，需改进
57,2023H1,95.9,S,5,持续超出预期，业务结果突出
58,2023H1,81.9,A,2,成长速度快，可承担更大职责
59,2023H1,65.2,B,9,明显低于预期，已沟通改进计划
60,2023H1,80.5,A,8,目标达成良好，团队协作佳
61,2023H1,33.4,D,2,明显低于预期，已沟通改进计划
62,2023H1,66.0,B,3,符合岗位要求，表现稳定
63,2023H1,57.5,C,9,成长速度快，可承担更大职责
64,2023H1,62.7,C,6,持续超出预期，业务结果突出
65,2023H1,78.2,A,7,明显低于预期，已沟通改进计划
66,2023H1,92.4,S,3,符合岗位要求，表现稳定
67,2023H1,57.1,C,3,成长速度快，可承担更大职责
69,2023H1,58.9,C,7,符合岗位要求，表现稳定
70,2023H1,67.7,B,5,符合岗位要求，表现稳定
71,2023H1,58.0,C,5,符合岗位要求，表现稳定
73,2023H1,69.6,B,8,符合岗位要求，表现稳定
74,2023H1,79.9,A,2,部分目标未达成，需改进
75,2023H1,89.9,S,2,目标达成良好，团队协作佳
76,2023H1,78.3,A,3,成长速度快，可承担更大职责
78,2023H1,95.7,S,3,目标达成良好，团队协作佳
79,2023H1,79.2,A,6,部分目标未达成，需改进
80,2023H1,74.5,B,2,成长速度快，可承担更大职责
81,2023H1,86.7,A,6,部分目标未达成，需改进
82,2023H1,53.2,C,8,明显低于预期，已沟通改进计划
84,2023H1,71.3,B,3,持续超出预期，业务结果突出
85,2023H1,71.8,B,2,部分目标未达成，需改进
86,2023H1,61.9,C,4,符合岗位要求，表现稳定
87,2023H1,92.8,S,2,成长速度快，可承担更大职责
88,2023H1,66.2,B,3,部分目标未达成，需改进
89,2023H1,70.5,B,6,目标达成良好，团队协作佳
90,2023H1,73.2,B,2,成长速度快，可承担更大职责
91,2023H1,70.1,B,8,部分目标未达成，需改进
92,2023H1,76.4,B,3,明显低于预期，已沟通改进计划
93,2023H1,70.3,B,2,持续超出预期，业务结果突出
95,2023H1,70.7,B,2,部分目标未达成，需改进
97,2023H1,69.2,B,6,明显低于预期，已沟通改进计划
98,2023H1,88.8,S,2,部分目标未达成，需改进
99,2023H1,74.3,B,6,符合岗位要求，表现稳定
100,2023H1,67.6,B,6,持续超出预期，业务结果突出
101,2023H1,75.3,B,3,部分目标未达成，需改进
102,2023H1,65.1,B,8,持续超出预期，业务结果突出
103,2023H1,82.4,A,2,符合岗位要求，表现稳定
104,2023H1,37.0,D,5,部分目标未达成，需改进
105,2023H1,73.5,B,6,明显低于预期，已沟通改进计划
106,2023H1,43.8,D,2,部分目标未达成，需改进
107,2023H1,74.8,B,6,明显低于预期，已沟通改进计划
108,2023H1,59.0,C,5,成长速度快，可承担更大职责
109,2023H1,84.7,A,3,持续超出预期，业务结果突出
110,2023H1,70.1,B,3,符合岗位要求，表现稳定
111,2023H1,74.8,B,2,持续超出预期，业务结果突出
112,2023H1,72.2,B,6,持续超出预期，业务结果突出
113,2023H1,69.0,B,4,成长速度快，可承担更大职责
114,2023H1,96.2,S,4,符合岗位要求，表现稳定
115,2023H1,76.3,B,3,符合岗位要求，表现稳定
116,2023H1,73.5,B,9,部分目标未达成，需改进
117,2023H1,65.3,B,2,持续超出预期，业务结果突出
119,2023H1,85.4,A,4,明显低于预期，已沟通改进计划
120,2023H1,79.3,A,2,成长速度快，可承担更大职责
121,2023H1,60.4,C,7,明显低于预期，已沟通改进计划
122,2023H1,70.8,B,2,部分目标未达成，需改进
123,2023H1,79.5,A,3,成长速度快，可承担更大职责
124,2023H1,54.8,C,4,持续超出预期，业务结果突出
125,2023H1,73.4,B,9,持续超出预期，业务结果突出
126,2023H1,60.8,C,6,持续超出预期，业务结果突出
127,2023H1,85.2,A,6,部分目标未达成，需改进
128,2023H1,70.2,B,8,符合岗位要求，表现稳定
129,2023H1,88.6,S,9,部分目标未达成，需改进
130,2023H1,69.0,B,3,成长速度快，可承担更大职责
131,2023H1,81.8,A,10,明显低于预期，已沟通改进计划
132,2023H1,73.7,B,3,明显低于预期，已沟通改进计划
133,2023H1,66.5,B,6,部分目标未达成，需改进
134,2023H1,96.4,S,3,成长速度快，可承担更大职责
135,2023H1,54.9,C,6,符合岗位要求，表现稳定
137,2023H1,76.8,B,8,目标达成良好，团队协作佳
138,2023H1,53.4,C,10,明显低于预期，已沟通改进计划
139,2023H1,61.7,C,8,成长速度快，可承担更大职责
140,2023H1,62.2,C,3,目标达成良好，团队协作佳
141,2023H1,55.4,C,8,目标达成良好，团队协作佳
142,2023H1,73.8,B,3,目标达成良好，团队协作佳
143,2023H1,75.7,B,9,目标达成良好，团队协作佳
144,2023H1,57.0,C,5,符合岗位要求，表现稳定
145,2023H1,59.4,C,7,部分目标未达成，需改进
146,2023H1,91.9,S,2,成长速度快，可承担更大职责
147,2023H1,78.2,A,2,明显低于预期，已沟通改进计划
148,2023H1,71.2,B,2,符合岗位要求，表现稳定
149,2023H1,58.3,C,6,持续超出预期，业务结果突出
150,2023H1,66.9,B,4,持续超出预期，业务结果突出
151,2023H1,73.3,B,6,持续超出预期，业务结果突出
153,2023H1,73.8,B,2,部分目标未达成，需改进
154,2023H1,81.4,A,6,目标达成良好，团队协作佳
155,2023H1,68.4,B,5,持续超出预期，业务结果突出
156,2023H1,75.2,B,5,部分目标未达成，需改进
157,2023H1,80.7,A,3,目标达成良好，团队协作佳
158,2023H1,63.5,C,6,成长速度快，可承担更大职责
159,2023H1,83.7,A,7,部分目标未达成，需改进
160,2023H1,83.7,A,7,符合岗位要求，表现稳定
161,2023H1,72.0,B,5,成长速度快，可承担更大职责
162,2023H1,68.2,B,2,目标达成良好，团队协作佳
163,2023H1,48.6,D,9,部分目标未达成，需改进
164,2023H1,51.2,C,6,持续超出预期，业务结果突出
165,2023H1,65.9,B,8,部分目标未达成，需改进
166,2023H1,89.5,S,2,部分目标未达成，需改进
167,2023H1,73.1,B,3,成长速度快，可承担更大职责
168,2023H1,31.2,D,7,明显低于预期，已沟通改进计划
169,2023H1,42.6,D,6,部分目标未达成，需改进
170,2023H1,78.9,A,2,目标达成良好，团队协作佳
171,2023H1,82.1,A,5,成长速度快，可承担更大职责
174,2023H1,73.7,B,6,明显低于预期，已沟通改进计划
175,2023H1,41.7,D,4,符合岗位要求，表现稳定
176,2023H1,69.2,B,6,成长速度快，可承担更大职责
177,2023H1,81.4,A,8,明显低于预期，已沟通改进计划
178,2023H1,52.4,C,6,持续超出预期，业务结果突出
179,2023H1,31.7,D,9,目标达成良好，团队协作佳
180,2023H1,93.2,S,6,明显低于预期，已沟通改进计划
181,2023H1,69.3,B,5,符合岗位要求，表现稳定
182,2023H1,62.1,C,4,持续超出预期，业务结果突出
183,2023H1,67.1,B,2,部分目标未达成，需改进
184,2023H1,47.6,D,5,目标达成良好，团队协作佳
185,2023H1,79.3,A,3,明显低于预期，已沟通改进计划
186,2023H1,78.4,A,6,部分目标未达成，需改进
187,2023H1,78.7,A,3,符合岗位要求，表现稳定
188,2023H1,76.8,B,8,部分目标未达成，需改进
189,2023H1,52.0,C,3,部分目标未达成，需改进
190,2023H1,75.2,B,2,符合岗位要求，表现稳定
191,2023H1,89.3,S,10,成长速度快，可承担更大职责
193,2023H1,55.4,C,8,目标达成良好，团队协作佳
194,2023H1,82.0,A,3,明显低于预期，已沟通改进计划
195,2023H1,71.6,B,2,部分目标未达成，需改进
196,2023H1,95.6,S,5,符合岗位要求，表现稳定
197,2023H1,81.9,A,6,成长速度快，可承担更大职责
199,2023H1,65.5,B,7,持续超出预期，业务结果突出
200,2023H1,46.0,D,9,部分目标未达成，需改进
201,2023H1,65.0,B,6,持续超出预期，业务结果突出
202,2023H1,88.6,S,10,目标达成良好，团队协作佳
203,2023H1,79.7,A,2,明显低于预期，已沟通改进计划
205,2023H1,91.2,S,2,符合岗位要求，表现稳定
206,2023H1,31.1,D,2,明显低于预期，已沟通改进计划
207,2023H1,66.0,B,9,成长速度快，可承担更大职责
208,2023H1,85.9,A,8,持续超出预期，业务结果突出
209,2023H1,59.4,C,3,符合岗位要求，表现稳定
210,2023H1,68.8,B,7,部分目标未达成，需改进
211,2023H1,83.1,A,5,符合岗位要求，表现稳定
212,2023H1,66.2,B,3,部分目标未达成，需改进
213,2023H1,72.2,B,7,明显低于预期，已沟通改进计划
214,2023H1,36.6,D,2,符合岗位要求，表现稳定
215,2023H1,55.9,C,6,成长速度快，可承担更大职责
216,2023H1,58.1,C,3,持续超出预期，业务结果突出
217,2023H1,81.5,A,5,目标达成良好，团队协作佳
218,2023H1,81.3,A,7,明显低于预期，已沟通改进计划
219,2023H1,91.1,S,6,成长速度快，可承担更大职责
220,2023H1,69.9,B,5,成长速度快，可承担更大职责
221,2023H1,82.9,A,3,持续超出预期，业务结果突出
222,2023H1,71.9,B,7,成长速度快，可承担更大职责
223,2023H1,84.8,A,2,符合岗位要求，表现稳定
224,2023H1,60.9,C,2,成长速度快，可承担更大职责
225,2023H1,66.5,B,8,部分目标未达成，需改进
226,2023H1,65.8,B,3,成长速度快，可承担更大职责
227,2023H1,44.0,D,2,持续超出预期，业务结果突出
228,2023H1,86.7,A,3,持续超出预期，业务结果突出
230,2023H1,72.9,B,3,成长速度快，可承担更大职责
231,2023H1,83.7,A,4,部分目标未达成，需改进
232,2023H1,67.0,B,3,部分目标未达成，需改进
233,2023H1,70.5,B,7,目标达成良好，团队协作佳
234,2023H1,74.5,B,2,部分目标未达成，需改进
236,2023H1,65.3,B,2,成长速度快，可承担更大职责
237,2023H1,84.4,A,6,持续超出预期，业务结果突出
238,2023H1,91.6,S,5,目标达成良好，团队协作佳
239,2023H1,73.4,B,2,部分目标未达成，需改进
240,2023H1,67.1,B,4,持续超出预期，业务结果突出
242,2023H1,73.5,B,5,成长速度快，可承担更大职责
243,2023H1,73.9,B,4,成长速度快，可承担更大职责
245,2023H1,92.0,S,2,成长速度快，可承担更大职责
247,2023H1,66.5,B,2,符合岗位要求，表现稳定
248,2023H1,75.0,B,2,部分目标未达成，需改进
250,2023H1,81.6,A,7,目标达成良好，团队协作佳
251,2023H1,70.1,B,8,符合岗位要求，表现稳定
252,2023H1,41.4,D,4,符合岗位要求，表现稳定
253,2023H1,78.7,A,3,持续超出预期，业务结果突出
254,2023H1,75.1,B,9,成长速度快，可承担更大职责
255,2023H1,72.4,B,3,成长速度快，可承担更大职责
256,2023H1,94.7,S,3,符合岗位要求，表现稳定
257,2023H1,66.3,B,3,部分目标未达成，需改进
258,2023H1,86.4,A,2,成长速度快，可承担更大职责
260,2023H1,60.8,C,2,成长速度快，可承担更大职责
261,2023H1,39.4,D,4,持续超出预期，业务结果突出
262,2023H1,62.0,C,3,明显低于预期，已沟通改进计划
263,2023H1,52.1,C,3,部分目标未达成，需改进
264,2023H1,69.4,B,6,目标达成良好，团队协作佳
265,2023H1,71.0,B,3,目标达成良好，团队协作佳
266,2023H1,96.9,S,10,符合岗位要求，表现稳定
267,2023H1,68.7,B,8,持续超出预期，业务结果突出
268,2023H1,73.5,B,8,部分目标未达成，需改进
269,2023H1,68.0,B,5,符合岗位要求，表现稳定
270,2023H1,56.0,C,6,持续超出预期，业务结果突出
271,2023H1,83.7,A,3,部分目标未达成，需改进
272,2023H1,74.0,B,2,符合岗位要求，表现稳定
273,2023H1,65.6,B,6,明显低于预期，已沟通改进计划
275,2023H1,65.9,B,10,明显低于预期，已沟通改进计划
276,2023H1,68.0,B,5,明显低于预期，已沟通改进计划
277,2023H1,75.5,B,10,目标达成良好，团队协作佳
278,2023H1,81.0,A,9,成长速度快，可承担更大职责
279,2023H1,82.8,A,6,持续超出预期，业务结果突出
280,2023H1,66.1,B,8,成长速度快，可承担更大职责
281,2023H1,69.8,B,10,持续超出预期，业务结果突出
282,2023H1,83.1,A,8,明显低于预期，已沟通改进计划
283,2023H1,81.5,A,3,部分目标未达成，需改进
284,2023H1,86.3,A,2,目标达成良好，团队协作佳
285,2023H1,83.1,A,7,成长速度快，可承担更大职责
287,2023H1,69.2,B,6,成长速度快，可承担更大职责
288,2023H1,67.3,B,6,符合岗位要求，表现稳定
289,2023H1,59.3,C,6,成长速度快，可承担更大职责
290,2023H1,43.0,D,3,明显低于预期，已沟通改进计划
291,2023H1,93.3,S,2,符合岗位要求，表现稳定
292,2023H1,58.0,C,6,部分目标未达成，需改进
293,2023H1,68.4,B,3,部分目标未达成，需改进
294,2023H1,41.2,D,2,明显低于预期，已沟通改进计划
295,2023H1,67.0,B,3,部分目标未达成，需改进
296,2023H1,89.0,S,6,部分目标未达成，需改进
297,2023H1,50.3,C,6,明显低于预期，已沟通改进计划
298,2023H1,62.0,C,6,目标达成良好，团队协作佳
299,2023H1,76.2,B,6,持续超出预期，业务结果突出
300,2023H1,67.4,B,2,目标达成良好，团队协作佳
301,2023H1,41.6,D,2,明显低于预期，已沟通改进计划
302,2023H1,44.0,D,3,部分目标未达成，需改进
303,2023H1,82.0,A,3,成长速度快，可承担更大职责
304,2023H1,71.5,B,3,明显低于预期，已沟通改进计划
305,2023H1,47.5,D,7,目标达成良好，团队协作佳
306,2023H1,76.9,B,6,符合岗位要求，表现稳定
307,2023H1,86.6,A,6,明显低于预期，已沟通改进计划
308,2023H1,82.4,A,6,成长速度快，可承担更大职责
309,2023H1,84.5,A,3,部分目标未达成，需改进
310,2023H1,66.1,B,2,符合岗位要求，表现稳定
311,2023H1,65.6,B,2,符合岗位要求，表现稳定
312,2023H1,53.4,C,4,部分目标未达成，需改进
313,2023H1,92.3,S,7,符合岗位要求，表现稳定
314,2023H1,71.4,B,8,部分目标未达成，需改进
315,2023H1,72.4,B,7,符合岗位要求，表现稳定
316,2023H1,37.6,D,2,符合岗位要求，表现稳定
317,2023H1,70.6,B,7,成长速度快，可承担更大职责
318,2023H1,69.7,B,8,成长速度快，可承担更大职责
319,2023H1,78.3,A,7,明显低于预期，已沟通改进计划
320,2023H1,84.2,A,7,持续超出预期，业务结果突出
321,2023H1,74.6,B,7,部分目标未达成，需改进
322,2023H1,85.6,A,5,成长速度快，可承担更大职责
323,2023H1,71.2,B,5,目标达成良好，团队协作佳
324,2023H1,79.9,A,10,符合岗位要求，表现稳定
325,2023H1,68.4,B,6,持续超出预期，业务结果突出
326,2023H1,81.2,A,6,符合岗位要求，表现稳定
327,2023H1,58.9,C,6,符合岗位要求，表现稳定
328,2023H1,66.3,B,8,明显低于预期，已沟通改进计划
1,2023H2,73.2,B,,成长速度快，可承担更大职责
2,2023H2,73.6,B,1,符合岗位要求，表现稳定
3,2023H2,72.3,B,1,成长速度快，可承担更大职责
4,2023H2,76.6,B,1,部分目标未达成，需改进
5,2023H2,70.6,B,1,成长速度快，可承担更大职责
6,2023H2,74.0,B,1,符合岗位要求，表现稳定
7,2023H2,53.8,C,1,部分目标未达成，需改进
8,2023H2,75.8,B,1,持续超出预期，业务结果突出
9,2023H2,75.5,B,1,明显低于预期，已沟通改进计划
10,2023H2,95.8,S,1,部分目标未达成，需改进
11,2023H2,81.0,A,2,持续超出预期，业务结果突出
12,2023H2,73.7,B,3,成长速度快，可承担更大职责
15,2023H2,76.7,B,3,符合岗位要求，表现稳定
16,2023H2,95.1,S,2,目标达成良好，团队协作佳
17,2023H2,82.5,A,4,持续超出预期，业务结果突出
19,2023H2,70.6,B,9,明显低于预期，已沟通改进计划
21,2023H2,86.1,A,5,明显低于预期，已沟通改进计划
23,2023H2,78.7,A,8,符合岗位要求，表现稳定
24,2023H2,69.7,B,4,成长速度快，可承担更大职责
25,2023H2,72.3,B,4,成长速度快，可承担更大职责
27,2023H2,81.6,A,7,持续超出预期，业务结果突出
28,2023H2,62.9,C,3,明显低于预期，已沟通改进计划
29,2023H2,71.2,B,3,明显低于预期，已沟通改进计划
30,2023H2,64.0,C,6,符合岗位要求，表现稳定
31,2023H2,84.0,A,10,成长速度快，可承担更大职责
32,2023H2,61.0,C,4,成长速度快，可承担更大职责
33,2023H2,95.7,S,6,持续超出预期，业务结果突出
34,2023H2,65.7,B,9,持续超出预期，业务结果突出
35,2023H2,69.3,B,10,部分目标未达成，需改进
36,2023H2,63.4,C,8,符合岗位要求，表现稳定
37,2023H2,82.2,A,10,明显低于预期，已沟通改进计划
38,2023H2,60.2,C,8,部分目标未达成，需改进
40,2023H2,86.0,A,6,符合岗位要求，表现稳定
41,2023H2,80.1,A,4,目标达成良好，团队协作佳
42,2023H2,38.7,D,6,明显低于预期，已沟通改进计划
44,2023H2,82.4,A,3,成长速度快，可承担更大职责
46,2023H2,66.5,B,6,部分目标未达成，需改进
47,2023H2,32.7,D,2,部分目标未达成，需改进
48,2023H2,67.5,B,2,成长速度快，可承担更大职责
49,2023H2,86.3,A,5,持续超出预期，业务结果突出
50,2023H2,81.8,A,8,持续超出预期，业务结果突出
52,2023H2,70.4,B,6,符合岗位要求，表现稳定
53,2023H2,78.7,A,8,目标达成良好，团队协作佳
54,2023H2,58.5,C,7,目标达成良好，团队协作佳
56,2023H2,74.0,B,3,符合岗位要求，表现稳定
57,2023H2,51.0,C,5,部分目标未达成，需改进
58,2023H2,38.9,D,2,明显低于预期，已沟通改进计划
59,2023H2,75.9,B,9,部分目标未达成，需改进
60,2023H2,80.3,A,8,成长速度快，可承担更大职责
61,2023H2,79.1,A,2,明显低于预期，已沟通改进计划
63,2023H2,31.3,D,9,持续超出预期，业务结果突出
64,2023H2,73.2,B,6,目标达成良好，团队协作佳
65,2023H2,93.6,S,7,成长速度快，可承担更大职责
66,2023H2,72.1,B,3,部分目标未达成，需改进
67,2023H2,76.6,B,3,部分目标未达成，需改进
70,2023H2,67.6,B,5,部分目标未达成，需改进
73,2023H2,56.7,C,8,符合岗位要求，表现稳定
74,2023H2,44.1,D,2,部分目标未达成，需改进
75,2023H2,71.7,B,2,部分目标未达成，需改进
76,2023H2,53.0,C,3,符合岗位要求，表现稳定
78,2023H2,75.1,B,3,符合岗位要求，表现稳定
79,2023H2,85.2,A,6,目标达成良好，团队协作佳
80,2023H2,86.1,A,2,目标达成良好，团队协作佳
82,2023H2,92.7,S,8,明显低于预期，已沟通改进计划
84,2023H2,75.7,B,3,明显低于预期，已沟通改进计划
85,2023H2,69.3,B,2,部分目标未达成，需改进
86,2023H2,71.2,B,4,目标达成良好，团队协作佳
87,2023H2,52.8,C,2,部分目标未达成，需改进
88,2023H2,63.5,C,3,目标达成良好，团队协作佳
91,2023H2,53.4,C,8,持续超出预期，业务结果突出
92,2023H2,81.9,A,3,明显低于预期，已沟通改进计划
93,2023H2,95.9,S,2,持续超出预期，业务结果突出
95,2023H2,71.1,B,2,部分目标未达成，需改进
97,2023H2,50.9,C,6,符合岗位要求，表现稳定
98,2023H2,82.7,A,2,持续超出预期，业务结果突出
99,2023H2,56.5,C,6,部分目标未达成，需改进
100,2023H2,82.5,A,6,成长速度快，可承担更大职责
101,2023H2,80.6,A,3,目标达成良好，团队协作佳
102,2023H2,76.3,B,8,符合岗位要求，表现稳定
103,2023H2,71.6,B,2,符合岗位要求，表现稳定
104,2023H2,59.3,C,5,成长速度快，可承担更大职责
105,2023H2,85.5,A,6,持续超出预期，业务结果突出
107,2023H2,68.8,B,6,部分目标未达成，需改进
108,2023H2,69.9,B,5,部分目标未达成，需改进
109,2023H2,69.9,B,3,持续超出预期，业务结果突出
110,2023H2,65.1,B,3,明显低于预期，已沟通改进计划
111,2023H2,80.2,A,2,符合岗位要求，表现稳定
112,2023H2,60.5,C,6,成长速度快，可承担更大职责
113,2023H2,42.0,D,4,部分目标未达成，需改进
114,2023H2,67.7,B,4,目标达成良好，团队协作佳
115,2023H2,80.5,A,3,明显低于预期，已沟通改进计划
116,2023H2,50.8,C,9,持续超出预期，业务结果突出
117,2023H2,80.2,A,2,目标达成良好，团队协作佳
120,2023H2,74.6,B,2,部分目标未达成，需改进
121,2023H2,71.6,B,7,符合岗位要求，表现稳定
122,2023H2,82.8,A,2,符合岗位要求，表现稳定
123,2023H2,93.6,S,3,符合岗位要求，表现稳定
124,2023H2,69.8,B,4,符合岗位要求，表现稳定
125,2023H2,73.4,B,9,部分目标未达成，需改进
126,2023H2,66.5,B,6,持续超出预期，业务结果突出
127,2023H2,76.2,B,6,部分目标未达成，需改进
128,2023H2,82.6,A,8,持续超出预期，业务结果突出
129,2023H2,68.1,B,9,部分目标未达成，需改进
130,2023H2,62.3,C,3,持续超出预期，业务结果突出
132,2023H2,69.5,B,3,符合岗位要求，表现稳定
133,2023H2,66.8,B,6,成长速度快，可承担更大职责
134,2023H2,66.0,B,3,符合岗位要求，表现稳定
135,2023H2,66.7,B,6,目标达成良好，团队协作佳
137,2023H2,69.8,B,8,符合岗位要求，表现稳定
138,2023H2,84.2,A,10,符合岗位要求，表现稳定
139,2023H2,93.2,S,8,部分目标未达成，需改进
141,2023H2,66.1,B,8,成长速度快，可承担更大职责
142,2023H2,76.3,B,3,部分目标未达成，需改进
143,2023H2,63.0,C,9,持续超出预期，业务结果突出
144,2023H2,75.3,B,5,部分目标未达成，需改进
145,2023H2,93.2,S,7,持续超出预期，业务结果突出
146,2023H2,74.3,B,2,明显低于预期，已沟通改进计划
147,2023H2,69.9,B,2,成长速度快，可承担更大职责
148,2023H2,67.2,B,2,目标达成良好，团队协作佳
149,2023H2,79.9,A,6,成长速度快，可承担更大职责
150,2023H2,71.1,B,4,符合岗位要求，表现稳定
151,2023H2,70.8,B,6,成长速度快，可承担更大职责
154,2023H2,78.8,A,6,明显低于预期，已沟通改进计划
156,2023H2,92.6,S,5,目标达成良好，团队协作佳
157,2023H2,61.9,C,3,成长速度快，可承担更大职责
158,2023H2,68.6,B,6,符合岗位要求，表现稳定
160,2023H2,58.5,C,7,成长速度快，可承担更大职责
161,2023H2,52.5,C,5,目标达成良好，团队协作佳
162,2023H2,75.0,B,2,持续超出预期，业务结果突出
164,2023H2,67.5,B,6,明显低于预期，已沟通改进计划
165,2023H2,55.9,C,8,成长速度快，可承担更大职责
166,2023H2,79.2,A,2,成长速度快，可承担更大职责
167,2023H2,40.5,D,3,目标达成良好，团队协作佳
168,2023H2,57.1,C,7,持续超出预期，业务结果突出
169,2023H2,75.9,B,6,部分目标未达成，需改进
170,2023H2,85.2,A,2,部分目标未达成，需改进
171,2023H2,82.3,A,5,明显低于预期，已沟通改进计划
174,2023H2,91.0,S,6,成长速度快，可承担更大职责
176,2023H2,84.6,A,6,成长速度快，可承担更大职责
177,2023H2,76.1,B,8,明显低于预期，已沟通改进计划
178,2023H2,65.3,B,6,部分目标未达成，需改进
179,2023H2,70.8,B,9,目标达成良好，团队协作佳
180,2023H2,67.5,B,6,明显低于预期，已沟通改进计划
181,2023H2,72.8,B,5,明显低于预期，已沟通改进计划
182,2023H2,76.7,B,4,目标达成良好，团队协作佳
183,2023H2,94.9,S,2,目标达成良好，团队协作佳
184,2023H2,81.2,A,5,明显低于预期，已沟通改进计划
185,2023H2,53.9,C,3,目标达成良好，团队协作佳
186,2023H2,57.1,C,6,目标达成良好，团队协作佳
187,2023H2,65.9,B,3,符合岗位要求，表现稳定
188,2023H2,70.6,B,8,部分目标未达成，需改进
189,2023H2,79.0,A,3,成长速度快，可承担更大职责
190,2023H2,96.7,S,2,部分目标未达成，需改进
191,2023H2,79.7,A,10,明显低于预期，已沟通改进计划
193,2023H2,66.2,B,8,部分目标未达成，需改进
194,2023H2,84.4,A,3,目标达成良好，团队协作佳
195,2023H2,69.4,B,2,持续超出预期，业务结果突出
196,2023H2,80.9,A,5,明显低于预期，已沟通改进计划
197,2023H2,69.9,B,6,符合岗位要求，表现稳定
199,2023H2,35.6,D,7,持续超出预期，业务结果突出
200,2023H2,70.3,B,9,持续超出预期，业务结果突出
201,2023H2,72.4,B,6,符合岗位要求，表现稳定
202,2023H2,82.6,A,10,符合岗位要求，表现稳定
203,2023H2,52.1,C,2,成长速度快，可承担更大职责
205,2023H2,71.8,B,2,成长速度快，可承担更大职责
206,2023H2,75.7,B,2,明显低于预期，已沟通改进计划
207,2023H2,68.1,B,9,成长速度快，可承担更大职责
208,2023H2,71.3,B,8,目标达成良好，团队协作佳
209,2023H2,73.3,B,3,目标达成良好，团队协作佳
210,2023H2,74.4,B,7,持续超出预期，业务结果突出
211,2023H2,93.9,S,5,成长速度快，可承担更大职责
212,2023H2,72.0,B,3,成长速度快，可承担更大职责
213,2023H2,74.8,B,7,目标达成良好，团队协作佳
214,2023H2,70.4,B,2,部分目标未达成，需改进
215,2023H2,74.9,B,6,部分目标未达成，需改进
216,2023H2,86.7,A,3,符合岗位要求，表现稳定
217,2023H2,53.2,C,5,部分目标未达成，需改进
218,2023H2,80.2,A,7,明显低于预期，已沟通改进计划
219,2023H2,75.6,B,6,持续超出预期，业务结果突出
220,2023H2,42.3,D,5,目标达成良好，团队协作佳
221,2023H2,56.2,C,3,明显低于预期，已沟通改进计划
224,2023H2,34.3,D,2,符合岗位要求，表现稳定
225,2023H2,56.5,C,8,持续超出预期，业务结果突出
226,2023H2,71.0,B,3,明显低于预期，已沟通改进计划
228,2023H2,55.6,C,3,目标达成良好，团队协作佳
230,2023H2,84.5,A,3,目标达成良好，团队协作佳
231,2023H2,68.5,B,4,成长速度快，可承担更大职责
232,2023H2,84.0,A,3,成长速度快，可承担更大职责
233,2023H2,80.6,A,7,明显低于预期，已沟通改进计划
234,2023H2,82.2,A,2,持续超出预期，业务结果突出
236,2023H2,45.2,D,2,成长速度快，可承担更大职责
237,2023H2,71.7,B,6,成长速度快，可承担更大职责
239,2023H2,65.4,B,2,明显低于预期，已沟通改进计划
240,2023H2,92.8,S,4,符合岗位要求，表现稳定
242,2023H2,52.6,C,5,成长速度快，可承担更大职责
243,2023H2,93.6,S,4,持续超出预期，业务结果突出
245,2023H2,68.8,B,2,符合岗位要求，表现稳定
247,2023H2,73.6,B,2,部分目标未达成，需改进
248,2023H2,67.2,B,2,明显低于预期，已沟通改进计划
250,2023H2,93.1,S,7,目标达成良好，团队协作佳
251,2023H2,78.9,A,8,明显低于预期，已沟通改进计划
252,2023H2,67.6,B,4,目标达成良好，团队协作佳
253,2023H2,65.8,B,3,持续超出预期，业务结果突出
254,2023H2,61.1,C,9,明显低于预期，已沟通改进计划
255,2023H2,71.7,B,3,部分目标未达成，需改进
256,2023H2,83.8,A,3,成长速度快，可承担更大职责
257,2023H2,69.9,B,3,明显低于预期，已沟通改进计划
258,2023H2,79.1,A,2,持续超出预期，业务结果突出
260,2023H2,67.1,B,2,部分目标未达成，需改进
261,2023H2,69.5,B,4,目标达成良好，团队协作佳
262,2023H2,52.7,C,3,成长速度快，可承担更大职责
263,2023H2,86.1,A,3,部分目标未达成，需改进
264,2023H2,73.8,B,6,明显低于预期，已沟通改进计划
265,2023H2,73.1,B,3,成长速度快，可承担更大职责
266,2023H2,85.9,A,10,部分目标未达成，需改进
267,2023H2,72.5,B,8,目标达成良好，团队协作佳
268,2023H2,71.6,B,8,符合岗位要求，表现稳定
269,2023H2,51.9,C,5,成长速度快，可承担更大职责
270,2023H2,70.5,B,6,符合岗位要求，表现稳定
271,2023H2,52.8,C,3,部分目标未达成，需改进
272,2023H2,71.7,B,2,成长速度快，可承担更大职责
273,2023H2,90.2,S,6,明显低于预期，已沟通改进计划
275,2023H2,74.8,B,10,部分目标未达成，需改进
278,2023H2,71.2,B,9,符合岗位要求，表现稳定
279,2023H2,76.8,B,6,目标达成良好，团队协作佳
280,2023H2,85.3,A,8,成长速度快，可承担更大职责
281,2023H2,86.8,A,10,符合岗位要求，表现稳定
282,2023H2,71.8,B,8,明显低于预期，已沟通改进计划
283,2023H2,97.0,S,3,明显低于预期，已沟通改进计划
284,2023H2,74.4,B,2,明显低于预期，已沟通改进计划
285,2023H2,74.9,B,7,持续超出预期，业务结果突出
287,2023H2,78.4,A,6,明显低于预期，已沟通改进计划
288,2023H2,66.0,B,6,持续超出预期，业务结果突出
289,2023H2,63.8,C,6,持续超出预期，业务结果突出
291,2023H2,76.5,B,2,目标达成良好，团队协作佳
292,2023H2,71.6,B,6,明显低于预期，已沟通改进计划
293,2023H2,52.9,C,3,明显低于预期，已沟通改进计划
295,2023H2,88.3,S,3,部分目标未达成，需改进
296,2023H2,62.3,C,6,符合岗位要求，表现稳定
297,2023H2,76.9,B,6,部分目标未达成，需改进
298,2023H2,82.3,A,6,目标达成良好，团队协作佳
299,2023H2,72.9,B,6,明显低于预期，已沟通改进计划
300,2023H2,51.4,C,2,持续超出预期，业务结果突出
301,2023H2,69.7,B,2,明显低于预期，已沟通改进计划
302,2023H2,67.9,B,3,成长速度快，可承担更大职责
303,2023H2,67.2,B,3,持续超出预期，业务结果突出
304,2023H2,75.9,B,3,符合岗位要求，表现稳定
305,2023H2,82.9,A,7,持续超出预期，业务结果突出
306,2023H2,74.7,B,6,成长速度快，可承担更大职责
307,2023H2,70.7,B,6,成长速度快，可承担更大职责
308,2023H2,85.5,A,6,成长速度快，可承担更大职责
309,2023H2,85.5,A,3,目标达成良好，团队协作佳
310,2023H2,69.7,B,2,持续超出预期，业务结果突出
311,2023H2,73.8,B,2,持续超出预期，业务结果突出
312,2023H2,72.2,B,4,持续超出预期，业务结果突出
313,2023H2,53.2,C,7,符合岗位要求，表现稳定
314,2023H2,43.5,D,8,成长速度快，可承担更大职责
315,2023H2,72.9,B,7,明显低于预期，已沟通改进计划
316,2023H2,70.3,B,2,持续超出预期，业务结果突出
317,2023H2,54.3,C,7,部分目标未达成，需改进
319,2023H2,76.0,B,7,明显低于预期，已沟通改进计划
320,2023H2,70.4,B,7,明显低于预期，已沟通改进计划
321,2023H2,86.7,A,7,持续超出预期，业务结果突出
322,2023H2,56.8,C,5,部分目标未达成，需改进
323,2023H2,56.7,C,5,目标达成良好，团队协作佳
324,2023H2,62.4,C,10,持续超出预期，业务结果突出
325,2023H2,66.6,B,6,成长速度快，可承担更大职责
326,2023H2,71.2,B,6,明显低于预期，已沟通改进计划
327,2023H2,53.9,C,6,部分目标未达成，需改进
328,2023H2,71.6,B,8,成长速度快，可承担更大职责
329,2023H2,79.1,A,5,部分目标未达成，需改进
330,2023H2,70.1,B,5,成长速度快，可承担更大职责
331,2023H2,83.0,A,8,目标达成良好，团队协作佳
332,2023H2,73.9,B,8,部分目标未达成，需改进
333,2023H2,78.7,A,5,持续超出预期，业务结果突出
334,2023H2,84.1,A,6,持续超出预期，业务结果突出
335,2023H2,79.6,A,6,明显低于预期，已沟通改进计划
338,2023H2,65.8,B,6,目标达成良好，团队协作佳
339,2023H2,80.5,A,7,明显低于预期，已沟通改进计划
341,2023H2,72.6,B,5,目标达成良好，团队协作佳
342,2023H2,75.5,B,5,部分目标未达成，需改进
343,2023H2,70.0,B,5,持续超出预期，业务结果突出
344,2023H2,30.2,D,2,明显低于预期，已沟通改进计划
345,2023H2,82.1,A,2,部分目标未达成，需改进
346,2023H2,83.6,A,3,符合岗位要求，表现稳定
347,2023H2,73.8,B,2,部分目标未达成，需改进
348,2023H2,68.2,B,9,成长速度快，可承担更大职责
349,2023H2,61.2,C,5,成长速度快，可承担更大职责
350,2023H2,73.9,B,5,部分目标未达成，需改进
351,2023H2,93.5,S,5,持续超出预期，业务结果突出
352,2023H2,65.7,B,3,部分目标未达成，需改进
353,2023H2,80.6,A,3,目标达成良好，团队协作佳
354,2023H2,65.8,B,2,成长速度快，可承担更大职责
355,2023H2,39.2,D,7,符合岗位要求，表现稳定
356,2023H2,69.9,B,2,明显低于预期，已沟通改进计划
357,2023H2,68.6,B,2,部分目标未达成，需改进
358,2023H2,72.2,B,3,符合岗位要求，表现稳定
359,2023H2,68.8,B,6,持续超出预期，业务结果突出
360,2023H2,67.1,B,7,符合岗位要求，表现稳定
361,2023H2,76.7,B,7,目标达成良好，团队协作佳
362,2023H2,86.2,A,7,目标达成良好，团队协作佳
363,2023H2,80.0,A,3,成长速度快，可承担更大职责
364,2023H2,67.3,B,2,持续超出预期，业务结果突出
365,2023H2,56.0,C,2,部分目标未达成，需改进
366,2023H2,69.6,B,2,持续超出预期，业务结果突出
367,2023H2,75.3,B,2,成长速度快，可承担更大职责
368,2023H2,96.0,S,5,明显低于预期，已沟通改进计划
369,2023H2,84.6,A,5,明显低于预期，已沟通改进计划
370,2023H2,66.9,B,5,成长速度快，可承担更大职责
371,2023H2,67.9,B,8,持续超出预期，业务结果突出
372,2023H2,78.3,A,8,目标达成良好，团队协作佳
373,2023H2,74.2,B,3,符合岗位要求，表现稳定
374,2023H2,86.7,A,3,目标达成良好，团队协作佳
375,2023H2,69.8,B,8,成长速度快，可承担更大职责
376,2023H2,70.0,B,8,部分目标未达成，需改进
377,2023H2,66.0,B,2,符合岗位要求，表现稳定
378,2023H2,80.5,A,2,符合岗位要求，表现稳定
379,2023H2,76.5,B,2,明显低于预期，已沟通改进计划
380,2023H2,73.6,B,2,持续超出预期，业务结果突出
381,2023H2,82.4,A,2,明显低于预期，已沟通改进计划
382,2023H2,83.0,A,3,明显低于预期，已沟通改进计划
383,2023H2,45.9,D,3,部分目标未达成，需改进
384,2023H2,41.5,D,6,部分目标未达成，需改进
385,2023H2,83.5,A,6,成长速度快，可承担更大职责
386,2023H2,82.0,A,9,目标达成良好，团队协作佳
387,2023H2,52.9,C,9,持续超出预期，业务结果突出
388,2023H2,44.8,D,5,成长速度快，可承担更大职责
389,2023H2,84.4,A,5,符合岗位要求，表现稳定
390,2023H2,62.8,C,10,符合岗位要求，表现稳定
391,2023H2,67.2,B,10,持续超出预期，业务结果突出
392,2023H2,69.8,B,2,目标达成良好，团队协作佳
393,2023H2,66.2,B,6,明显低于预期，已沟通改进计划
394,2023H2,76.5,B,6,部分目标未达成，需改进
396,2023H2,76.4,B,5,成长速度快，可承担更大职责
399,2023H2,39.0,D,8,持续超出预期，业务结果突出
1,2024H1,39.8,D,,成长速度快，可承担更大职责
2,2024H1,55.1,C,1,持续超出预期，业务结果突出
3,2024H1,65.8,B,1,成长速度快，可承担更大职责
4,2024H1,78.4,A,1,持续超出预期，业务结果突出
5,2024H1,50.6,C,1,目标达成良好，团队协作佳
6,2024H1,51.1,C,1,成长速度快，可承担更大职责
7,2024H1,72.6,B,1,目标达成良好，团队协作佳
9,2024H1,53.6,C,1,明显低于预期，已沟通改进计划
10,2024H1,58.3,C,1,明显低于预期，已沟通改进计划
11,2024H1,69.6,B,2,成长速度快，可承担更大职责
12,2024H1,71.6,B,3,成长速度快，可承担更大职责
15,2024H1,85.7,A,3,符合岗位要求，表现稳定
16,2024H1,81.8,A,2,成长速度快，可承担更大职责
17,2024H1,65.2,B,4,持续超出预期，业务结果突出
19,2024H1,86.7,A,9,符合岗位要求，表现稳定
21,2024H1,70.7,B,5,持续超出预期，业务结果突出
23,2024H1,57.7,C,8,目标达成良好，团队协作佳
24,2024H1,71.2,B,4,符合岗位要求，表现稳定
25,2024H1,65.6,B,4,持续超出预期，业务结果突出
27,2024H1,72.3,B,7,符合岗位要求，表现稳定
28,2024H1,86.9,A,3,部分目标未达成，需改进
29,2024H1,67.4,B,3,目标达成良好，团队协作佳
31,2024H1,80.9,A,10,目标达成良好，团队协作佳
33,2024H1,68.8,B,6,明显低于预期，已沟通改进计划
34,2024H1,55.3,C,9,持续超出预期，业务结果突出
35,2024H1,76.2,B,10,成长速度快，可承担更大职责
36,2024H1,56.0,C,8,符合岗位要求，表现稳定
38,2024H1,91.4,S,8,持续超出预期，业务结果突出
40,2024H1,81.5,A,6,持续超出预期，业务结果突出
41,2024H1,80.9,A,4,成长速度快，可承担更大职责
42,2024H1,53.2,C,6,成长速度快，可承担更大职责
44,2024H1,79.7,A,3,目标达成良好，团队协作佳
46,2024H1,80.6,A,6,明显低于预期，已沟通改进计划
47,2024H1,88.2,S,2,成长速度快，可承担更大职责
48,2024H1,81.8,A,2,部分目标未达成，需改进
49,2024H1,42.4,D,5,符合岗位要求，表现稳定
50,2024H1,66.9,B,8,部分目标未达成，需改进
52,2024H1,71.5,B,6,部分目标未达成，需改进
53,2024H1,61.3,C,8,持续超出预期，业务结果突出
54,2024H1,58.0,C,7,明显低于预期，已沟通改进计划
56,2024H1,52.3,C,3,目标达成良好，团队协作佳
57,2024H1,74.5,B,5,符合岗位要求，表现稳定
58,2024H1,83.7,A,2,持续超出预期，业务结果突出
59,2024H1,67.2,B,9,符合岗位要求，表现稳定
60,2024H1,68.9,B,8,明显低于预期，已沟通改进计划
63,2024H1,57.0,C,9,部分目标未达成，需改进
64,2024H1,66.0,B,6,符合岗位要求，表现稳定
65,2024H1,74.0,B,7,明显低于预期，已沟通改进计划
66,2024H1,90.5,S,3,成长速度快，可承担更大职责
67,2024H1,60.9,C,3,持续超出预期，业务结果突出
70,2024H1,65.1,B,5,部分目标未达成，需改进
73,2024H1,51.7,C,8,明显低于预期，已沟通改进计划
74,2024H1,85.0,A,2,明显低于预期，已沟通改进计划
75,2024H1,69.7,B,2,成长速度快，可承担更大职责
76,2024H1,56.2,C,3,明显低于预期，已沟通改进计划
79,2024H1,83.8,A,6,成长速度快，可承担更大职责
80,2024H1,75.7,B,2,持续超出预期，业务结果突出
82,2024H1,71.8,B,8,符合岗位要求，表现稳定
84,2024H1,37.8,D,3,部分目标未达成，需改进
85,2024H1,55.1,C,2,持续超出预期，业务结果突出
86,2024H1,75.2,B,4,目标达成良好，团队协作佳
87,2024H1,61.1,C,2,成长速度快，可承担更大职责
88,2024H1,51.7,C,3,符合岗位要求，表现稳定
91,2024H1,57.1,C,8,持续超出预期，业务结果突出
92,2024H1,81.3,A,3,持续超出预期，业务结果突出
93,2024H1,80.0,A,2,符合岗位要求，表现稳定
95,2024H1,30.9,D,2,成长速度快，可承担更大职责
97,2024H1,69.6,B,6,目标达成良好，团队协作佳
98,2024H1,76.0,B,2,成长速度快，可承担更大职责
99,2024H1,75.1,B,6,部分目标未达成，需改进
100,2024H1,81.5,A,6,目标达成良好，团队协作佳
101,2024H1,66.8,B,3,成长速度快，可承担更大职责
102,2024H1,72.8,B,8,部分目标未达成，需改进
103,2024H1,80.9,A,2,部分目标未达成，需改进
104,2024H1,75.2,B,5,部分目标未达成，需改进
105,2024H1,73.9,B,6,符合岗位要求，表现稳定
107,2024H1,69.7,B,6,符合岗位要求，表现稳定
108,2024H1,59.7,C,5,成长速度快，可承担更大职责
109,2024H1,80.1,A,3,符合岗位要求，表现稳定
110,2024H1,68.9,B,3,符合岗位要求，表现稳定
111,2024H1,83.5,A,2,部分目标未达成，需改进
112,2024H1,71.7,B,6,成长速度快，可承担更大职责
113,2024H1,78.6,A,4,符合岗位要求，表现稳定
114,2024H1,84.4,A,4,目标达成良好，团队协作佳
115,2024H1,65.7,B,3,成长速度快，可承担更大职责
116,2024H1,86.2,A,9,目标达成良好，团队协作佳
117,2024H1,56.7,C,2,部分目标未达成，需改进
120,2024H1,83.7,A,2,持续超出预期，业务结果突出
121,2024H1,80.2,A,7,成长速度快，可承担更大职责
122,2024H1,74.5,B,2,部分目标未达成，需改进
123,2024H1,65.8,B,3,部分目标未达成，需改进
124,2024H1,70.1,B,4,持续超出预期，业务结果突出
126,2024H1,67.5,B,6,目标达成良好，团队协作佳
127,2024H1,80.3,A,6,持续超出预期，业务结果突出
128,2024H1,72.3,B,8,持续超出预期，业务结果突出
129,2024H1,92.5,S,9,成长速度快，可承担更大职责
132,2024H1,79.3,A,3,目标达成良好，团队协作佳
133,2024H1,73.7,B,6,目标达成良好，团队协作佳
134,2024H1,83.2,A,3,明显低于预期，已沟通改进计划
135,2024H1,66.9,B,6,明显低于预期，已沟通改进计划
137,2024H1,71.7,B,8,持续超出预期，业务结果突出
138,2024H1,75.4,B,10,部分目标未达成，需改进
139,2024H1,67.8,B,8,成长速度快，可承担更大职责
141,2024H1,52.8,C,8,部分目标未达成，需改进
142,2024H1,69.4,B,3,目标达成良好，团队协作佳
143,2024H1,96.8,S,9,成长速度快，可承担更大职责
144,2024H1,73.4,B,5,明显低于预期，已沟通改进计划
146,2024H1,68.8,B,2,目标达成良好，团队协作佳
147,2024H1,38.2,D,2,持续超出预期，业务结果突出
148,2024H1,73.7,B,2,部分目标未达成，需改进
149,2024H1,65.7,B,6,成长速度快，可承担更大职责
150,2024H1,58.4,C,4,持续超出预期，业务结果突出
151,2024H1,47.3,D,6,成长速度快，可承担更大职责
154,2024H1,76.5,B,6,符合岗位要求，表现稳定
156,2024H1,80.8,A,5,成长速度快，可承担更大职责
157,2024H1,74.8,B,3,持续超出预期，业务结果突出
158,2024H1,81.5,A,6,成长速度快，可承担更大职责
160,2024H1,72.1,B,7,符合岗位要求，表现稳定
161,2024H1,69.2,B,5,明显低于预期，已沟通改进计划
162,2024H1,86.5,A,2,部分目标未达成，需改进
164,2024H1,83.4,A,6,符合岗位要求，表现稳定
165,2024H1,80.5,A,8,持续超出预期，业务结果突出
166,2024H1,70.3,B,2,部分目标未达成，需改进
167,2024H1,68.0,B,3,目标达成良好，团队协作佳
168,2024H1,91.7,S,7,持续超出预期，业务结果突出
169,2024H1,80.9,A,6,部分目标未达成，需改进
171,2024H1,66.1,B,5,明显低于预期，已沟通改进计划
174,2024H1,66.7,B,6,目标达成良好，团队协作佳
176,2024H1,82.8,A,6,目标达成良好，团队协作佳
177,2024H1,93.1,S,8,成长速度快，可承担更大职责
178,2024H1,86.0,A,6,持续超出预期，业务结果突出
179,2024H1,75.7,B,9,符合岗位要求，表现稳定
180,2024H1,79.8,A,6,持续超出预期，业务结果突出
181,2024H1,84.6,A,5,成长速度快，可承担更大职责
182,2024H1,72.1,B,4,目标达成良好，团队协作佳
183,2024H1,50.5,C,2,持续超出预期，业务结果突出
184,2024H1,80.8,A,5,成长速度快，可承担更大职责
186,2024H1,86.3,A,6,持续超出预期，业务结果突出
187,2024H1,75.7,B,3,符合岗位要求，表现稳定
188,2024H1,83.8,A,8,成长速度快，可承担更大职责
190,2024H1,59.8,C,2,符合岗位要求，表现稳定
191,2024H1,62.2,C,10,符合岗位要求，表现稳定
193,2024H1,74.5,B,8,持续超出预期，业务结果突出
194,2024H1,81.5,A,3,符合岗位要求，表现稳定
195,2024H1,76.6,B,2,明显低于预期，已沟通改进计划
196,2024H1,34.9,D,5,持续超出预期，业务结果突出
197,2024H1,70.6,B,6,符合岗位要求，表现稳定
199,2024H1,73.4,B,7,部分目标未达成，需改进
200,2024H1,69.3,B,9,持续超出预期，业务结果突出
201,2024H1,83.9,A,6,成长速度快，可承担更大职责
202,2024H1,76.0,B,10,部分目标未达成，需改进
203,2024H1,74.9,B,2,明显低于预期，已沟通改进计划
205,2024H1,69.6,B,2,目标达成良好，团队协作佳
206,2024H1,82.5,A,2,成长速度快，可承担更大职责
207,2024H1,50.1,C,9,成长速度快，可承担更大职责
208,2024H1,67.7,B,8,持续超出预期，业务结果突出
209,2024H1,43.0,D,3,成长速度快，可承担更大职责
210,2024H1,70.9,B,7,符合岗位要求，表现稳定
211,2024H1,92.7,S,5,部分目标未达成，需改进
212,2024H1,60.3,C,3,明显低于预期，已沟通改进计划
213,2024H1,63.6,C,7,持续超出预期，业务结果突出
214,2024H1,65.8,B,2,持续超出预期，业务结果突出
215,2024H1,76.4,B,6,明显低于预期，已沟通改进计划
216,2024H1,67.6,B,3,明显低于预期，已沟通改进计划
217,2024H1,68.6,B,5,目标达成良好，团队协作佳
218,2024H1,86.7,A,7,成长速度快，可承担更大职责
219,2024H1,52.8,C,6,成长速度快，可承担更大职责
220,2024H1,69.2,B,5,成长速度快，可承担更大职责
221,2024H1,81.1,A,3,符合岗位要求，表现稳定
224,2024H1,53.6,C,2,符合岗位要求，表现稳定
225,2024H1,70.3,B,8,目标达成良好，团队协作佳
226,2024H1,71.5,B,3,成长速度快，可承担更大职责
228,2024H1,86.4,A,3,持续超出预期，业务结果突出
230,2024H1,61.5,C,3,目标达成良好，团队协作佳
231,2024H1,86.5,A,4,部分目标未达成，需改进
232,2024H1,72.7,B,3,目标达成良好，团队协作佳
234,2024H1,72.6,B,2,目标达成良好，团队协作佳
236,2024H1,62.7,C,2,明显低于预期，已沟通改进计划
237,2024H1,84.8,A,6,符合岗位要求，表现稳定
239,2024H1,44.6,D,2,目标达成良好，团队协作佳
240,2024H1,83.4,A,4,符合岗位要求，表现稳定
242,2024H1,83.4,A,5,明显低于预期，已沟通改进计划
243,2024H1,69.0,B,4,成长速度快，可承担更大职责
245,2024H1,84.6,A,2,明显低于预期，已沟通改进计划
247,2024H1,59.1,C,2,目标达成良好，团队协作佳
248,2024H1,84.6,A,2,符合岗位要求，表现稳定
250,2024H1,67.6,B,7,符合岗位要求，表现稳定
251,2024H1,53.8,C,8,持续超出预期，业务结果突出
252,2024H1,91.2,S,4,持续超出预期，业务结果突出
253,2024H1,31.7,D,3,持续超出预期，业务结果突出
255,2024H1,61.7,C,3,明显低于预期，已沟通改进计划
256,2024H1,72.0,B,3,符合岗位要求，表现稳定
257,2024H1,73.2,B,3,部分目标未达成，需改进
258,2024H1,35.2,D,2,成长速度快，可承担更大职责
260,2024H1,71.0,B,2,部分目标未达成，需改进
261,2024H1,71.5,B,4,目标达成良好，团队协作佳
262,2024H1,73.1,B,3,明显低于预期，已沟通改进计划
263,2024H1,72.6,B,3,目标达成良好，团队协作佳
264,2024H1,70.8,B,6,目标达成良好，团队协作佳
265,2024H1,58.8,C,3,目标达成良好，团队协作佳
266,2024H1,73.1,B,10,目标达成良好，团队协作佳
267,2024H1,65.1,B,8,成长速度快，可承担更大职责
268,2024H1,78.3,A,8,符合岗位要求，表现稳定
269,2024H1,92.5,S,5,明显低于预期，已沟通改进计划
270,2024H1,66.0,B,6,部分目标未达成，需改进
271,2024H1,36.5,D,3,持续超出预期，业务结果突出
272,2024H1,75.8,B,2,持续超出预期，业务结果突出
273,2024H1,96.9,S,6,部分目标未达成，需改进
275,2024H1,70.3,B,10,明显低于预期，已沟通改进计划
278,2024H1,61.1,C,9,目标达成良好，团队协作佳
279,2024H1,83.3,A,6,持续超出预期，业务结果突出
280,2024H1,73.2,B,8,明显低于预期，已沟通改进计划
281,2024H1,88.4,S,10,明显低于预期，已沟通改进计划
282,2024H1,74.3,B,8,目标达成良好，团队协作佳
283,2024H1,72.3,B,3,成长速度快，可承担更大职责
284,2024H1,75.3,B,2,成长速度快，可承担更大职责
285,2024H1,95.6,S,7,部分目标未达成，需改进
287,2024H1,71.8,B,6,持续超出预期，业务结果突出
288,2024H1,67.3,B,6,持续超出预期，业务结果突出
289,2024H1,82.9,A,6,持续超出预期，业务结果突出
291,2024H1,68.5,B,2,明显低于预期，已沟通改进计划
292,2024H1,72.5,B,6,持续超出预期，业务结果突出
293,2024H1,68.4,B,3,持续超出预期，业务结果突出
295,2024H1,85.8,A,3,目标达成良好，团队协作佳
296,2024H1,44.0,D,6,目标达成良好，团队协作佳
297,2024H1,84.0,A,6,持续超出预期，业务结果突出
298,2024H1,54.5,C,6,目标达成良好，团队协作佳
299,2024H1,65.2,B,6,部分目标未达成，需改进
300,2024H1,86.0,A,2,明显低于预期，已沟通改进计划
302,2024H1,81.8,A,3,成长速度快，可承担更大职责
303,2024H1,60.8,C,3,明显低于预期，已沟通改进计划
305,2024H1,68.4,B,7,明显低于预期，已沟通改进计划
306,2024H1,73.7,B,6,明显低于预期，已沟通改进计划
307,2024H1,32.9,D,6,持续超出预期，业务结果突出
308,2024H1,79.0,A,6,目标达成良好，团队协作佳
309,2024H1,68.3,B,3,持续超出预期，业务结果突出
310,2024H1,96.9,S,2,部分目标未达成，需改进
311,2024H1,89.3,S,2,持续超出预期，业务结果突出
312,2024H1,60.3,C,4,明显低于预期，已沟通改进计划
313,2024H1,89.7,S,7,目标达成良好，团队协作佳
315,2024H1,70.3,B,7,部分目标未达成，需改进
316,2024H1,73.1,B,2,符合岗位要求，表现稳定
317,2024H1,82.7,A,7,明显低于预期，已沟通改进计划
319,2024H1,71.8,B,7,成长速度快，可承担更大职责
320,2024H1,36.7,D,7,符合岗位要求，表现稳定
321,2024H1,69.7,B,7,部分目标未达成，需改进
323,2024H1,79.4,A,5,符合岗位要求，表现稳定
324,2024H1,93.0,S,10,持续超出预期，业务结果突出
325,2024H1,56.2,C,6,部分目标未达成，需改进
326,2024H1,46.2,D,6,部分目标未达成，需改进
327,2024H1,92.6,S,6,部分目标未达成，需改进
328,2024H1,68.1,B,8,成长速度快，可承担更大职责
329,2024H1,68.1,B,5,明显低于预期，已沟通改进计划
330,2024H1,60.7,C,5,持续超出预期，业务结果突出
331,2024H1,61.6,C,8,目标达成良好，团队协作佳
332,2024H1,63.6,C,8,符合岗位要求，表现稳定
333,2024H1,75.3,B,5,部分目标未达成，需改进
334,2024H1,85.7,A,6,目标达成良好，团队协作佳
335,2024H1,74.0,B,6,持续超出预期，业务结果突出
338,2024H1,65.6,B,6,持续超出预期，业务结果突出
339,2024H1,72.4,B,7,明显低于预期，已沟通改进计划
341,2024H1,72.7,B,5,持续超出预期，业务结果突出
342,2024H1,55.9,C,5,部分目标未达成，需改进
343,2024H1,96.0,S,5,持续超出预期，业务结果突出
344,2024H1,56.1,C,2,持续超出预期，业务结果突出
345,2024H1,83.7,A,2,明显低于预期，已沟通改进计划
346,2024H1,84.1,A,3,明显低于预期，已沟通改进计划
347,2024H1,91.1,S,2,符合岗位要求，表现稳定
348,2024H1,67.0,B,9,明显低于预期，已沟通改进计划
349,2024H1,79.1,A,5,目标达成良好，团队协作佳
350,2024H1,96.7,S,5,部分目标未达成，需改进
351,2024H1,56.0,C,5,符合岗位要求，表现稳定
352,2024H1,67.6,B,3,部分目标未达成，需改进
353,2024H1,80.6,A,3,部分目标未达成，需改进
354,2024H1,72.7,B,2,持续超出预期，业务结果突出
355,2024H1,37.0,D,7,符合岗位要求，表现稳定
356,2024H1,80.9,A,2,目标达成良好，团队协作佳
357,2024H1,84.5,A,2,明显低于预期，已沟通改进计划
358,2024H1,59.9,C,3,目标达成良好，团队协作佳
359,2024H1,68.4,B,6,符合岗位要求，表现稳定
360,2024H1,71.0,B,7,持续超出预期，业务结果突出
361,2024H1,59.2,C,7,部分目标未达成，需改进
362,2024H1,81.0,A,7,持续超出预期，业务结果突出
363,2024H1,90.0,S,3,明显低于预期，已沟通改进计划
364,2024H1,54.5,C,2,成长速度快，可承担更大职责
365,2024H1,62.4,C,2,持续超出预期，业务结果突出
366,2024H1,61.2,C,2,持续超出预期，业务结果突出
367,2024H1,44.4,D,2,符合岗位要求，表现稳定
368,2024H1,85.4,A,5,持续超出预期，业务结果突出
369,2024H1,74.8,B,5,目标达成良好，团队协作佳
370,2024H1,94.4,S,5,符合岗位要求，表现稳定
371,2024H1,89.0,S,8,成长速度快，可承担更大职责
372,2024H1,73.4,B,8,目标达成良好，团队协作佳
373,2024H1,68.8,B,3,符合岗位要求，表现稳定
374,2024H1,70.4,B,3,持续超出预期，业务结果突出
375,2024H1,83.0,A,8,持续超出预期，业务结果突出
376,2024H1,43.4,D,8,持续超出预期，业务结果突出
377,2024H1,72.7,B,2,部分目标未达成，需改进
378,2024H1,96.4,S,2,目标达成良好，团队协作佳
379,2024H1,69.3,B,2,成长速度快，可承担更大职责
380,2024H1,73.2,B,2,部分目标未达成，需改进
381,2024H1,80.9,A,2,明显低于预期，已沟通改进计划
382,2024H1,84.8,A,3,目标达成良好，团队协作佳
384,2024H1,76.1,B,6,部分目标未达成，需改进
385,2024H1,60.8,C,6,明显低于预期，已沟通改进计划
386,2024H1,93.5,S,9,成长速度快，可承担更大职责
389,2024H1,68.3,B,5,符合岗位要求，表现稳定
391,2024H1,61.7,C,10,符合岗位要求，表现稳定
392,2024H1,52.0,C,2,目标达成良好，团队协作佳
394,2024H1,51.9,C,6,符合岗位要求，表现稳定
395,2024H1,73.2,B,6,持续超出预期，业务结果突出
396,2024H1,59.2,C,5,成长速度快，可承担更大职责
398,2024H1,90.9,S,8,部分目标未达成，需改进
400,2024H1,75.7,B,3,部分目标未达成，需改进
401,2024H1,56.4,C,3,部分目标未达成，需改进
402,2024H1,83.6,A,2,符合岗位要求，表现稳定
403,2024H1,79.5,A,3,明显低于预期，已沟通改进计划
404,2024H1,79.0,A,2,部分目标未达成，需改进
405,2024H1,63.4,C,6,部分目标未达成，需改进
406,2024H1,54.4,C,6,符合岗位要求，表现稳定
407,2024H1,68.0,B,6,持续超出预期，业务结果突出
410,2024H1,92.8,S,4,持续超出预期，业务结果突出
411,2024H1,80.4,A,3,明显低于预期，已沟通改进计划
412,2024H1,74.9,B,3,目标达成良好，团队协作佳
413,2024H1,72.7,B,2,持续超出预期，业务结果突出
414,2024H1,66.4,B,3,部分目标未达成，需改进
415,2024H1,82.7,A,6,持续超出预期，业务结果突出
416,2024H1,75.8,B,6,部分目标未达成，需改进
417,2024H1,57.7,C,6,成长速度快，可承担更大职责
418,2024H1,83.4,A,5,部分目标未达成，需改进
419,2024H1,76.3,B,2,持续超出预期，业务结果突出
420,2024H1,79.8,A,5,成长速度快，可承担更大职责
421,2024H1,69.2,B,2,目标达成良好，团队协作佳
422,2024H1,33.4,D,2,目标达成良好，团队协作佳
423,2024H1,50.2,C,2,部分目标未达成，需改进
424,2024H1,86.5,A,3,成长速度快，可承担更大职责
425,2024H1,93.7,S,2,明显低于预期，已沟通改进计划
426,2024H1,70.6,B,3,持续超出预期，业务结果突出
427,2024H1,59.8,C,2,目标达成良好，团队协作佳
428,2024H1,60.4,C,3,目标达成良好，团队协作佳
429,2024H1,65.6,B,6,符合岗位要求，表现稳定
430,2024H1,66.0,B,3,符合岗位要求，表现稳定
431,2024H1,85.9,A,3,明显低于预期，已沟通改进计划
432,2024H1,82.3,A,2,目标达成良好，团队协作佳
433,2024H1,67.5,B,3,目标达成良好，团队协作佳
434,2024H1,76.7,B,3,目标达成良好，团队协作佳
435,2024H1,70.4,B,3,符合岗位要求，表现稳定
436,2024H1,66.8,B,6,目标达成良好，团队协作佳
437,2024H1,70.7,B,6,持续超出预期，业务结果突出
438,2024H1,82.0,A,6,目标达成良好，团队协作佳
439,2024H1,50.5,C,5,符合岗位要求，表现稳定
440,2024H1,71.8,B,5,明显低于预期，已沟通改进计划
441,2024H1,30.2,D,5,成长速度快，可承担更大职责
442,2024H1,81.1,A,5,目标达成良好，团队协作佳
443,2024H1,69.8,B,9,持续超出预期，业务结果突出
444,2024H1,63.2,C,6,部分目标未达成，需改进
445,2024H1,85.3,A,6,持续超出预期，业务结果突出
446,2024H1,79.8,A,2,明显低于预期，已沟通改进计划
447,2024H1,39.0,D,3,目标达成良好，团队协作佳
448,2024H1,66.8,B,5,持续超出预期，业务结果突出
449,2024H1,94.5,S,5,目标达成良好，团队协作佳
450,2024H1,52.4,C,8,目标达成良好，团队协作佳
451,2024H1,78.6,A,8,持续超出预期，业务结果突出
452,2024H1,58.6,C,2,部分目标未达成，需改进
453,2024H1,79.4,A,2,成长速度快，可承担更大职责
454,2024H1,58.4,C,2,符合岗位要求，表现稳定
456,2024H1,74.1,B,4,部分目标未达成，需改进
457,2024H1,76.5,B,4,符合岗位要求，表现稳定
458,2024H1,75.7,B,4,目标达成良好，团队协作佳
459,2024H1,74.7,B,3,目标达成良好，团队协作佳
460,2024H1,55.9,C,3,持续超出预期，业务结果突出
469,2024H1,85.2,A,8,符合岗位要求，表现稳定
1,2024H2,72.7,B,,部分目标未达成，需改进
2,2024H2,72.9,B,1,部分目标未达成，需改进
3,2024H2,76.6,B,1,明显低于预期，已沟通改进计划
4,2024H2,79.7,A,1,持续超出预期，业务结果突出
5,2024H2,65.9,B,1,符合岗位要求，表现稳定
6,2024H2,75.7,B,1,明显低于预期，已沟通改进计划
7,2024H2,59.0,C,1,持续超出预期，业务结果突出
9,2024H2,74.6,B,1,符合岗位要求，表现稳定
10,2024H2,78.4,A,1,部分目标未达成，需改进
11,2024H2,58.9,C,2,目标达成良好，团队协作佳
12,2024H2,85.5,A,3,成长速度快，可承担更大职责
15,2024H2,66.1,B,3,成长速度快，可承担更大职责
16,2024H2,80.8,A,2,部分目标未达成，需改进
17,2024H2,80.7,A,4,成长速度快，可承担更大职责
19,2024H2,52.6,C,9,持续超出预期，业务结果突出
21,2024H2,84.3,A,5,符合岗位要求，表现稳定
23,2024H2,86.5,A,8,目标达成良好，团队协作佳
24,2024H2,78.2,A,4,部分目标未达成，需改进
25,2024H2,38.9,D,4,符合岗位要求，表现稳定
27,2024H2,82.5,A,7,部分目标未达成，需改进
28,2024H2,81.4,A,3,持续超出预期，业务结果突出
29,2024H2,86.5,A,3,符合岗位要求，表现稳定
31,2024H2,55.0,C,10,符合岗位要求，表现稳定
33,2024H2,51.8,C,6,目标达成良好，团队协作佳
34,2024H2,66.7,B,9,目标达成良好，团队协作佳
35,2024H2,83.7,A,10,成长速度快，可承担更大职责
36,2024H2,86.3,A,8,持续超出预期，业务结果突出
38,2024H2,65.2,B,8,成长速度快，可承担更大职责
40,2024H2,80.5,A,6,目标达成良好，团队协作佳
41,2024H2,82.5,A,4,明显低于预期，已沟通改进计划
42,2024H2,66.6,B,6,符合岗位要求，表现稳定
44,2024H2,70.4,B,3,持续超出预期，业务结果突出
46,2024H2,50.1,C,6,目标达成良好，团队协作佳
47,2024H2,81.6,A,2,部分目标未达成，需改进
48,2024H2,55.2,C,2,成长速度快，可承担更大职责
49,2024H2,72.3,B,5,部分目标未达成，需改进
50,2024H2,82.4,A,8,持续超出预期，业务结果突出
52,2024H2,48.1,D,6,明显低于预期，已沟通改进计划
53,2024H2,74.6,B,8,明显低于预期，已沟通改进计划
54,2024H2,80.7,A,7,成长速度快，可承担更大职责
56,2024H2,37.6,D,3,符合岗位要求，表现稳定
57,2024H2,69.3,B,5,成长速度快，可承担更大职责
58,2024H2,62.0,C,2,部分目标未达成，需改进
59,2024H2,56.2,C,9,符合岗位要求，表现稳定
60,2024H2,35.2,D,8,明显低于预期，已沟通改进计划
63,2024H2,83.7,A,9,部分目标未达成，需改进
64,2024H2,42.7,D,6,持续超出预期，业务结果突出
65,2024H2,33.1,D,7,持续超出预期，业务结果突出
66,2024H2,69.9,B,3,明显低于预期，已沟通改进计划
67,2024H2,52.5,C,3,明显低于预期，已沟通改进计划
70,2024H2,53.8,C,5,明显低于预期，已沟通改进计划
73,2024H2,31.1,D,8,持续超出预期，业务结果突出
74,2024H2,60.4,C,2,符合岗位要求，表现稳定
75,2024H2,74.5,B,2,持续超出预期，业务结果突出
76,2024H2,92.2,S,3,持续超出预期，业务结果突出
79,2024H2,79.9,A,6,成长速度快，可承担更大职责
80,2024H2,74.9,B,2,成长速度快，可承担更大职责
82,2024H2,31.9,D,8,部分目标未达成，需改进
84,2024H2,68.1,B,3,明显低于预期，已沟通改进计划
85,2024H2,79.1,A,2,目标达成良好，团队协作佳
86,2024H2,69.9,B,4,持续超出预期，业务结果突出
87,2024H2,71.8,B,2,持续超出预期，业务结果突出
88,2024H2,86.5,A,3,持续超出预期，业务结果突出
91,2024H2,65.3,B,8,目标达成良好，团队协作佳
92,2024H2,76.3,B,3,明显低于预期，已沟通改进计划
93,2024H2,82.0,A,2,目标达成良好，团队协作佳
97,2024H2,81.7,A,6,目标达成良好，团队协作佳
98,2024H2,96.3,S,2,明显低于预期，已沟通改进计划
99,2024H2,61.4,C,6,部分目标未达成，需改进
100,2024H2,83.7,A,6,符合岗位要求，表现稳定
101,2024H2,82.5,A,3,成长速度快，可承担更大职责
102,2024H2,78.5,A,8,符合岗位要求，表现稳定
103,2024H2,96.5,S,2,部分目标未达成，需改进
104,2024H2,76.5,B,5,部分目标未达成，需改进
105,2024H2,66.8,B,6,符合岗位要求，表现稳定
108,2024H2,89.2,S,5,成长速度快，可承担更大职责
109,2024H2,79.2,A,3,持续超出预期，业务结果突出
110,2024H2,66.8,B,3,明显低于预期，已沟通改进计划
111,2024H2,96.4,S,2,部分目标未达成，需改进
112,2024H2,76.8,B,6,持续超出预期，业务结果突出
113,2024H2,81.6,A,4,目标达成良好，团队协作佳
114,2024H2,88.6,S,4,符合岗位要求，表现稳定
115,2024H2,76.2,B,3,持续超出预期，业务结果突出
117,2024H2,47.6,D,2,成长速度快，可承担更大职责
120,2024H2,91.7,S,2,部分目标未达成，需改进
121,2024H2,71.7,B,7,持续超出预期，业务结果突出
122,2024H2,83.8,A,2,部分目标未达成，需改进
123,2024H2,73.6,B,3,符合岗位要求，表现稳定
124,2024H2,96.3,S,4,持续超出预期，业务结果突出
126,2024H2,36.8,D,6,部分目标未达成，需改进
128,2024H2,83.6,A,8,持续超出预期，业务结果突出
129,2024H2,67.9,B,9,部分目标未达成，需改进
132,2024H2,91.6,S,3,持续超出预期，业务结果突出
133,2024H2,75.3,B,6,明显低于预期，已沟通改进计划
134,2024H2,71.5,B,3,成长速度快，可承担更大职责
135,2024H2,74.5,B,6,符合岗位要求，表现稳定
137,2024H2,63.7,C,8,明显低于预期，已沟通改进计划
138,2024H2,76.0,B,10,部分目标未达成，需改进
139,2024H2,83.0,A,8,成长速度快，可承担更大职责
141,2024H2,81.2,A,8,明显低于预期，已沟通改进计划
142,2024H2,79.1,A,3,明显低于预期，已沟通改进计划
143,2024H2,67.3,B,9,持续超出预期，业务结果突出
144,2024H2,83.4,A,5,成长速度快，可承担更大职责
146,2024H2,59.9,C,2,明显低于预期，已沟通改进计划
147,2024H2,68.3,B,2,成长速度快，可承担更大职责
148,2024H2,83.6,A,2,明显低于预期，已沟通改进计划
149,2024H2,69.9,B,6,明显低于预期，已沟通改进计划
150,2024H2,95.3,S,4,明显低于预期，已沟通改进计划
151,2024H2,80.1,A,6,目标达成良好，团队协作佳
154,2024H2,84.1,A,6,明显低于预期，已沟通改进计划
156,2024H2,70.7,B,5,符合岗位要求，表现稳定
157,2024H2,83.8,A,3,符合岗位要求，表现稳定
158,2024H2,74.7,B,6,部分目标未达成，需改进
160,2024H2,39.8,D,7,部分目标未达成，需改进
161,2024H2,68.1,B,5,部分目标未达成，需改进
162,2024H2,83.2,A,2,持续超出预期，业务结果突出
164,2024H2,56.5,C,6,部分目标未达成，需改进
165,2024H2,82.9,A,8,部分目标未达成，需改进
166,2024H2,67.5,B,2,成长速度快，可承担更大职责
167,2024H2,67.0,B,3,成长速度快，可承担更大职责
168,2024H2,68.3,B,7,明显低于预期，已沟通改进计划
169,2024H2,74.3,B,6,目标达成良好，团队协作佳
171,2024H2,51.4,C,5,成长速度快，可承担更大职责
174,2024H2,52.6,C,6,持续超出预期，业务结果突出
176,2024H2,62.7,C,6,持续超出预期，业务结果突出
177,2024H2,91.0,S,8,持续超出预期，业务结果突出
178,2024H2,83.5,A,6,明显低于预期，已沟通改进计划
179,2024H2,72.4,B,9,符合岗位要求，表现稳定
180,2024H2,54.2,C,6,符合岗位要求，表现稳定
181,2024H2,83.8,A,5,持续超出预期，业务结果突出
182,2024H2,69.2,B,4,部分目标未达成，需改进
183,2024H2,94.1,S,2,目标达成良好，团队协作佳
184,2024H2,91.8,S,5,成长速度快，可承担更大职责
186,2024H2,48.8,D,6,持续超出预期，业务结果突出
188,2024H2,85.5,A,8,部分目标未达成，需改进
190,2024H2,82.9,A,2,明显低于预期，已沟通改进计划
191,2024H2,86.3,A,10,目标达成良好，团队协作佳
193,2024H2,78.7,A,8,持续超出预期，业务结果突出
195,2024H2,93.4,S,2,符合岗位要求，表现稳定
196,2024H2,34.3,D,5,目标达成良好，团队协作佳
197,2024H2,74.8,B,6,明显低于预期，已沟通改进计划
200,2024H2,71.1,B,9,持续超出预期，业务结果突出
201,2024H2,65.5,B,6,持续超出预期，业务结果突出
202,2024H2,96.7,S,10,明显低于预期，已沟通改进计划
203,2024H2,93.4,S,2,部分目标未达成，需改进
205,2024H2,70.6,B,2,符合岗位要求，表现稳定
206,2024H2,85.1,A,2,持续超出预期，业务结果突出
207,2024H2,83.3,A,9,成长速度快，可承担更大职责
208,2024H2,88.7,S,8,成长速度快，可承担更大职责
209,2024H2,65.1,B,3,部分目标未达成，需改进
210,2024H2,60.5,C,7,目标达成良好，团队协作佳
211,2024H2,57.2,C,5,符合岗位要求，表现稳定
212,2024H2,85.7,A,3,部分目标未达成，需改进
213,2024H2,53.6,C,7,部分目标未达成，需改进
214,2024H2,75.4,B,2,持续超出预期，业务结果突出
215,2024H2,62.3,C,6,目标达成良好，团队协作佳
216,2024H2,82.2,A,3,明显低于预期，已沟通改进计划
217,2024H2,80.6,A,5,目标达成良好，团队协作佳
218,2024H2,65.6,B,7,部分目标未达成，需改进
219,2024H2,68.6,B,6,持续超出预期，业务结果突出
220,2024H2,91.4,S,5,明显低于预期，已沟通改进计划
221,2024H2,86.9,A,3,成长速度快，可承担更大职责
224,2024H2,44.3,D,2,成长速度快，可承担更大职责
225,2024H2,79.3,A,8,成长速度快，可承担更大职责
226,2024H2,82.9,A,3,成长速度快，可承担更大职责
228,2024H2,38.6,D,3,成长速度快，可承担更大职责
230,2024H2,68.6,B,3,明显低于预期，已沟通改进计划
231,2024H2,71.1,B,4,部分目标未达成，需改进
232,2024H2,66.7,B,3,目标达成良好，团队协作佳
234,2024H2,76.3,B,2,目标达成良好，团队协作佳
236,2024H2,81.3,A,2,成长速度快，可承担更大职责
237,2024H2,60.4,C,6,符合岗位要求，表现稳定
239,2024H2,73.9,B,2,部分目标未达成，需改进
240,2024H2,60.8,C,4,目标达成良好，团队协作佳
242,2024H2,79.5,A,5,目标达成良好，团队协作佳
243,2024H2,69.6,B,4,成长速度快，可承担更大职责
245,2024H2,81.8,A,2,明显低于预期，已沟通改进计划
247,2024H2,54.9,C,2,符合岗位要求，表现稳定
248,2024H2,75.5,B,2,符合岗位要求，表现稳定
250,2024H2,78.6,A,7,明显低于预期，已沟通改进计划
252,2024H2,69.4,B,4,目标达成良好，团队协作佳
253,2024H2,82.1,A,3,目标达成良好，团队协作佳
255,2024H2,76.6,B,3,成长速度快，可承担更大职责
256,2024H2,71.7,B,3,持续超出预期，业务结果突出
257,2024H2,60.3,C,3,明显低于预期，已沟通改进计划
260,2024H2,67.8,B,2,持续超出预期，业务结果突出
261,2024H2,84.9,A,4,部分目标未达成，需改进
262,2024H2,93.4,S,3,成长速度快，可承担更大职责
263,2024H2,35.0,D,3,成长速度快，可承担更大职责
264,2024H2,84.1,A,6,目标达成良好，团队协作佳
265,2024H2,41.5,D,3,目标达成良好，团队协作佳
266,2024H2,75.2,B,10,持续超出预期，业务结果突出
267,2024H2,73.8,B,8,明显低于预期，已沟通改进计划
268,2024H2,68.6,B,8,成长速度快，可承担更大职责
269,2024H2,54.8,C,5,明显低于预期，已沟通改进计划
271,2024H2,71.3,B,3,持续超出预期，业务结果突出
272,2024H2,57.5,C,2,明显低于预期，已沟通改进计划
273,2024H2,93.3,S,6,成长速度快，可承担更大职责
275,2024H2,76.8,B,10,成长速度快，可承担更大职责
278,2024H2,67.9,B,9,部分目标未达成，需改进
279,2024H2,90.9,S,6,明显低于预期，已沟通改进计划
280,2024H2,68.1,B,8,目标达成良好，团队协作佳
281,2024H2,80.7,A,10,符合岗位要求，表现稳定
282,2024H2,94.9,S,8,明显低于预期，已沟通改进计划
283,2024H2,83.7,A,3,符合岗位要求，表现稳定
284,2024H2,51.4,C,2,符合岗位要求，表现稳定
285,2024H2,37.6,D,7,成长速度快，可承担更大职责
287,2024H2,85.1,A,6,目标达成良好，团队协作佳
288,2024H2,35.0,D,6,明显低于预期，已沟通改进计划
289,2024H2,73.3,B,6,目标达成良好，团队协作佳
291,2024H2,52.0,C,2,成长速度快，可承担更大职责
292,2024H2,81.9,A,6,明显低于预期，已沟通改进计划
293,2024H2,73.0,B,3,成长速度快，可承担更大职责
295,2024H2,68.4,B,3,成长速度快，可承担更大职责
297,2024H2,76.6,B,6,目标达成良好，团队协作佳
298,2024H2,83.7,A,6,明显低于预期，已沟通改进计划
299,2024H2,66.0,B,6,成长速度快，可承担更大职责
300,2024H2,65.5,B,2,部分目标未达成，需改进
302,2024H2,82.0,A,3,明显低于预期，已沟通改进计划
303,2024H2,93.0,S,3,部分目标未达成，需改进
305,2024H2,58.1,C,7,符合岗位要求，表现稳定
307,2024H2,51.0,C,6,部分目标未达成，需改进
308,2024H2,67.1,B,6,目标达成良好，团队协作佳
309,2024H2,79.4,A,3,持续超出预期，业务结果突出
310,2024H2,52.8,C,2,部分目标未达成，需改进
311,2024H2,80.9,A,2,符合岗位要求，表现稳定
312,2024H2,65.8,B,4,目标达成良好，团队协作佳
313,2024H2,73.1,B,7,符合岗位要求，表现稳定
315,2024H2,55.6,C,7,成长速度快，可承担更大职责
316,2024H2,93.7,S,2,部分目标未达成，需改进
317,2024H2,51.4,C,7,符合岗位要求，表现稳定
319,2024H2,53.1,C,7,明显低于预期，已沟通改进计划
320,2024H2,33.1,D,7,符合岗位要求，表现稳定
321,2024H2,68.2,B,7,成长速度快，可承担更大职责
323,2024H2,75.0,B,5,明显低于预期，已沟通改进计划
324,2024H2,74.9,B,10,持续超出预期，业务结果突出
325,2024H2,66.5,B,6,成长速度快，可承担更大职责
327,2024H2,82.7,A,6,符合岗位要求，表现稳定
328,2024H2,78.2,A,8,成长速度快，可承担更大职责
329,2024H2,59.3,C,5,符合岗位要求，表现稳定
330,2024H2,56.5,C,5,目标达成良好，团队协作佳
331,2024H2,81.0,A,8,目标达成良好，团队协作佳
332,2024H2,76.6,B,8,明显低于预期，已沟通改进计划
333,2024H2,84.1,A,5,符合岗位要求，表现稳定
334,2024H2,76.0,B,6,明显低于预期，已沟通改进计划
335,2024H2,69.6,B,6,持续超出预期，业务结果突出
338,2024H2,84.8,A,6,持续超出预期，业务结果突出
339,2024H2,90.3,S,7,成长速度快，可承担更大职责
341,2024H2,83.9,A,5,符合岗位要求，表现稳定
342,2024H2,74.9,B,5,部分目标未达成，需改进
343,2024H2,70.9,B,5,符合岗位要求，表现稳定
345,2024H2,91.5,S,2,部分目标未达成，需改进
346,2024H2,80.2,A,3,持续超出预期，业务结果突出
347,2024H2,66.8,B,2,持续超出预期，业务结果突出
348,2024H2,73.3,B,9,成长速度快，可承担更大职责
349,2024H2,74.7,B,5,目标达成良好，团队协作佳
350,2024H2,94.6,S,5,明显低于预期，已沟通改进计划
351,2024H2,73.1,B,5,部分目标未达成，需改进
352,2024H2,65.0,B,3,持续超出预期，业务结果突出
353,2024H2,65.7,B,3,明显低于预期，已沟通改进计划
354,2024H2,67.3,B,2,明显低于预期，已沟通改进计划
355,2024H2,84.1,A,7,成长速度快，可承担更大职责
356,2024H2,69.8,B,2,目标达成良好，团队协作佳
357,2024H2,65.4,B,2,明显低于预期，已沟通改进计划
358,2024H2,43.2,D,3,明显低于预期，已沟通改进计划
359,2024H2,61.8,C,6,目标达成良好，团队协作佳
360,2024H2,70.7,B,7,持续超出预期，业务结果突出
361,2024H2,33.9,D,7,成长速度快，可承担更大职责
362,2024H2,80.4,A,7,目标达成良好，团队协作佳
363,2024H2,39.4,D,3,明显低于预期，已沟通改进计划
364,2024H2,67.8,B,2,持续超出预期，业务结果突出
365,2024H2,65.1,B,2,部分目标未达成，需改进
366,2024H2,91.2,S,2,明显低于预期，已沟通改进计划
367,2024H2,79.0,A,2,成长速度快，可承担更大职责
368,2024H2,85.5,A,5,成长速度快，可承担更大职责
369,2024H2,86.8,A,5,明显低于预期，已沟通改进计划
370,2024H2,48.4,D,5,持续超出预期，业务结果突出
372,2024H2,52.9,C,8,持续超出预期，业务结果突出
373,2024H2,50.3,C,3,符合岗位要求，表现稳定
374,2024H2,45.0,D,3,部分目标未达成，需改进
376,2024H2,73.7,B,8,明显低于预期，已沟通改进计划
377,2024H2,95.3,S,2,明显低于预期，已沟通改进计划
378,2024H2,63.3,C,2,部分目标未达成，需改进
379,2024H2,82.3,A,2,目标达成良好，团队协作佳
380,2024H2,68.3,B,2,成长速度快，可承担更大职责
381,2024H2,58.2,C,2,成长速度快，可承担更大职责
384,2024H2,84.7,A,6,部分目标未达成，需改进
385,2024H2,84.3,A,6,符合岗位要求，表现稳定
386,2024H2,54.1,C,9,成长速度快，可承担更大职责
389,2024H2,58.4,C,5,明显低于预期，已沟通改进计划
391,2024H2,50.2,C,10,持续超出预期，业务结果突出
392,2024H2,95.4,S,2,符合岗位要求，表现稳定
394,2024H2,81.1,A,6,符合岗位要求，表现稳定
395,2024H2,83.9,A,6,目标达成良好，团队协作佳
398,2024H2,84.1,A,8,明显低于预期，已沟通改进计划
400,2024H2,67.3,B,3,部分目标未达成，需改进
401,2024H2,74.6,B,3,符合岗位要求，表现稳定
402,2024H2,89.0,S,2,目标达成良好，团队协作佳
403,2024H2,71.2,B,3,持续超出预期，业务结果突出
404,2024H2,68.6,B,2,明显低于预期，已沟通改进计划
406,2024H2,68.4,B,6,目标达成良好，团队协作佳
407,2024H2,57.3,C,6,部分目标未达成，需改进
410,2024H2,70.8,B,4,目标达成良好，团队协作佳
411,2024H2,79.8,A,3,明显低于预期，已沟通改进计划
412,2024H2,93.1,S,3,成长速度快，可承担更大职责
413,2024H2,58.9,C,2,目标达成良好，团队协作佳
414,2024H2,78.2,A,3,持续超出预期，业务结果突出
415,2024H2,86.1,A,6,符合岗位要求，表现稳定
416,2024H2,83.0,A,6,目标达成良好，团队协作佳
417,2024H2,65.2,B,6,部分目标未达成，需改进
419,2024H2,65.7,B,2,目标达成良好，团队协作佳
420,2024H2,89.6,S,5,成长速度快，可承担更大职责
422,2024H2,85.9,A,2,明显低于预期，已沟通改进计划
423,2024H2,66.2,B,2,部分目标未达成，需改进
424,2024H2,73.3,B,3,目标达成良好，团队协作佳
425,2024H2,31.6,D,2,明显低于预期，已沟通改进计划
426,2024H2,92.6,S,3,符合岗位要求，表现稳定
428,2024H2,44.8,D,3,成长速度快，可承担更大职责
429,2024H2,75.2,B,6,成长速度快，可承担更大职责
430,2024H2,84.6,A,3,持续超出预期，业务结果突出
431,2024H2,32.6,D,3,符合岗位要求，表现稳定
432,2024H2,66.9,B,2,明显低于预期，已沟通改进计划
433,2024H2,94.3,S,3,目标达成良好，团队协作佳
434,2024H2,94.7,S,3,目标达成良好，团队协作佳
435,2024H2,74.4,B,3,持续超出预期，业务结果突出
437,2024H2,72.3,B,6,持续超出预期，业务结果突出
439,2024H2,79.3,A,5,明显低于预期，已沟通改进计划
441,2024H2,74.5,B,5,持续超出预期，业务结果突出
442,2024H2,58.3,C,5,目标达成良好，团队协作佳
443,2024H2,74.3,B,9,明显低于预期，已沟通改进计划
445,2024H2,69.3,B,6,明显低于预期，已沟通改进计划
446,2024H2,69.2,B,2,成长速度快，可承担更大职责
447,2024H2,61.1,C,3,目标达成良好，团队协作佳
448,2024H2,72.1,B,5,目标达成良好，团队协作佳
449,2024H2,50.5,C,5,成长速度快，可承担更大职责
450,2024H2,55.8,C,8,目标达成良好，团队协作佳
451,2024H2,96.7,S,8,持续超出预期，业务结果突出
452,2024H2,78.2,A,2,持续超出预期，业务结果突出
453,2024H2,53.7,C,2,成长速度快，可承担更大职责
454,2024H2,59.8,C,2,明显低于预期，已沟通改进计划
456,2024H2,82.2,A,4,部分目标未达成，需改进
457,2024H2,69.5,B,4,持续超出预期，业务结果突出
458,2024H2,89.1,S,4,目标达成良好，团队协作佳
459,2024H2,71.4,B,3,部分目标未达成，需改进
460,2024H2,85.5,A,3,部分目标未达成，需改进
461,2024H2,71.6,B,2,符合岗位要求，表现稳定
462,2024H2,69.4,B,2,成长速度快，可承担更大职责
463,2024H2,78.0,A,2,明显低于预期，已沟通改进计划
464,2024H2,50.7,C,3,目标达成良好，团队协作佳
465,2024H2,55.2,C,8,持续超出预期，业务结果突出
466,2024H2,75.7,B,8,成长速度快，可承担更大职责
467,2024H2,30.7,D,2,部分目标未达成，需改进
468,2024H2,85.2,A,3,目标达成良好，团队协作佳
469,2024H2,56.6,C,8,持续超出预期，业务结果突出
470,2024H2,84.9,A,6,明显低于预期，已沟通改进计划
471,2024H2,79.7,A,3,目标达成良好，团队协作佳
472,2024H2,79.6,A,6,目标达成良好，团队协作佳
473,2024H2,84.2,A,2,持续超出预期，业务结果突出
474,2024H2,72.6,B,6,成长速度快，可承担更大职责
475,2024H2,78.8,A,6,目标达成良好，团队协作佳
476,2024H2,74.0,B,8,目标达成良好，团队协作佳
477,2024H2,67.8,B,3,符合岗位要求，表现稳定
479,2024H2,79.7,A,7,符合岗位要求，表现稳定
480,2024H2,34.3,D,7,部分目标未达成，需改进
481,2024H2,66.8,B,2,目标达成良好，团队协作佳
482,2024H2,72.0,B,9,目标达成良好，团队协作佳
483,2024H2,65.2,B,9,部分目标未达成，需改进
484,2024H2,80.5,A,9,明显低于预期，已沟通改进计划
486,2024H2,67.0,B,2,符合岗位要求，表现稳定
487,2024H2,81.9,A,2,目标达成良好，团队协作佳
488,2024H2,43.8,D,5,目标达成良好，团队协作佳
489,2024H2,65.5,B,10,符合岗位要求，表现稳定
490,2024H2,52.1,C,10,部分目标未达成，需改进
491,2024H2,76.8,B,10,明显低于预期，已沟通改进计划
492,2024H2,56.3,C,2,符合岗位要求，表现稳定
493,2024H2,81.6,A,3,目标达成良好，团队协作佳
494,2024H2,67.4,B,3,部分目标未达成，需改进
495,2024H2,50.7,C,9,目标达成良好，团队协作佳
496,2024H2,68.5,B,9,持续超出预期，业务结果突出
497,2024H2,68.5,B,6,符合岗位要求，表现稳定
498,2024H2,71.8,B,9,符合岗位要求，表现稳定
499,2024H2,67.9,B,6,部分目标未达成，需改进
500,2024H2,56.7,C,6,目标达成良好，团队协作佳
502,2024H2,50.9,C,3,明显低于预期，已沟通改进计划
503,2024H2,76.8,B,4,部分目标未达成，需改进
504,2024H2,79.4,A,4,持续超出预期，业务结果突出
505,2024H2,39.0,D,2,符合岗位要求，表现稳定
506,2024H2,71.9,B,3,成长速度快，可承担更大职责
507,2024H2,66.9,B,5,部分目标未达成，需改进
508,2024H2,70.7,B,5,持续超出预期，业务结果突出
509,2024H2,74.4,B,6,目标达成良好，团队协作佳
510,2024H2,53.1,C,6,持续超出预期，业务结果突出
511,2024H2,59.0,C,6,部分目标未达成，需改进
512,2024H2,66.9,B,2,明显低于预期，已沟通改进计划
513,2024H2,67.1,B,3,持续超出预期，业务结果突出
514,2024H2,68.8,B,6,符合岗位要求，表现稳定
515,2024H2,60.9,C,2,成长速度快，可承担更大职责
516,2024H2,71.1,B,3,部分目标未达成，需改进
517,2024H2,95.0,S,4,成长速度快，可承担更大职责
518,2024H2,40.5,D,4,目标达成良好，团队协作佳
519,2024H2,90.1,S,4,符合岗位要求，表现稳定
520,2024H2,81.4,A,8,目标达成良好，团队协作佳
521,2024H2,57.2,C,8,明显低于预期，已沟通改进计划
522,2024H2,68.4,B,6,目标达成良好，团队协作佳
523,2024H2,74.8,B,6,部分目标未达成，需改进
1,2025H1,50.7,C,,持续超出预期，业务结果突出
2,2025H1,56.6,C,1,成长速度快，可承担更大职责
3,2025H1,68.5,B,1,目标达成良好，团队协作佳
4,2025H1,75.6,B,1,明显低于预期，已沟通改进计划
5,2025H1,42.5,D,1,明显低于预期，已沟通改进计划
6,2025H1,53.9,C,1,符合岗位要求，表现稳定
7,2025H1,67.7,B,1,明显低于预期，已沟通改进计划
9,2025H1,72.6,B,1,部分目标未达成，需改进
10,2025H1,80.2,A,1,持续超出预期，业务结果突出
11,2025H1,59.9,C,2,部分目标未达成，需改进
12,2025H1,70.4,B,3,成长速度快，可承担更大职责
15,2025H1,67.8,B,3,目标达成良好，团队协作佳
16,2025H1,71.0,B,2,符合岗位要求，表现稳定
17,2025H1,70.7,B,4,符合岗位要求，表现稳定
19,2025H1,85.1,A,9,符合岗位要求，表现稳定
21,2025H1,90.8,S,5,持续超出预期，业务结果突出
23,2025H1,71.6,B,8,部分目标未达成，需改进
24,2025H1,61.1,C,4,持续超出预期，业务结果突出
27,2025H1,71.1,B,7,持续超出预期，业务结果突出
28,2025H1,50.6,C,3,部分目标未达成，需改进
29,2025H1,72.9,B,3,明显低于预期，已沟通改进计划
31,2025H1,33.4,D,10,符合岗位要求，表现稳定
35,2025H1,72.3,B,10,成长速度快，可承担更大职责
36,2025H1,83.5,A,8,目标达成良好，团队协作佳
38,2025H1,89.2,S,8,符合岗位要求，表现稳定
40,2025H1,41.4,D,6,符合岗位要求，表现稳定
41,2025H1,57.6,C,4,成长速度快，可承担更大职责
42,2025H1,78.4,A,6,明显低于预期，已沟通改进计划
44,2025H1,47.5,D,3,符合岗位要求，表现稳定
46,2025H1,72.4,B,6,目标达成良好，团队协作佳
47,2025H1,35.0,D,2,符合岗位要求，表现稳定
48,2025H1,46.3,D,2,部分目标未达成，需改进
49,2025H1,73.8,B,5,明显低于预期，已沟通改进计划
50,2025H1,66.8,B,8,明显低于预期，已沟通改进计划
53,2025H1,52.2,C,8,符合岗位要求，表现稳定
54,2025H1,57.3,C,7,持续超出预期，业务结果突出
56,2025H1,50.5,C,3,持续超出预期，业务结果突出
57,2025H1,70.3,B,5,符合岗位要求，表现稳定
58,2025H1,70.3,B,2,目标达成良好，团队协作佳
59,2025H1,72.5,B,9,明显低于预期，已沟通改进计划
63,2025H1,76.4,B,9,明显低于预期，已沟通改进计划
64,2025H1,72.8,B,6,目标达成良好，团队协作佳
65,2025H1,80.1,A,7,目标达成良好，团队协作佳
66,2025H1,81.9,A,3,部分目标未达成，需改进
67,2025H1,81.9,A,3,成长速度快，可承担更大职责
70,2025H1,70.8,B,5,成长速度快，可承担更大职责
73,2025H1,74.0,B,8,目标达成良好，团队协作佳
74,2025H1,59.1,C,2,符合岗位要求，表现稳定
75,2025H1,86.5,A,2,符合岗位要求，表现稳定
76,2025H1,43.6,D,3,成长速度快，可承担更大职责
79,2025H1,69.3,B,6,成长速度快，可承担更大职责
80,2025H1,37.6,D,2,目标达成良好，团队协作佳
85,2025H1,67.4,B,2,部分目标未达成，需改进
86,2025H1,68.7,B,4,符合岗位要求，表现稳定
87,2025H1,72.5,B,2,成长速度快，可承担更大职责
88,2025H1,75.5,B,3,持续超出预期，业务结果突出
91,2025H1,65.1,B,8,部分目标未达成，需改进
92,2025H1,79.5,A,3,成长速度快，可承担更大职责
93,2025H1,69.2,B,2,成长速度快，可承担更大职责
97,2025H1,60.6,C,6,持续超出预期，业务结果突出
98,2025H1,89.9,S,2,成长速度快，可承担更大职责
99,2025H1,73.7,B,6,明显低于预期，已沟通改进计划
100,2025H1,81.5,A,6,符合岗位要求，表现稳定
101,2025H1,68.1,B,3,持续超出预期，业务结果突出
102,2025H1,88.3,S,8,部分目标未达成，需改进
103,2025H1,73.3,B,2,部分目标未达成，需改进
104,2025H1,61.4,C,5,目标达成良好，团队协作佳
105,2025H1,50.1,C,6,符合岗位要求，表现稳定
108,2025H1,73.8,B,5,成长速度快，可承担更大职责
109,2025H1,60.9,C,3,符合岗位要求，表现稳定
110,2025H1,83.1,A,3,部分目标未达成，需改进
111,2025H1,65.6,B,2,成长速度快，可承担更大职责
112,2025H1,78.2,A,6,成长速度快，可承担更大职责
113,2025H1,74.8,B,4,目标达成良好，团队协作佳
114,2025H1,84.0,A,4,持续超出预期，业务结果突出
115,2025H1,72.9,B,3,符合岗位要求，表现稳定
117,2025H1,75.6,B,2,成长速度快，可承担更大职责
120,2025H1,71.3,B,2,符合岗位要求，表现稳定
121,2025H1,60.2,C,7,部分目标未达成，需改进
122,2025H1,68.8,B,2,持续超出预期，业务结果突出
123,2025H1,74.9,B,3,目标达成良好，团队协作佳
124,2025H1,75.4,B,4,部分目标未达成，需改进
128,2025H1,82.1,A,8,持续超出预期，业务结果突出
129,2025H1,58.8,C,9,明显低于预期，已沟通改进计划
132,2025H1,72.7,B,3,明显低于预期，已沟通改进计划
133,2025H1,71.1,B,6,成长速度快，可承担更大职责
134,2025H1,81.7,A,3,明显低于预期，已沟通改进计划
135,2025H1,86.6,A,6,成长速度快，可承担更大职责
137,2025H1,65.1,B,8,部分目标未达成，需改进
138,2025H1,83.2,A,10,部分目标未达成，需改进
139,2025H1,69.0,B,8,符合岗位要求，表现稳定
142,2025H1,66.5,B,3,明显低于预期，已沟通改进计划
143,2025H1,68.4,B,9,部分目标未达成，需改进
144,2025H1,85.2,A,5,持续超出预期，业务结果突出
146,2025H1,62.8,C,2,持续超出预期，业务结果突出
147,2025H1,72.5,B,2,目标达成良好，团队协作佳
149,2025H1,79.3,A,6,明显低于预期，已沟通改进计划
150,2025H1,80.7,A,4,部分目标未达成，需改进
151,2025H1,60.8,C,6,目标达成良好，团队协作佳
154,2025H1,39.5,D,6,目标达成良好，团队协作佳
156,2025H1,71.7,B,5,目标达成良好，团队协作佳
157,2025H1,74.0,B,3,符合岗位要求，表现稳定
158,2025H1,73.3,B,6,目标达成良好，团队协作佳
160,2025H1,80.7,A,7,成长速度快，可承担更大职责
161,2025H1,94.7,S,5,目标达成良好，团队协作佳
162,2025H1,90.3,S,2,部分目标未达成，需改进
164,2025H1,76.6,B,6,部分目标未达成，需改进
165,2025H1,80.2,A,8,成长速度快，可承担更大职责
166,2025H1,52.1,C,2,明显低于预期，已沟通改进计划
167,2025H1,68.6,B,3,目标达成良好，团队协作佳
168,2025H1,67.2,B,7,明显低于预期，已沟通改进计划
169,2025H1,61.6,C,6,目标达成良好，团队协作佳
171,2025H1,84.2,A,5,部分目标未达成，需改进
174,2025H1,75.9,B,6,持续超出预期，业务结果突出
176,2025H1,79.2,A,6,成长速度快，可承担更大职责
177,2025H1,82.4,A,8,持续超出预期，业务结果突出
178,2025H1,86.0,A,6,持续超出预期，业务结果突出
179,2025H1,50.9,C,9,持续超出预期，业务结果突出
180,2025H1,75.7,B,6,持续超出预期，业务结果突出
181,2025H1,79.2,A,5,成长速度快，可承担更大职责
182,2025H1,50.9,C,4,持续超出预期，业务结果突出
183,2025H1,79.0,A,2,明显低于预期，已沟通改进计划
184,2025H1,73.3,B,5,持续超出预期，业务结果突出
186,2025H1,85.3,A,6,明显低于预期，已沟通改进计划
188,2025H1,88.3,S,8,符合岗位要求，表现稳定
190,2025H1,67.2,B,2,符合岗位要求，表现稳定
191,2025H1,55.7,C,10,符合岗位要求，表现稳定
193,2025H1,65.7,B,8,部分目标未达成，需改进
195,2025H1,69.9,B,2,明显低于预期，已沟通改进计划
197,2025H1,67.8,B,6,符合岗位要求，表现稳定
200,2025H1,71.3,B,9,持续超出预期，业务结果突出
201,2025H1,73.6,B,6,部分目标未达成，需改进
202,2025H1,83.2,A,10,成长速度快，可承担更大职责
203,2025H1,70.7,B,2,符合岗位要求，表现稳定
205,2025H1,79.8,A,2,部分目标未达成，需改进
206,2025H1,75.9,B,2,符合岗位要求，表现稳定
207,2025H1,70.8,B,9,明显低于预期，已沟通改进计划
208,2025H1,53.2,C,8,目标达成良好，团队协作佳
209,2025H1,65.1,B,3,符合岗位要求，表现稳定
210,2025H1,76.8,B,7,部分目标未达成，需改进
211,2025H1,66.5,B,5,符合岗位要求，表现稳定
212,2025H1,55.8,C,3,成长速度快，可承担更大职责
213,2025H1,53.0,C,7,符合岗位要求，表现稳定
214,2025H1,70.7,B,2,部分目标未达成，需改进
215,2025H1,75.7,B,6,部分目标未达成，需改进
216,2025H1,93.5,S,3,成长速度快，可承担更大职责
217,2025H1,68.0,B,5,持续超出预期，业务结果突出
218,2025H1,76.7,B,7,部分目标未达成，需改进
220,2025H1,76.8,B,5,成长速度快，可承担更大职责
221,2025H1,68.8,B,3,持续超出预期，业务结果突出
224,2025H1,75.8,B,2,成长速度快，可承担更大职责
225,2025H1,66.7,B,8,持续超出预期，业务结果突出
226,2025H1,65.7,B,3,部分目标未达成，需改进
228,2025H1,67.7,B,3,成长速度快，可承担更大职责
230,2025H1,84.2,A,3,目标达成良好，团队协作佳
231,2025H1,95.4,S,4,符合岗位要求，表现稳定
232,2025H1,73.8,B,3,符合岗位要求，表现稳定
234,2025H1,91.1,S,2,部分目标未达成，需改进
236,2025H1,75.6,B,2,部分目标未达成，需改进
237,2025H1,91.8,S,6,持续超出预期，业务结果突出
239,2025H1,70.6,B,2,持续超出预期，业务结果突出
240,2025H1,71.1,B,4,目标达成良好，团队协作佳
242,2025H1,75.5,B,5,持续超出预期，业务结果突出
243,2025H1,61.3,C,4,持续超出预期，业务结果突出
245,2025H1,84.4,A,2,目标达成良好，团队协作佳
248,2025H1,81.6,A,2,持续超出预期，业务结果突出
250,2025H1,53.5,C,7,成长速度快，可承担更大职责
252,2025H1,86.3,A,4,目标达成良好，团队协作佳
253,2025H1,73.6,B,3,符合岗位要求，表现稳定
255,2025H1,73.3,B,3,持续超出预期，业务结果突出
256,2025H1,78.2,A,3,持续超出预期，业务结果突出
257,2025H1,65.8,B,3,持续超出预期，业务结果突出
261,2025H1,59.1,C,4,成长速度快，可承担更大职责
262,2025H1,73.6,B,3,明显低于预期，已沟通改进计划
263,2025H1,73.2,B,3,成长速度快，可承担更大职责
264,2025H1,36.0,D,6,部分目标未达成，需改进
265,2025H1,63.8,C,3,成长速度快，可承担更大职责
266,2025H1,68.8,B,10,目标达成良好，团队协作佳
267,2025H1,38.6,D,8,目标达成良好，团队协作佳
268,2025H1,43.5,D,8,符合岗位要求，表现稳定
269,2025H1,93.9,S,5,符合岗位要求，表现稳定
271,2025H1,51.4,C,3,持续超出预期，业务结果突出
272,2025H1,32.3,D,2,成长速度快，可承担更大职责
273,2025H1,59.7,C,6,部分目标未达成，需改进
275,2025H1,70.3,B,10,目标达成良好，团队协作佳
278,2025H1,55.5,C,9,符合岗位要求，表现稳定
279,2025H1,84.7,A,6,成长速度快，可承担更大职责
280,2025H1,50.5,C,8,符合岗位要求，表现稳定
281,2025H1,81.6,A,10,符合岗位要求，表现稳定
282,2025H1,85.7,A,8,符合岗位要求，表现稳定
283,2025H1,94.7,S,3,部分目标未达成，需改进
284,2025H1,49.0,D,2,符合岗位要求，表现稳定
285,2025H1,65.5,B,7,持续超出预期，业务结果突出
287,2025H1,76.3,B,6,符合岗位要求，表现稳定
288,2025H1,68.3,B,6,明显低于预期，已沟通改进计划
289,2025H1,53.4,C,6,成长速度快，可承担更大职责
291,2025H1,72.1,B,2,符合岗位要求，表现稳定
292,2025H1,68.8,B,6,部分目标未达成，需改进
293,2025H1,81.7,A,3,部分目标未达成，需改进
295,2025H1,78.4,A,3,明显低于预期，已沟通改进计划
297,2025H1,96.4,S,6,符合岗位要求，表现稳定
298,2025H1,79.9,A,6,部分目标未达成，需改进
299,2025H1,72.3,B,6,部分目标未达成，需改进
302,2025H1,79.1,A,3,成长速度快，可承担更大职责
303,2025H1,74.2,B,3,成长速度快，可承担更大职责
305,2025H1,76.6,B,7,持续超出预期，业务结果突出
307,2025H1,69.7,B,6,符合岗位要求，表现稳定
308,2025H1,76.8,B,6,持续超出预期，业务结果突出
309,2025H1,86.4,A,3,目标达成良好，团队协作佳
310,2025H1,65.6,B,2,成长速度快，可承担更大职责
311,2025H1,68.4,B,2,符合岗位要求，表现稳定
312,2025H1,69.8,B,4,目标达成良好，团队协作佳
313,2025H1,75.9,B,7,明显低于预期，已沟通改进计划
315,2025H1,70.8,B,7,成长速度快，可承担更大职责
316,2025H1,89.7,S,2,持续超出预期，业务结果突出
317,2025H1,58.6,C,7,明显低于预期，已沟通改进计划
319,2025H1,75.4,B,7,部分目标未达成，需改进
320,2025H1,83.1,A,7,明显低于预期，已沟通改进计划
321,2025H1,69.3,B,7,成长速度快，可承担更大职责
323,2025H1,65.2,B,5,符合岗位要求，表现稳定
325,2025H1,72.8,B,6,持续超出预期，业务结果突出
327,2025H1,70.8,B,6,符合岗位要求，表现稳定
328,2025H1,71.1,B,8,部分目标未达成，需改进
329,2025H1,59.9,C,5,持续超出预期，业务结果突出
331,2025H1,75.0,B,8,符合岗位要求，表现稳定
333,2025H1,59.0,C,5,持续超出预期，业务结果突出
334,2025H1,53.2,C,6,明显低于预期，已沟通改进计划
335,2025H1,70.7,B,6,部分目标未达成，需改进
338,2025H1,31.0,D,6,明显低于预期，已沟通改进计划
339,2025H1,61.7,C,7,持续超出预期，业务结果突出
341,2025H1,76.7,B,5,明显低于预期，已沟通改进计划
342,2025H1,86.0,A,5,成长速度快，可承担更大职责
343,2025H1,91.3,S,5,成长速度快，可承担更大职责
345,2025H1,81.8,A,2,符合岗位要求，表现稳定
346,2025H1,74.8,B,3,明显低于预期，已沟通改进计划
347,2025H1,65.5,B,2,目标达成良好，团队协作佳
348,2025H1,40.3,D,9,部分目标未达成，需改进
349,2025H1,91.5,S,5,符合岗位要求，表现稳定
350,2025H1,81.9,A,5,持续超出预期，业务结果突出
351,2025H1,34.2,D,5,符合岗位要求，表现稳定
352,2025H1,48.6,D,3,目标达成良好，团队协作佳
353,2025H1,70.6,B,3,成长速度快，可承担更大职责
354,2025H1,70.1,B,2,成长速度快，可承担更大职责
355,2025H1,70.1,B,7,持续超出预期，业务结果突出
356,2025H1,82.0,A,2,明显低于预期，已沟通改进计划
357,2025H1,85.5,A,2,持续超出预期，业务结果突出
358,2025H1,67.3,B,3,目标达成良好，团队协作佳
359,2025H1,84.0,A,6,部分目标未达成，需改进
360,2025H1,70.8,B,7,目标达成良好，团队协作佳
362,2025H1,75.7,B,7,持续超出预期，业务结果突出
363,2025H1,66.0,B,3,持续超出预期，业务结果突出
365,2025H1,79.8,A,2,成长速度快，可承担更大职责
366,2025H1,56.5,C,2,持续超出预期，业务结果突出
367,2025H1,74.9,B,2,部分目标未达成，需改进
368,2025H1,90.1,S,5,部分目标未达成，需改进
369,2025H1,32.1,D,5,成长速度快，可承担更大职责
370,2025H1,79.8,A,5,成长速度快，可承担更大职责
373,2025H1,35.7,D,3,部分目标未达成，需改进
374,2025H1,89.8,S,3,成长速度快，可承担更大职责
376,2025H1,92.8,S,8,目标达成良好，团队协作佳
377,2025H1,75.9,B,2,成长速度快，可承担更大职责
378,2025H1,66.0,B,2,成长速度快，可承担更大职责
379,2025H1,84.8,A,2,符合岗位要求，表现稳定
380,2025H1,84.8,A,2,符合岗位要求，表现稳定
381,2025H1,56.1,C,2,成长速度快，可承担更大职责
384,2025H1,54.6,C,6,持续超出预期，业务结果突出
385,2025H1,56.5,C,6,符合岗位要求，表现稳定
386,2025H1,54.0,C,9,目标达成良好，团队协作佳
389,2025H1,80.5,A,5,持续超出预期，业务结果突出
391,2025H1,41.1,D,10,成长速度快，可承担更大职责
392,2025H1,54.8,C,2,符合岗位要求，表现稳定
394,2025H1,82.0,A,6,目标达成良好，团队协作佳
395,2025H1,76.1,B,6,成长速度快，可承担更大职责
398,2025H1,85.8,A,8,持续超出预期，业务结果突出
400,2025H1,70.7,B,3,持续超出预期，业务结果突出
401,2025H1,69.9,B,3,明显低于预期，已沟通改进计划
402,2025H1,58.4,C,2,符合岗位要求，表现稳定
403,2025H1,81.7,A,3,明显低于预期，已沟通改进计划
406,2025H1,68.4,B,6,明显低于预期，已沟通改进计划
407,2025H1,76.8,B,6,部分目标未达成，需改进
410,2025H1,73.5,B,4,部分目标未达成，需改进
411,2025H1,85.5,A,3,持续超出预期，业务结果突出
412,2025H1,81.1,A,3,明显低于预期，已沟通改进计划
413,2025H1,67.2,B,2,部分目标未达成，需改进
414,2025H1,58.7,C,3,部分目标未达成，需改进
415,2025H1,81.9,A,6,部分目标未达成，需改进
417,2025H1,71.3,B,6,目标达成良好，团队协作佳
419,2025H1,91.4,S,2,目标达成良好，团队协作佳
420,2025H1,91.7,S,5,目标达成良好，团队协作佳
422,2025H1,52.2,C,2,成长速度快，可承担更大职责
423,2025H1,32.1,D,2,明显低于预期，已沟通改进计划
424,2025H1,56.0,C,3,成长速度快，可承担更大职责
426,2025H1,91.1,S,3,成长速度快，可承担更大职责
429,2025H1,74.0,B,6,符合岗位要求，表现稳定
430,2025H1,41.1,D,3,明显低于预期，已沟通改进计划
431,2025H1,75.4,B,3,目标达成良好，团队协作佳
432,2025H1,88.3,S,2,目标达成良好，团队协作佳
433,2025H1,45.0,D,3,持续超出预期，业务结果突出
434,2025H1,81.5,A,3,符合岗位要求，表现稳定
435,2025H1,95.5,S,3,符合岗位要求，表现稳定
437,2025H1,86.4,A,6,成长速度快，可承担更大职责
439,2025H1,53.3,C,5,部分目标未达成，需改进
441,2025H1,64.0,C,5,目标达成良好，团队协作佳
442,2025H1,82.8,A,5,明显低于预期，已沟通改进计划
443,2025H1,71.5,B,9,持续超出预期，业务结果突出
445,2025H1,95.5,S,6,目标达成良好，团队协作佳
447,2025H1,61.7,C,3,成长速度快，可承担更大职责
448,2025H1,71.6,B,5,目标达成良好，团队协作佳
449,2025H1,96.3,S,5,目标达成良好，团队协作佳
450,2025H1,74.7,B,8,目标达成良好，团队协作佳
452,2025H1,68.4,B,2,明显低于预期，已沟通改进计划
453,2025H1,75.1,B,2,成长速度快，可承担更大职责
456,2025H1,74.9,B,4,目标达成良好，团队协作佳
457,2025H1,61.6,C,4,部分目标未达成，需改进
458,2025H1,66.9,B,4,明显低于预期，已沟通改进计划
459,2025H1,59.0,C,3,部分目标未达成，需改进
460,2025H1,52.0,C,3,明显低于预期，已沟通改进计划
461,2025H1,82.5,A,2,部分目标未达成，需改进
462,2025H1,69.3,B,2,持续超出预期，业务结果突出
464,2025H1,83.8,A,3,目标达成良好，团队协作佳
466,2025H1,91.0,S,8,持续超出预期，业务结果突出
469,2025H1,85.3,A,8,明显低于预期，已沟通改进计划
470,2025H1,75.3,B,6,部分目标未达成，需改进
471,2025H1,74.1,B,3,目标达成良好，团队协作佳
472,2025H1,85.6,A,6,持续超出预期，业务结果突出
473,2025H1,75.6,B,2,部分目标未达成，需改进
474,2025H1,87.0,A,6,成长速度快，可承担更大职责
475,2025H1,46.1,D,6,符合岗位要求，表现稳定
476,2025H1,81.0,A,8,目标达成良好，团队协作佳
477,2025H1,65.7,B,3,成长速度快，可承担更大职责
479,2025H1,50.9,C,7,部分目标未达成，需改进
480,2025H1,76.0,B,7,目标达成良好，团队协作佳
481,2025H1,81.5,A,2,符合岗位要求，表现稳定
483,2025H1,38.0,D,9,目标达成良好，团队协作佳
484,2025H1,81.4,A,9,目标达成良好，团队协作佳
486,2025H1,69.7,B,2,持续超出预期，业务结果突出
487,2025H1,86.0,A,2,符合岗位要求，表现稳定
489,2025H1,72.5,B,10,成长速度快，可承担更大职责
490,2025H1,82.2,A,10,持续超出预期，业务结果突出
491,2025H1,50.5,C,10,部分目标未达成，需改进
492,2025H1,95.9,S,2,部分目标未达成，需改进
493,2025H1,75.4,B,3,部分目标未达成，需改进
494,2025H1,53.9,C,3,明显低于预期，已沟通改进计划
496,2025H1,71.1,B,9,持续超出预期，业务结果突出
497,2025H1,43.4,D,6,符合岗位要求，表现稳定
498,2025H1,73.8,B,9,持续超出预期，业务结果突出
499,2025H1,85.4,A,6,部分目标未达成，需改进
502,2025H1,51.6,C,3,符合岗位要求，表现稳定
503,2025H1,70.8,B,4,符合岗位要求，表现稳定
504,2025H1,85.2,A,4,成长速度快，可承担更大职责
507,2025H1,78.1,A,5,持续超出预期，业务结果突出
508,2025H1,56.6,C,5,持续超出预期，业务结果突出
509,2025H1,81.5,A,6,明显低于预期，已沟通改进计划
510,2025H1,81.2,A,6,目标达成良好，团队协作佳
511,2025H1,70.5,B,6,目标达成良好，团队协作佳
512,2025H1,76.1,B,2,明显低于预期，已沟通改进计划
513,2025H1,74.2,B,3,明显低于预期，已沟通改进计划
514,2025H1,69.4,B,6,符合岗位要求，表现稳定
515,2025H1,89.2,S,2,成长速度快，可承担更大职责
516,2025H1,80.4,A,3,明显低于预期，已沟通改进计划
517,2025H1,82.7,A,4,明显低于预期，已沟通改进计划
519,2025H1,73.7,B,4,成长速度快，可承担更大职责
522,2025H1,68.4,B,6,部分目标未达成，需改进
526,2025H1,84.6,A,5,明显低于预期，已沟通改进计划
527,2025H1,73.6,B,10,明显低于预期，已沟通改进计划
528,2025H1,89.8,S,10,部分目标未达成，需改进
529,2025H1,69.6,B,10,部分目标未达成，需改进
532,2025H1,81.3,A,3,成长速度快，可承担更大职责
533,2025H1,61.4,C,5,目标达成良好，团队协作佳
535,2025H1,70.4,B,3,部分目标未达成，需改进
536,2025H1,73.7,B,8,目标达成良好，团队协作佳
537,2025H1,62.4,C,8,持续超出预期，业务结果突出
538,2025H1,67.4,B,8,持续超出预期，业务结果突出
539,2025H1,71.5,B,2,明显低于预期，已沟通改进计划
540,2025H1,85.8,A,3,明显低于预期，已沟通改进计划
541,2025H1,50.7,C,2,持续超出预期，业务结果突出
542,2025H1,71.1,B,3,符合岗位要求，表现稳定
543,2025H1,69.0,B,3,目标达成良好，团队协作佳
544,2025H1,92.1,S,3,持续超出预期，业务结果突出
545,2025H1,61.0,C,2,目标达成良好，团队协作佳
546,2025H1,71.0,B,6,持续超出预期，业务结果突出
547,2025H1,84.2,A,3,符合岗位要求，表现稳定
548,2025H1,79.4,A,2,符合岗位要求，表现稳定
549,2025H1,65.1,B,3,持续超出预期，业务结果突出
550,2025H1,67.9,B,2,符合岗位要求，表现稳定
551,2025H1,69.4,B,7,成长速度快，可承担更大职责
552,2025H1,82.7,A,5,明显低于预期，已沟通改进计划
553,2025H1,65.7,B,5,明显低于预期，已沟通改进计划
554,2025H1,70.5,B,6,部分目标未达成，需改进
555,2025H1,71.8,B,6,部分目标未达成，需改进
556,2025H1,93.1,S,6,成长速度快，可承担更大职责
557,2025H1,86.3,A,5,持续超出预期，业务结果突出
558,2025H1,85.7,A,6,持续超出预期，业务结果突出
559,2025H1,67.9,B,6,部分目标未达成，需改进
560,2025H1,88.3,S,2,持续超出预期，业务结果突出
561,2025H1,81.7,A,2,符合岗位要求，表现稳定
562,2025H1,85.9,A,3,部分目标未达成，需改进
563,2025H1,54.0,C,2,目标达成良好，团队协作佳
564,2025H1,77.0,B,3,部分目标未达成，需改进
565,2025H1,83.9,A,2,成长速度快，可承担更大职责
566,2025H1,85.1,A,2,明显低于预期，已沟通改进计划
567,2025H1,52.9,C,4,部分目标未达成，需改进
568,2025H1,76.1,B,4,成长速度快，可承担更大职责
569,2025H1,57.0,C,4,明显低于预期，已沟通改进计划
570,2025H1,69.3,B,4,符合岗位要求，表现稳定
571,2025H1,93.9,S,9,符合岗位要求，表现稳定
572,2025H1,72.0,B,3,持续超出预期，业务结果突出
573,2025H1,73.1,B,2,部分目标未达成，需改进
574,2025H1,81.3,A,2,目标达成良好，团队协作佳
575,2025H1,61.0,C,2,明显低于预期，已沟通改进计划
576,2025H1,67.7,B,3,成长速度快，可承担更大职责
577,2025H1,62.9,C,6,符合岗位要求，表现稳定
578,2025H1,43.9,D,2,持续超出预期，业务结果突出
579,2025H1,69.7,B,5,部分目标未达成，需改进
580,2025H1,81.2,A,4,部分目标未达成，需改进
581,2025H1,89.7,S,7,部分目标未达成，需改进
582,2025H1,76.9,B,7,持续超出预期，业务结果突出
583,2025H1,37.0,D,7,符合岗位要求，表现稳定
584,2025H1,65.2,B,2,成长速度快，可承担更大职责
585,2025H1,38.4,D,3,符合岗位要求，表现稳定
586,2025H1,50.5,C,8,部分目标未达成，需改进
587,2025H1,84.3,A,8,目标达成良好，团队协作佳
588,2025H1,72.7,B,7,部分目标未达成，需改进
589,2025H1,67.9,B,10,明显低于预期，已沟通改进计划
590,2025H1,78.1,A,10,部分目标未达成，需改进
591,2025H1,73.4,B,10,成长速度快，可承担更大职责
1,2025H2,56.1,C,,目标达成良好，团队协作佳
2,2025H2,79.0,A,1,成长速度快，可承担更大职责
3,2025H2,52.2,C,1,成长速度快，可承担更大职责
4,2025H2,80.4,A,1,明显低于预期，已沟通改进计划
5,2025H2,74.5,B,1,明显低于预期，已沟通改进计划
6,2025H2,84.9,A,1,符合岗位要求，表现稳定
7,2025H2,75.7,B,1,部分目标未达成，需改进
9,2025H2,75.1,B,1,目标达成良好，团队协作佳
10,2025H2,89.1,S,1,部分目标未达成，需改进
11,2025H2,71.0,B,2,明显低于预期，已沟通改进计划
12,2025H2,85.0,A,3,符合岗位要求，表现稳定
15,2025H2,91.2,S,3,目标达成良好，团队协作佳
16,2025H2,72.1,B,2,目标达成良好，团队协作佳
17,2025H2,73.0,B,4,明显低于预期，已沟通改进计划
19,2025H2,80.0,A,9,持续超出预期，业务结果突出
21,2025H2,73.6,B,5,部分目标未达成，需改进
23,2025H2,63.6,C,8,部分目标未达成，需改进
24,2025H2,65.8,B,4,符合岗位要求，表现稳定
27,2025H2,68.0,B,7,明显低于预期，已沟通改进计划
28,2025H2,57.8,C,3,目标达成良好，团队协作佳
29,2025H2,71.3,B,3,部分目标未达成，需改进
31,2025H2,82.2,A,10,成长速度快，可承担更大职责
35,2025H2,74.8,B,10,目标达成良好，团队协作佳
36,2025H2,76.5,B,8,部分目标未达成，需改进
38,2025H2,67.6,B,8,明显低于预期，已沟通改进计划
40,2025H2,71.8,B,6,成长速度快，可承担更大职责
41,2025H2,66.8,B,4,目标达成良好，团队协作佳
42,2025H2,90.6,S,6,持续超出预期，业务结果突出
44,2025H2,65.8,B,3,目标达成良好，团队协作佳
46,2025H2,86.7,A,6,明显低于预期，已沟通改进计划
47,2025H2,89.7,S,2,明显低于预期，已沟通改进计划
49,2025H2,66.6,B,5,明显低于预期，已沟通改进计划
53,2025H2,81.7,A,8,目标达成良好，团队协作佳
54,2025H2,81.7,A,7,符合岗位要求，表现稳定
57,2025H2,69.7,B,5,成长速度快，可承担更大职责
58,2025H2,90.9,S,2,明显低于预期，已沟通改进计划
59,2025H2,78.3,A,9,目标达成良好，团队协作佳
63,2025H2,63.3,C,9,目标达成良好，团队协作佳
64,2025H2,85.0,A,6,成长速度快，可承担更大职责
65,2025H2,67.4,B,7,持续超出预期，业务结果突出
66,2025H2,69.9,B,3,目标达成良好，团队协作佳
67,2025H2,54.8,C,3,符合岗位要求，表现稳定
70,2025H2,60.2,C,5,符合岗位要求，表现稳定
73,2025H2,79.3,A,8,目标达成良好，团队协作佳
74,2025H2,59.0,C,2,成长速度快，可承担更大职责
75,2025H2,75.3,B,2,持续超出预期，业务结果突出
76,2025H2,74.5,B,3,目标达成良好，团队协作佳
79,2025H2,96.0,S,6,成长速度快，可承担更大职责
80,2025H2,76.5,B,2,持续超出预期，业务结果突出
85,2025H2,68.8,B,2,成长速度快，可承担更大职责
86,2025H2,66.8,B,4,持续超出预期，业务结果突出
87,2025H2,68.5,B,2,符合岗位要求，表现稳定
91,2025H2,72.3,B,8,目标达成良好，团队协作佳
92,2025H2,96.6,S,3,符合岗位要求，表现稳定
93,2025H2,96.6,S,2,目标达成良好，团队协作佳
97,2025H2,81.6,A,6,明显低于预期，已沟通改进计划
98,2025H2,70.4,B,2,明显低于预期，已沟通改进计划
99,2025H2,95.8,S,6,目标达成良好，团队协作佳
100,2025H2,89.1,S,6,明显低于预期，已沟通改进计划
101,2025H2,56.6,C,3,部分目标未达成，需改进
102,2025H2,85.9,A,8,成长速度快，可承担更大职责
103,2025H2,45.1,D,2,成长速度快，可承担更大职责
104,2025H2,69.8,B,5,符合岗位要求，表现稳定
105,2025H2,91.2,S,6,部分目标未达成，需改进
108,2025H2,86.0,A,5,持续超出预期，业务结果突出
109,2025H2,69.6,B,3,持续超出预期，业务结果突出
110,2025H2,68.4,B,3,成长速度快，可承担更大职责
111,2025H2,59.3,C,2,明显低于预期，已沟通改进计划
112,2025H2,54.8,C,6,部分目标未达成，需改进
113,2025H2,85.2,A,4,持续超出预期，业务结果突出
114,2025H2,82.0,A,4,明显低于预期，已沟通改进计划
117,2025H2,69.7,B,2,符合岗位要求，表现稳定
120,2025H2,81.6,A,2,明显低于预期，已沟通改进计划
121,2025H2,89.3,S,7,持续超出预期，业务结果突出
122,2025H2,91.0,S,2,目标达成良好，团队协作佳
123,2025H2,81.8,A,3,持续超出预期，业务结果突出
124,2025H2,74.9,B,4,部分目标未达成，需改进
128,2025H2,62.5,C,8,部分目标未达成，需改进
129,2025H2,71.8,B,9,符合岗位要求，表现稳定
132,2025H2,76.5,B,3,符合岗位要求，表现稳定
133,2025H2,71.8,B,6,成长速度快，可承担更大职责
134,2025H2,90.5,S,3,明显低于预期，已沟通改进计划
135,2025H2,67.6,B,6,明显低于预期，已沟通改进计划
137,2025H2,83.2,A,8,明显低于预期，已沟通改进计划
138,2025H2,84.1,A,10,明显低于预期，已沟通改进计划
139,2025H2,78.5,A,8,部分目标未达成，需改进
142,2025H2,70.4,B,3,持续超出预期，业务结果突出
143,2025H2,95.8,S,9,符合岗位要求，表现稳定
144,2025H2,56.5,C,5,部分目标未达成，需改进
146,2025H2,72.0,B,2,符合岗位要求，表现稳定
147,2025H2,85.4,A,2,成长速度快，可承担更大职责
149,2025H2,65.7,B,6,符合岗位要求，表现稳定
150,2025H2,78.5,A,4,成长速度快，可承担更大职责
151,2025H2,78.2,A,6,持续超出预期，业务结果突出
156,2025H2,65.4,B,5,持续超出预期，业务结果突出
157,2025H2,66.3,B,3,明显低于预期，已沟通改进计划
158,2025H2,75.8,B,6,目标达成良好，团队协作佳
160,2025H2,86.3,A,7,明显低于预期，已沟通改进计划
161,2025H2,30.5,D,5,目标达成良好，团队协作佳
162,2025H2,75.3,B,2,成长速度快，可承担更大职责
164,2025H2,74.3,B,6,目标达成良好，团队协作佳
165,2025H2,82.6,A,8,部分目标未达成，需改进
166,2025H2,35.4,D,2,明显低于预期，已沟通改进计划
167,2025H2,86.4,A,3,符合岗位要求，表现稳定
168,2025H2,70.3,B,7,目标达成良好，团队协作佳
169,2025H2,67.9,B,6,符合岗位要求，表现稳定
171,2025H2,81.8,A,5,部分目标未达成，需改进
174,2025H2,79.9,A,6,持续超出预期，业务结果突出
176,2025H2,65.4,B,6,目标达成良好，团队协作佳
177,2025H2,59.9,C,8,部分目标未达成，需改进
178,2025H2,78.8,A,6,明显低于预期，已沟通改进计划
179,2025H2,63.0,C,9,明显低于预期，已沟通改进计划
180,2025H2,90.9,S,6,符合岗位要求，表现稳定
181,2025H2,85.2,A,5,持续超出预期，业务结果突出
183,2025H2,65.2,B,2,符合岗位要求，表现稳定
184,2025H2,84.6,A,5,符合岗位要求，表现稳定
186,2025H2,43.2,D,6,目标达成良好，团队协作佳
188,2025H2,95.5,S,8,持续超出预期，业务结果突出
190,2025H2,72.6,B,2,符合岗位要求，表现稳定
191,2025H2,61.6,C,10,成长速度快，可承担更大职责
193,2025H2,95.6,S,8,持续超出预期，业务结果突出
195,2025H2,69.1,B,2,持续超出预期，业务结果突出
197,2025H2,76.4,B,6,成长速度快，可承担更大职责
200,2025H2,74.3,B,9,部分目标未达成，需改进
201,2025H2,67.0,B,6,成长速度快，可承担更大职责
202,2025H2,66.0,B,10,成长速度快，可承担更大职责
203,2025H2,88.2,S,2,持续超出预期，业务结果突出
205,2025H2,73.4,B,2,部分目标未达成，需改进
206,2025H2,58.2,C,2,部分目标未达成，需改进
207,2025H2,83.9,A,9,目标达成良好，团队协作佳
208,2025H2,73.8,B,8,成长速度快，可承担更大职责
209,2025H2,90.6,S,3,成长速度快，可承担更大职责
210,2025H2,93.4,S,7,明显低于预期，已沟通改进计划
211,2025H2,62.3,C,5,符合岗位要求，表现稳定
212,2025H2,75.8,B,3,持续超出预期，业务结果突出
213,2025H2,71.7,B,7,符合岗位要求，表现稳定
214,2025H2,70.3,B,2,成长速度快，可承担更大职责
216,2025H2,72.2,B,3,符合岗位要求，表现稳定
217,2025H2,81.0,A,5,目标达成良好，团队协作佳
218,2025H2,79.3,A,7,目标达成良好，团队协作佳
220,2025H2,83.4,A,5,明显低于预期，已沟通改进计划
221,2025H2,89.6,S,3,持续超出预期，业务结果突出
224,2025H2,51.8,C,2,成长速度快，可承担更大职责
225,2025H2,38.1,D,8,符合岗位要求，表现稳定
226,2025H2,83.9,A,3,目标达成良好，团队协作佳
228,2025H2,54.0,C,3,明显低于预期，已沟通改进计划
230,2025H2,83.9,A,3,目标达成良好，团队协作佳
231,2025H2,53.6,C,4,持续超出预期，业务结果突出
232,2025H2,58.8,C,3,明显低于预期，已沟通改进计划
234,2025H2,69.6,B,2,符合岗位要求，表现稳定
236,2025H2,73.1,B,2,成长速度快，可承担更大职责
237,2025H2,84.4,A,6,成长速度快，可承担更大职责
239,2025H2,85.3,A,2,成长速度快，可承担更大职责
240,2025H2,46.8,D,4,部分目标未达成，需改进
242,2025H2,92.9,S,5,符合岗位要求，表现稳定
243,2025H2,81.4,A,4,明显低于预期，已沟通改进计划
245,2025H2,66.9,B,2,明显低于预期，已沟通改进计划
248,2025H2,71.0,B,2,明显低于预期，已沟通改进计划
250,2025H2,75.1,B,7,符合岗位要求，表现稳定
252,2025H2,61.6,C,4,成长速度快，可承担更大职责
253,2025H2,89.2,S,3,成长速度快，可承担更大职责
255,2025H2,79.6,A,3,符合岗位要求，表现稳定
256,2025H2,80.8,A,3,符合岗位要求，表现稳定
257,2025H2,59.6,C,3,部分目标未达成，需改进
261,2025H2,70.6,B,4,目标达成良好，团队协作佳
262,2025H2,90.4,S,3,持续超出预期，业务结果突出
263,2025H2,71.3,B,3,成长速度快，可承担更大职责
264,2025H2,67.7,B,6,符合岗位要求，表现稳定
265,2025H2,66.2,B,3,明显低于预期，已沟通改进计划
266,2025H2,79.6,A,10,目标达成良好，团队协作佳
267,2025H2,84.1,A,8,目标达成良好，团队协作佳
268,2025H2,67.7,B,8,部分目标未达成，需改进
269,2025H2,66.0,B,5,持续超出预期，业务结果突出
271,2025H2,71.5,B,3,明显低于预期，已沟通改进计划
272,2025H2,65.1,B,2,符合岗位要求，表现稳定
273,2025H2,71.5,B,6,符合岗位要求，表现稳定
275,2025H2,79.0,A,10,部分目标未达成，需改进
278,2025H2,69.3,B,9,符合岗位要求，表现稳定
279,2025H2,59.6,C,6,明显低于预期，已沟通改进计划
280,2025H2,69.6,B,8,部分目标未达成，需改进
281,2025H2,73.9,B,10,目标达成良好，团队协作佳
282,2025H2,83.7,A,8,符合岗位要求，表现稳定
283,2025H2,70.4,B,3,持续超出预期，业务结果突出
284,2025H2,50.7,C,2,目标达成良好，团队协作佳
287,2025H2,68.5,B,6,部分目标未达成，需改进
288,2025H2,80.7,A,6,持续超出预期，业务结果突出
291,2025H2,84.7,A,2,目标达成良好，团队协作佳
292,2025H2,70.4,B,6,持续超出预期，业务结果突出
293,2025H2,72.9,B,3,明显低于预期，已沟通改进计划
295,2025H2,53.3,C,3,明显低于预期，已沟通改进计划
297,2025H2,71.2,B,6,符合岗位要求，表现稳定
298,2025H2,39.3,D,6,持续超出预期，业务结果突出
299,2025H2,74.9,B,6,部分目标未达成，需改进
302,2025H2,51.5,C,3,成长速度快，可承担更大职责
303,2025H2,86.0,A,3,目标达成良好，团队协作佳
305,2025H2,55.7,C,7,符合岗位要求，表现稳定
307,2025H2,86.2,A,6,成长速度快，可承担更大职责
308,2025H2,80.7,A,6,目标达成良好，团队协作佳
309,2025H2,92.8,S,3,符合岗位要求，表现稳定
310,2025H2,89.2,S,2,符合岗位要求，表现稳定
311,2025H2,82.5,A,2,目标达成良好，团队协作佳
312,2025H2,75.6,B,4,持续超出预期，业务结果突出
313,2025H2,69.3,B,7,部分目标未达成，需改进
315,2025H2,74.1,B,7,符合岗位要求，表现稳定
316,2025H2,66.2,B,2,部分目标未达成，需改进
317,2025H2,69.8,B,7,符合岗位要求，表现稳定
319,2025H2,63.6,C,7,持续超出预期，业务结果突出
320,2025H2,71.0,B,7,目标达成良好，团队协作佳
321,2025H2,39.3,D,7,目标达成良好，团队协作佳
323,2025H2,95.8,S,5,目标达成良好，团队协作佳
325,2025H2,70.5,B,6,符合岗位要求，表现稳定
327,2025H2,85.1,A,6,持续超出预期，业务结果突出
328,2025H2,66.9,B,8,部分目标未达成，需改进
331,2025H2,68.4,B,8,明显低于预期，已沟通改进计划
333,2025H2,61.4,C,5,部分目标未达成，需改进
334,2025H2,94.2,S,6,成长速度快，可承担更大职责
335,2025H2,83.3,A,6,符合岗位要求，表现稳定
338,2025H2,67.0,B,6,持续超出预期，业务结果突出
339,2025H2,63.5,C,7,目标达成良好，团队协作佳
341,2025H2,80.9,A,5,明显低于预期，已沟通改进计划
342,2025H2,81.4,A,5,符合岗位要求，表现稳定
343,2025H2,86.9,A,5,持续超出预期，业务结果突出
345,2025H2,65.6,B,2,目标达成良好，团队协作佳
346,2025H2,52.9,C,3,成长速度快，可承担更大职责
347,2025H2,69.9,B,2,符合岗位要求，表现稳定
348,2025H2,67.4,B,9,成长速度快，可承担更大职责
349,2025H2,66.1,B,5,持续超出预期，业务结果突出
350,2025H2,73.6,B,5,目标达成良好，团队协作佳
351,2025H2,82.0,A,5,持续超出预期，业务结果突出
353,2025H2,65.6,B,3,符合岗位要求，表现稳定
354,2025H2,78.1,A,2,持续超出预期，业务结果突出
355,2025H2,58.7,C,7,目标达成良好，团队协作佳
356,2025H2,81.6,A,2,符合岗位要求，表现稳定
357,2025H2,91.4,S,2,持续超出预期，业务结果突出
358,2025H2,78.4,A,3,符合岗位要求，表现稳定
359,2025H2,59.2,C,6,目标达成良好，团队协作佳
360,2025H2,73.5,B,7,明显低于预期，已沟通改进计划
362,2025H2,66.0,B,7,持续超出预期，业务结果突出
363,2025H2,47.1,D,3,成长速度快，可承担更大职责
365,2025H2,56.8,C,2,符合岗位要求，表现稳定
366,2025H2,84.9,A,2,持续超出预期，业务结果突出
367,2025H2,71.6,B,2,目标达成良好，团队协作佳
368,2025H2,89.7,S,5,目标达成良好，团队协作佳
369,2025H2,51.4,C,5,持续超出预期，业务结果突出
370,2025H2,71.1,B,5,部分目标未达成，需改进
373,2025H2,75.9,B,3,目标达成良好，团队协作佳
374,2025H2,76.2,B,3,部分目标未达成，需改进
377,2025H2,59.6,C,2,目标达成良好，团队协作佳
378,2025H2,70.9,B,2,明显低于预期，已沟通改进计划
379,2025H2,78.6,A,2,目标达成良好，团队协作佳
381,2025H2,52.7,C,2,部分目标未达成，需改进
384,2025H2,58.3,C,6,目标达成良好，团队协作佳
389,2025H2,72.8,B,5,符合岗位要求，表现稳定
392,2025H2,41.1,D,2,明显低于预期，已沟通改进计划
394,2025H2,68.4,B,6,成长速度快，可承担更大职责
395,2025H2,90.5,S,6,明显低于预期，已沟通改进计划
398,2025H2,81.9,A,8,部分目标未达成，需改进
400,2025H2,60.4,C,3,目标达成良好，团队协作佳
401,2025H2,60.8,C,3,部分目标未达成，需改进
403,2025H2,63.2,C,3,持续超出预期，业务结果突出
406,2025H2,93.5,S,6,符合岗位要求，表现稳定
407,2025H2,86.6,A,6,目标达成良好，团队协作佳
410,2025H2,56.9,C,4,成长速度快，可承担更大职责
411,2025H2,92.8,S,3,持续超出预期，业务结果突出
412,2025H2,74.5,B,3,明显低于预期，已沟通改进计划
413,2025H2,73.7,B,2,持续超出预期，业务结果突出
414,2025H2,76.0,B,3,明显低于预期，已沟通改进计划
415,2025H2,71.7,B,6,符合岗位要求，表现稳定
417,2025H2,89.3,S,6,持续超出预期，业务结果突出
419,2025H2,75.5,B,2,成长速度快，可承担更大职责
420,2025H2,81.8,A,5,符合岗位要求，表现稳定
422,2025H2,85.0,A,2,目标达成良好，团队协作佳
423,2025H2,85.6,A,2,成长速度快，可承担更大职责
426,2025H2,72.0,B,3,部分目标未达成，需改进
429,2025H2,72.0,B,6,部分目标未达成，需改进
430,2025H2,48.5,D,3,成长速度快，可承担更大职责
431,2025H2,91.6,S,3,成长速度快，可承担更大职责
432,2025H2,76.2,B,2,明显低于预期，已沟通改进计划
433,2025H2,65.2,B,3,成长速度快，可承担更大职责
434,2025H2,67.1,B,3,明显低于预期，已沟通改进计划
435,2025H2,74.2,B,3,目标达成良好，团队协作佳
437,2025H2,53.9,C,6,目标达成良好，团队协作佳
439,2025H2,66.0,B,5,成长速度快，可承担更大职责
443,2025H2,81.2,A,9,明显低于预期，已沟通改进计划
445,2025H2,82.6,A,6,成长速度快，可承担更大职责
447,2025H2,75.6,B,3,部分目标未达成，需改进
448,2025H2,42.9,D,5,目标达成良好，团队协作佳
449,2025H2,75.3,B,5,目标达成良好，团队协作佳
450,2025H2,78.8,A,8,成长速度快，可承担更大职责
453,2025H2,67.4,B,2,明显低于预期，已沟通改进计划
456,2025H2,86.2,A,4,符合岗位要求，表现稳定
457,2025H2,65.3,B,4,明显低于预期，已沟通改进计划
458,2025H2,33.7,D,4,目标达成良好，团队协作佳
459,2025H2,66.6,B,3,明显低于预期，已沟通改进计划
460,2025H2,48.5,D,3,持续超出预期，业务结果突出
461,2025H2,75.7,B,2,符合岗位要求，表现稳定
462,2025H2,43.1,D,2,部分目标未达成，需改进
464,2025H2,72.8,B,3,目标达成良好，团队协作佳
466,2025H2,89.1,S,8,明显低于预期，已沟通改进计划
469,2025H2,67.9,B,8,目标达成良好，团队协作佳
470,2025H2,80.8,A,6,成长速度快，可承担更大职责
471,2025H2,68.1,B,3,明显低于预期，已沟通改进计划
472,2025H2,71.4,B,6,部分目标未达成，需改进
473,2025H2,73.3,B,2,符合岗位要求，表现稳定
474,2025H2,82.3,A,6,持续超出预期，业务结果突出
476,2025H2,86.8,A,8,成长速度快，可承担更大职责
477,2025H2,48.2,D,3,持续超出预期，业务结果突出
479,2025H2,80.5,A,7,符合岗位要求，表现稳定
481,2025H2,70.0,B,2,符合岗位要求，表现稳定
483,2025H2,55.1,C,9,成长速度快，可承担更大职责
486,2025H2,65.6,B,2,明显低于预期，已沟通改进计划
487,2025H2,46.0,D,2,持续超出预期，业务结果突出
489,2025H2,39.8,D,10,符合岗位要求，表现稳定
490,2025H2,72.5,B,10,符合岗位要求，表现稳定
491,2025H2,81.0,A,10,目标达成良好，团队协作佳
492,2025H2,92.8,S,2,明显低于预期，已沟通改进计划
493,2025H2,73.1,B,3,目标达成良好，团队协作佳
494,2025H2,79.5,A,3,符合岗位要求，表现稳定
496,2025H2,67.5,B,9,部分目标未达成，需改进
497,2025H2,65.8,B,6,持续超出预期，业务结果突出
498,2025H2,88.3,S,9,明显低于预期，已沟通改进计划
499,2025H2,84.5,A,6,持续超出预期，业务结果突出
502,2025H2,71.5,B,3,符合岗位要求，表现稳定
503,2025H2,83.6,A,4,持续超出预期，业务结果突出
504,2025H2,70.7,B,4,成长速度快，可承担更大职责
507,2025H2,74.6,B,5,持续超出预期，业务结果突出
508,2025H2,49.0,D,5,符合岗位要求，表现稳定
509,2025H2,56.6,C,6,持续超出预期，业务结果突出
510,2025H2,75.6,B,6,部分目标未达成，需改进
511,2025H2,63.8,C,6,明显低于预期，已沟通改进计划
512,2025H2,86.4,A,2,目标达成良好，团队协作佳
513,2025H2,73.3,B,3,成长速度快，可承担更大职责
514,2025H2,70.9,B,6,部分目标未达成，需改进
515,2025H2,80.0,A,2,明显低于预期，已沟通改进计划
516,2025H2,85.7,A,3,持续超出预期，业务结果突出
517,2025H2,85.6,A,4,符合岗位要求，表现稳定
519,2025H2,81.4,A,4,成长速度快，可承担更大职责
522,2025H2,57.8,C,6,部分目标未达成，需改进
526,2025H2,71.4,B,5,符合岗位要求，表现稳定
527,2025H2,93.7,S,10,明显低于预期，已沟通改进计划
528,2025H2,31.0,D,10,持续超出预期，业务结果突出
529,2025H2,83.4,A,10,明显低于预期，已沟通改进计划
532,2025H2,82.4,A,3,部分目标未达成，需改进
533,2025H2,71.5,B,5,明显低于预期，已沟通改进计划
535,2025H2,82.1,A,3,目标达成良好，团队协作佳
536,2025H2,69.5,B,8,部分目标未达成，需改进
537,2025H2,66.7,B,8,持续超出预期，业务结果突出
538,2025H2,69.1,B,8,明显低于预期，已沟通改进计划
539,2025H2,71.8,B,2,符合岗位要求，表现稳定
541,2025H2,95.3,S,2,持续超出预期，业务结果突出
542,2025H2,66.1,B,3,目标达成良好，团队协作佳
543,2025H2,73.8,B,3,目标达成良好，团队协作佳
544,2025H2,70.9,B,3,持续超出预期，业务结果突出
545,2025H2,79.4,A,2,目标达成良好，团队协作佳
546,2025H2,70.1,B,6,目标达成良好，团队协作佳
547,2025H2,72.6,B,3,目标达成良好，团队协作佳
548,2025H2,82.9,A,2,明显低于预期，已沟通改进计划
549,2025H2,80.3,A,3,持续超出预期，业务结果突出
550,2025H2,82.2,A,2,符合岗位要求，表现稳定
551,2025H2,68.0,B,7,符合岗位要求，表现稳定
552,2025H2,66.3,B,5,明显低于预期，已沟通改进计划
553,2025H2,85.4,A,5,明显低于预期，已沟通改进计划
554,2025H2,82.9,A,6,符合岗位要求，表现稳定
555,2025H2,50.4,C,6,目标达成良好，团队协作佳
556,2025H2,47.5,D,6,成长速度快，可承担更大职责
557,2025H2,74.7,B,5,持续超出预期，业务结果突出
558,2025H2,73.9,B,6,部分目标未达成，需改进
559,2025H2,74.3,B,6,目标达成良好，团队协作佳
560,2025H2,75.4,B,2,目标达成良好，团队协作佳
561,2025H2,61.0,C,2,部分目标未达成，需改进
562,2025H2,70.9,B,3,部分目标未达成，需改进
563,2025H2,63.6,C,2,部分目标未达成，需改进
565,2025H2,33.3,D,2,目标达成良好，团队协作佳
566,2025H2,71.9,B,2,目标达成良好，团队协作佳
567,2025H2,93.7,S,4,部分目标未达成，需改进
568,2025H2,37.1,D,4,成长速度快，可承担更大职责
569,2025H2,74.6,B,4,部分目标未达成，需改进
572,2025H2,86.0,A,3,部分目标未达成，需改进
573,2025H2,86.0,A,2,明显低于预期，已沟通改进计划
574,2025H2,89.5,S,2,明显低于预期，已沟通改进计划
575,2025H2,93.0,S,2,持续超出预期，业务结果突出
576,2025H2,84.6,A,3,成长速度快，可承担更大职责
578,2025H2,78.2,A,2,符合岗位要求，表现稳定
579,2025H2,58.2,C,5,持续超出预期，业务结果突出
580,2025H2,72.8,B,4,明显低于预期，已沟通改进计划
581,2025H2,63.3,C,7,部分目标未达成，需改进
582,2025H2,50.7,C,7,目标达成良好，团队协作佳
583,2025H2,40.7,D,7,持续超出预期，业务结果突出
584,2025H2,71.6,B,2,目标达成良好，团队协作佳
585,2025H2,52.9,C,3,部分目标未达成，需改进
586,2025H2,84.0,A,8,目标达成良好，团队协作佳
589,2025H2,66.3,B,10,明显低于预期，已沟通改进计划
590,2025H2,73.4,B,10,明显低于预期，已沟通改进计划
591,2025H2,82.4,A,10,成长速度快，可承担更大职责
592,2025H2,69.6,B,3,持续超出预期，业务结果突出
593,2025H2,65.1,B,8,部分目标未达成，需改进
594,2025H2,75.6,B,2,成长速度快，可承担更大职责
595,2025H2,85.6,A,2,符合岗位要求，表现稳定
596,2025H2,66.1,B,2,符合岗位要求，表现稳定
597,2025H2,93.4,S,2,符合岗位要求，表现稳定
598,2025H2,51.7,C,2,目标达成良好，团队协作佳
599,2025H2,66.2,B,3,目标达成良好，团队协作佳
600,2025H2,81.0,A,2,目标达成良好，团队协作佳
601,2025H2,86.7,A,2,符合岗位要求，表现稳定
602,2025H2,76.4,B,3,部分目标未达成，需改进
603,2025H2,75.7,B,2,持续超出预期，业务结果突出
604,2025H2,65.9,B,3,明显低于预期，已沟通改进计划
605,2025H2,69.2,B,4,持续超出预期，业务结果突出
606,2025H2,83.2,A,4,持续超出预期，业务结果突出
607,2025H2,69.2,B,4,成长速度快，可承担更大职责
608,2025H2,68.6,B,3,部分目标未达成，需改进
609,2025H2,69.4,B,2,目标达成良好，团队协作佳
610,2025H2,81.8,A,2,明显低于预期，已沟通改进计划
611,2025H2,35.1,D,3,持续超出预期，业务结果突出
612,2025H2,56.0,C,6,持续超出预期，业务结果突出
614,2025H2,71.6,B,4,符合岗位要求，表现稳定
615,2025H2,68.2,B,8,部分目标未达成，需改进
616,2025H2,75.8,B,6,成长速度快，可承担更大职责
617,2025H2,71.7,B,6,符合岗位要求，表现稳定
618,2025H2,72.8,B,6,部分目标未达成，需改进
619,2025H2,84.3,A,3,符合岗位要求，表现稳定
620,2025H2,68.9,B,2,持续超出预期，业务结果突出
621,2025H2,83.9,A,8,部分目标未达成，需改进
622,2025H2,82.3,A,2,目标达成良好，团队协作佳
623,2025H2,76.9,B,2,明显低于预期，已沟通改进计划
624,2025H2,66.9,B,3,明显低于预期，已沟通改进计划
625,2025H2,90.7,S,2,明显低于预期，已沟通改进计划
626,2025H2,69.2,B,8,目标达成良好，团队协作佳
627,2025H2,60.8,C,8,目标达成良好，团队协作佳
628,2025H2,73.8,B,8,成长速度快，可承担更大职责
629,2025H2,75.2,B,6,符合岗位要求，表现稳定
630,2025H2,72.8,B,6,目标达成良好，团队协作佳
631,2025H2,65.5,B,3,目标达成良好，团队协作佳
632,2025H2,68.9,B,2,明显低于预期，已沟通改进计划
633,2025H2,59.9,C,3,成长速度快，可承担更大职责
634,2025H2,45.5,D,3,目标达成良好，团队协作佳
635,2025H2,36.8,D,9,目标达成良好，团队协作佳
636,2025H2,80.6,A,2,部分目标未达成，需改进
637,2025H2,71.4,B,3,成长速度快，可承担更大职责
638,2025H2,53.5,C,3,符合岗位要求，表现稳定
639,2025H2,91.6,S,3,部分目标未达成，需改进
640,2025H2,71.3,B,3,部分目标未达成，需改进
641,2025H2,56.4,C,2,部分目标未达成，需改进
642,2025H2,76.0,B,3,部分目标未达成，需改进
643,2025H2,71.5,B,9,部分目标未达成，需改进
644,2025H2,72.2,B,8,成长速度快，可承担更大职责
645,2025H2,66.3,B,8,目标达成良好，团队协作佳
646,2025H2,83.5,A,5,目标达成良好，团队协作佳
647,2025H2,85.0,A,5,目标达成良好，团队协作佳
648,2025H2,60.1,C,5,部分目标未达成，需改进
649,2025H2,62.8,C,2,目标达成良好，团队协作佳
650,2025H2,84.1,A,2,部分目标未达成，需改进
651,2025H2,79.4,A,3,目标达成良好，团队协作佳
652,2025H2,61.9,C,6,持续超出预期，业务结果突出
653,2025H2,73.1,B,4,部分目标未达成，需改进
654,2025H2,71.7,B,3,明显低于预期，已沟通改进计划
655,2025H2,71.8,B,3,符合岗位要求，表现稳定
656,2025H2,56.2,C,3,符合岗位要求，表现稳定
657,2025H2,73.4,B,3,部分目标未达成，需改进
658,2025H2,83.6,A,6,持续超出预期，业务结果突出
659,2025H2,67.1,B,6,持续超出预期，业务结果突出
660,2025H2,93.8,S,6,目标达成良好，团队协作佳
661,2025H2,76.9,B,5,明显低于预期，已沟通改进计划
662,2025H2,54.1,C,8,符合岗位要求，表现稳定
663,2025H2,88.0,S,2,明显低于预期，已沟通改进计划
664,2025H2,70.8,B,3,成长速度快，可承担更大职责
665,2025H2,71.3,B,3,目标达成良好，团队协作佳
666,2025H2,66.2,B,4,目标达成良好，团队协作佳
667,2025H2,82.0,A,8,成长速度快，可承担更大职责
668,2025H2,94.7,S,8,部分目标未达成，需改进
1,2026H1,91.9,S,,符合岗位要求，表现稳定
2,2026H1,80.7,A,1,目标达成良好，团队协作佳
3,2026H1,50.9,C,1,部分目标未达成，需改进
4,2026H1,69.7,B,1,持续超出预期，业务结果突出
5,2026H1,62.2,C,1,符合岗位要求，表现稳定
6,2026H1,81.9,A,1,部分目标未达成，需改进
7,2026H1,86.2,A,1,成长速度快，可承担更大职责
9,2026H1,72.8,B,1,符合岗位要求，表现稳定
10,2026H1,67.7,B,1,明显低于预期，已沟通改进计划
11,2026H1,67.7,B,2,部分目标未达成，需改进
12,2026H1,68.6,B,3,成长速度快，可承担更大职责
15,2026H1,91.7,S,3,持续超出预期，业务结果突出
16,2026H1,60.1,C,2,部分目标未达成，需改进
17,2026H1,70.8,B,4,目标达成良好，团队协作佳
19,2026H1,74.3,B,9,部分目标未达成，需改进
21,2026H1,76.0,B,5,持续超出预期，业务结果突出
23,2026H1,36.8,D,8,目标达成良好，团队协作佳
27,2026H1,85.3,A,7,成长速度快，可承担更大职责
28,2026H1,66.4,B,3,成长速度快，可承担更大职责
31,2026H1,93.1,S,10,持续超出预期，业务结果突出
35,2026H1,75.5,B,10,明显低于预期，已沟通改进计划
36,2026H1,54.0,C,8,持续超出预期，业务结果突出
38,2026H1,60.2,C,8,符合岗位要求，表现稳定
41,2026H1,83.0,A,4,部分目标未达成，需改进
42,2026H1,71.8,B,6,符合岗位要求，表现稳定
44,2026H1,94.9,S,3,成长速度快，可承担更大职责
46,2026H1,72.6,B,6,持续超出预期，业务结果突出
47,2026H1,68.8,B,2,部分目标未达成，需改进
49,2026H1,73.2,B,5,明显低于预期，已沟通改进计划
53,2026H1,86.0,A,8,目标达成良好，团队协作佳
54,2026H1,46.2,D,7,明显低于预期，已沟通改进计划
57,2026H1,81.6,A,5,明显低于预期，已沟通改进计划
58,2026H1,95.3,S,2,明显低于预期，已沟通改进计划
59,2026H1,76.1,B,9,目标达成良好，团队协作佳
63,2026H1,75.6,B,9,部分目标未达成，需改进
64,2026H1,84.1,A,6,明显低于预期，已沟通改进计划
65,2026H1,62.5,C,7,符合岗位要求，表现稳定
66,2026H1,79.3,A,3,明显低于预期，已沟通改进计划
67,2026H1,53.3,C,3,持续超出预期，业务结果突出
70,2026H1,73.6,B,5,目标达成良好，团队协作佳
73,2026H1,57.6,C,8,明显低于预期，已沟通改进计划
74,2026H1,57.1,C,2,明显低于预期，已沟通改进计划
75,2026H1,68.8,B,2,部分目标未达成，需改进
76,2026H1,67.4,B,3,成长速度快，可承担更大职责
79,2026H1,81.0,A,6,明显低于预期，已沟通改进计划
80,2026H1,42.3,D,2,部分目标未达成，需改进
85,2026H1,75.2,B,2,持续超出预期，业务结果突出
86,2026H1,79.2,A,4,符合岗位要求，表现稳定
87,2026H1,80.9,A,2,符合岗位要求，表现稳定
91,2026H1,83.4,A,8,目标达成良好，团队协作佳
92,2026H1,75.0,B,3,明显低于预期，已沟通改进计划
93,2026H1,61.2,C,2,成长速度快，可承担更大职责
97,2026H1,85.7,A,6,明显低于预期，已沟通改进计划
98,2026H1,55.6,C,2,成长速度快，可承担更大职责
99,2026H1,55.2,C,6,目标达成良好，团队协作佳
100,2026H1,83.0,A,6,符合岗位要求，表现稳定
101,2026H1,92.6,S,3,符合岗位要求，表现稳定
102,2026H1,72.0,B,8,部分目标未达成，需改进
103,2026H1,69.0,B,2,符合岗位要求，表现稳定
104,2026H1,52.7,C,5,成长速度快，可承担更大职责
105,2026H1,76.0,B,6,明显低于预期，已沟通改进计划
108,2026H1,80.9,A,5,符合岗位要求，表现稳定
109,2026H1,92.2,S,3,持续超出预期，业务结果突出
110,2026H1,70.5,B,3,符合岗位要求，表现稳定
112,2026H1,80.4,A,6,明显低于预期，已沟通改进计划
113,2026H1,92.3,S,4,明显低于预期，已沟通改进计划
114,2026H1,72.8,B,4,成长速度快，可承担更大职责
117,2026H1,45.5,D,2,目标达成良好，团队协作佳
120,2026H1,41.7,D,2,符合岗位要求，表现稳定
121,2026H1,35.4,D,7,部分目标未达成，需改进
122,2026H1,52.3,C,2,明显低于预期，已沟通改进计划
123,2026H1,72.2,B,3,持续超出预期，业务结果突出
124,2026H1,52.7,C,4,明显低于预期，已沟通改进计划
128,2026H1,88.4,S,8,成长速度快，可承担更大职责
129,2026H1,59.9,C,9,目标达成良好，团队协作佳
132,2026H1,80.8,A,3,符合岗位要求，表现稳定
133,2026H1,73.2,B,6,符合岗位要求，表现稳定
134,2026H1,67.5,B,3,成长速度快，可承担更大职责
135,2026H1,69.8,B,6,目标达成良好，团队协作佳
137,2026H1,32.3,D,8,明显低于预期，已沟通改进计划
138,2026H1,89.8,S,10,成长速度快，可承担更大职责
139,2026H1,75.3,B,8,明显低于预期，已沟通改进计划
142,2026H1,85.2,A,3,成长速度快，可承担更大职责
143,2026H1,37.6,D,9,明显低于预期，已沟通改进计划
144,2026H1,76.4,B,5,明显低于预期，已沟通改进计划
146,2026H1,34.6,D,2,持续超出预期，业务结果突出
147,2026H1,58.5,C,2,目标达成良好，团队协作佳
149,2026H1,62.9,C,6,成长速度快，可承担更大职责
150,2026H1,68.6,B,4,目标达成良好，团队协作佳
151,2026H1,70.7,B,6,成长速度快，可承担更大职责
156,2026H1,67.1,B,5,部分目标未达成，需改进
157,2026H1,75.8,B,3,目标达成良好，团队协作佳
160,2026H1,53.8,C,7,符合岗位要求，表现稳定
161,2026H1,80.3,A,5,符合岗位要求，表现稳定
162,2026H1,75.8,B,2,目标达成良好，团队协作佳
164,2026H1,41.6,D,6,部分目标未达成，需改进
165,2026H1,75.9,B,8,成长速度快，可承担更大职责
166,2026H1,53.5,C,2,持续超出预期，业务结果突出
167,2026H1,96.7,S,3,持续超出预期，业务结果突出
168,2026H1,75.6,B,7,成长速度快，可承担更大职责
169,2026H1,52.1,C,6,目标达成良好，团队协作佳
174,2026H1,76.1,B,6,部分目标未达成，需改进
176,2026H1,72.4,B,6,持续超出预期，业务结果突出
177,2026H1,76.4,B,8,成长速度快，可承担更大职责
178,2026H1,36.2,D,6,成长速度快，可承担更大职责
179,2026H1,68.9,B,9,明显低于预期，已沟通改进计划
181,2026H1,86.0,A,5,符合岗位要求，表现稳定
183,2026H1,81.4,A,2,成长速度快，可承担更大职责
184,2026H1,75.2,B,5,符合岗位要求，表现稳定
186,2026H1,78.0,A,6,明显低于预期，已沟通改进计划
188,2026H1,57.5,C,8,符合岗位要求，表现稳定
190,2026H1,65.3,B,2,符合岗位要求，表现稳定
191,2026H1,76.7,B,10,部分目标未达成，需改进
193,2026H1,76.8,B,8,持续超出预期，业务结果突出
195,2026H1,73.6,B,2,部分目标未达成，需改进
197,2026H1,71.6,B,6,符合岗位要求，表现稳定
200,2026H1,55.0,C,9,目标达成良好，团队协作佳
201,2026H1,52.5,C,6,持续超出预期，业务结果突出
202,2026H1,67.3,B,10,明显低于预期，已沟通改进计划
203,2026H1,54.3,C,2,部分目标未达成，需改进
206,2026H1,75.1,B,2,部分目标未达成，需改进
207,2026H1,72.8,B,9,明显低于预期，已沟通改进计划
208,2026H1,92.5,S,8,成长速度快，可承担更大职责
209,2026H1,68.4,B,3,符合岗位要求，表现稳定
210,2026H1,94.2,S,7,明显低于预期，已沟通改进计划
211,2026H1,88.5,S,5,成长速度快，可承担更大职责
213,2026H1,65.6,B,7,目标达成良好，团队协作佳
214,2026H1,68.9,B,2,明显低于预期，已沟通改进计划
216,2026H1,91.7,S,3,明显低于预期，已沟通改进计划
217,2026H1,76.2,B,5,部分目标未达成，需改进
218,2026H1,51.8,C,7,成长速度快，可承担更大职责
220,2026H1,72.8,B,5,成长速度快，可承担更大职责
221,2026H1,80.0,A,3,部分目标未达成，需改进
225,2026H1,67.9,B,8,明显低于预期，已沟通改进计划
226,2026H1,76.3,B,3,部分目标未达成，需改进
228,2026H1,66.0,B,3,部分目标未达成，需改进
230,2026H1,57.3,C,3,持续超出预期，业务结果突出
231,2026H1,84.7,A,4,目标达成良好，团队协作佳
234,2026H1,71.9,B,2,成长速度快，可承担更大职责
236,2026H1,79.4,A,2,成长速度快，可承担更大职责
237,2026H1,53.0,C,6,符合岗位要求，表现稳定
239,2026H1,82.1,A,2,符合岗位要求，表现稳定
240,2026H1,81.0,A,4,部分目标未达成，需改进
242,2026H1,69.5,B,5,目标达成良好，团队协作佳
243,2026H1,65.9,B,4,成长速度快，可承担更大职责
245,2026H1,84.6,A,2,部分目标未达成，需改进
248,2026H1,75.1,B,2,明显低于预期，已沟通改进计划
250,2026H1,76.4,B,7,部分目标未达成，需改进
252,2026H1,80.1,A,4,持续超出预期，业务结果突出
253,2026H1,54.0,C,3,符合岗位要求，表现稳定
255,2026H1,78.4,A,3,明显低于预期，已沟通改进计划
256,2026H1,55.8,C,3,明显低于预期，已沟通改进计划
257,2026H1,38.1,D,3,部分目标未达成，需改进
261,2026H1,55.5,C,4,成长速度快，可承担更大职责
262,2026H1,34.8,D,3,成长速度快，可承担更大职责
263,2026H1,58.3,C,3,部分目标未达成，需改进
264,2026H1,67.8,B,6,明显低于预期，已沟通改进计划
265,2026H1,78.0,A,3,目标达成良好，团队协作佳
266,2026H1,61.2,C,10,成长速度快，可承担更大职责
267,2026H1,81.0,A,8,部分目标未达成，需改进
268,2026H1,84.9,A,8,明显低于预期，已沟通改进计划
269,2026H1,68.6,B,5,明显低于预期，已沟通改进计划
271,2026H1,43.5,D,3,成长速度快，可承担更大职责
272,2026H1,84.9,A,2,部分目标未达成，需改进
273,2026H1,74.1,B,6,符合岗位要求，表现稳定
275,2026H1,72.8,B,10,部分目标未达成，需改进
278,2026H1,46.7,D,9,符合岗位要求，表现稳定
279,2026H1,73.8,B,6,持续超出预期，业务结果突出
280,2026H1,69.0,B,8,成长速度快，可承担更大职责
281,2026H1,72.7,B,10,符合岗位要求，表现稳定
282,2026H1,73.5,B,8,目标达成良好，团队协作佳
283,2026H1,83.0,A,3,目标达成良好，团队协作佳
284,2026H1,74.3,B,2,目标达成良好，团队协作佳
287,2026H1,91.2,S,6,明显低于预期，已沟通改进计划
288,2026H1,70.1,B,6,明显低于预期，已沟通改进计划
291,2026H1,65.4,B,2,符合岗位要求，表现稳定
292,2026H1,66.5,B,6,目标达成良好，团队协作佳
293,2026H1,86.1,A,3,持续超出预期，业务结果突出
295,2026H1,86.9,A,3,成长速度快，可承担更大职责
297,2026H1,88.5,S,6,目标达成良好，团队协作佳
298,2026H1,85.6,A,6,部分目标未达成，需改进
299,2026H1,73.2,B,6,符合岗位要求，表现稳定
302,2026H1,61.1,C,3,符合岗位要求，表现稳定
303,2026H1,45.3,D,3,部分目标未达成，需改进
305,2026H1,44.1,D,7,明显低于预期，已沟通改进计划
307,2026H1,65.2,B,6,持续超出预期，业务结果突出
308,2026H1,79.1,A,6,部分目标未达成，需改进
309,2026H1,67.8,B,3,成长速度快，可承担更大职责
310,2026H1,59.8,C,2,成长速度快，可承担更大职责
311,2026H1,66.4,B,2,目标达成良好，团队协作佳
312,2026H1,76.6,B,4,明显低于预期，已沟通改进计划
313,2026H1,94.4,S,7,目标达成良好，团队协作佳
315,2026H1,86.0,A,7,部分目标未达成，需改进
316,2026H1,75.3,B,2,持续超出预期，业务结果突出
317,2026H1,74.7,B,7,目标达成良好，团队协作佳
319,2026H1,73.6,B,7,明显低于预期，已沟通改进计划
320,2026H1,69.2,B,7,目标达成良好，团队协作佳
323,2026H1,68.9,B,5,符合岗位要求，表现稳定
325,2026H1,74.9,B,6,目标达成良好，团队协作佳
327,2026H1,82.7,A,6,成长速度快，可承担更大职责
328,2026H1,82.3,A,8,明显低于预期，已沟通改进计划
331,2026H1,33.8,D,8,明显低于预期，已沟通改进计划
333,2026H1,80.1,A,5,目标达成良好，团队协作佳
334,2026H1,79.3,A,6,符合岗位要求，表现稳定
335,2026H1,57.1,C,6,明显低于预期，已沟通改进计划
338,2026H1,45.1,D,6,持续超出预期，业务结果突出
339,2026H1,63.3,C,7,持续超出预期，业务结果突出
341,2026H1,67.5,B,5,部分目标未达成，需改进
342,2026H1,55.7,C,5,成长速度快，可承担更大职责
343,2026H1,72.5,B,5,符合岗位要求，表现稳定
345,2026H1,76.4,B,2,目标达成良好，团队协作佳
346,2026H1,43.3,D,3,持续超出预期，业务结果突出
347,2026H1,73.9,B,2,目标达成良好，团队协作佳
348,2026H1,76.1,B,9,明显低于预期，已沟通改进计划
349,2026H1,67.7,B,5,持续超出预期，业务结果突出
350,2026H1,95.1,S,5,成长速度快，可承担更大职责
351,2026H1,73.6,B,5,符合岗位要求，表现稳定
353,2026H1,48.2,D,3,成长速度快，可承担更大职责
354,2026H1,50.8,C,2,符合岗位要求，表现稳定
355,2026H1,52.9,C,7,成长速度快，可承担更大职责
356,2026H1,73.0,B,2,成长速度快，可承担更大职责
357,2026H1,76.8,B,2,持续超出预期，业务结果突出
358,2026H1,89.2,S,3,明显低于预期，已沟通改进计划
359,2026H1,94.0,S,6,部分目标未达成，需改进
360,2026H1,83.9,A,7,部分目标未达成，需改进
362,2026H1,81.3,A,7,符合岗位要求，表现稳定
363,2026H1,60.2,C,3,部分目标未达成，需改进
365,2026H1,52.4,C,2,持续超出预期，业务结果突出
366,2026H1,67.3,B,2,明显低于预期，已沟通改进计划
367,2026H1,72.1,B,2,部分目标未达成，需改进
368,2026H1,67.9,B,5,明显低于预期，已沟通改进计划
370,2026H1,93.8,S,5,明显低于预期，已沟通改进计划
373,2026H1,76.4,B,3,持续超出预期，业务结果突出
374,2026H1,75.3,B,3,目标达成良好，团队协作佳
377,2026H1,66.6,B,2,持续超出预期，业务结果突出
378,2026H1,80.1,A,2,成长速度快，可承担更大职责
379,2026H1,73.4,B,2,持续超出预期，业务结果突出
381,2026H1,69.7,B,2,部分目标未达成，需改进
384,2026H1,83.6,A,6,目标达成良好，团队协作佳
389,2026H1,72.8,B,5,目标达成良好，团队协作佳
394,2026H1,76.5,B,6,明显低于预期，已沟通改进计划
395,2026H1,95.2,S,6,符合岗位要求，表现稳定
398,2026H1,54.9,C,8,部分目标未达成，需改进
400,2026H1,74.3,B,3,持续超出预期，业务结果突出
401,2026H1,68.0,B,3,持续超出预期，业务结果突出
403,2026H1,71.2,B,3,成长速度快，可承担更大职责
406,2026H1,65.2,B,6,持续超出预期，业务结果突出
407,2026H1,85.9,A,6,部分目标未达成，需改进
411,2026H1,58.1,C,3,持续超出预期，业务结果突出
412,2026H1,72.0,B,3,成长速度快，可承担更大职责
413,2026H1,89.4,S,2,部分目标未达成，需改进
414,2026H1,57.6,C,3,持续超出预期，业务结果突出
415,2026H1,60.3,C,6,成长速度快，可承担更大职责
417,2026H1,69.3,B,6,目标达成良好，团队协作佳
419,2026H1,85.0,A,2,符合岗位要求，表现稳定
420,2026H1,65.4,B,5,明显低于预期，已沟通改进计划
422,2026H1,63.9,C,2,符合岗位要求，表现稳定
423,2026H1,69.5,B,2,符合岗位要求，表现稳定
426,2026H1,60.7,C,3,持续超出预期，业务结果突出
429,2026H1,83.6,A,6,明显低于预期，已沟通改进计划
430,2026H1,66.7,B,3,符合岗位要求，表现稳定
431,2026H1,72.0,B,3,明显低于预期，已沟通改进计划
432,2026H1,67.1,B,2,明显低于预期，已沟通改进计划
433,2026H1,66.1,B,3,成长速度快，可承担更大职责
434,2026H1,66.6,B,3,成长速度快，可承担更大职责
435,2026H1,68.6,B,3,目标达成良好，团队协作佳
437,2026H1,71.6,B,6,明显低于预期，已沟通改进计划
443,2026H1,69.3,B,9,目标达成良好，团队协作佳
445,2026H1,67.9,B,6,成长速度快，可承担更大职责
447,2026H1,54.4,C,3,明显低于预期，已沟通改进计划
448,2026H1,79.2,A,5,成长速度快，可承担更大职责
449,2026H1,71.6,B,5,部分目标未达成，需改进
450,2026H1,73.3,B,8,持续超出预期，业务结果突出
453,2026H1,55.7,C,2,部分目标未达成，需改进
456,2026H1,84.9,A,4,明显低于预期，已沟通改进计划
457,2026H1,69.0,B,4,持续超出预期，业务结果突出
458,2026H1,67.4,B,4,部分目标未达成，需改进
459,2026H1,75.3,B,3,部分目标未达成，需改进
460,2026H1,73.6,B,3,明显低于预期，已沟通改进计划
461,2026H1,32.6,D,2,成长速度快，可承担更大职责
462,2026H1,65.2,B,2,目标达成良好，团队协作佳
464,2026H1,94.1,S,3,目标达成良好，团队协作佳
466,2026H1,96.8,S,8,目标达成良好，团队协作佳
469,2026H1,74.5,B,8,符合岗位要求，表现稳定
470,2026H1,65.5,B,6,持续超出预期，业务结果突出
471,2026H1,74.4,B,3,目标达成良好，团队协作佳
472,2026H1,85.4,A,6,成长速度快，可承担更大职责
473,2026H1,72.8,B,2,符合岗位要求，表现稳定
474,2026H1,92.3,S,6,符合岗位要求，表现稳定
476,2026H1,80.5,A,8,明显低于预期，已沟通改进计划
477,2026H1,71.6,B,3,持续超出预期，业务结果突出
479,2026H1,72.6,B,7,成长速度快，可承担更大职责
481,2026H1,30.9,D,2,明显低于预期，已沟通改进计划
483,2026H1,71.6,B,9,成长速度快，可承担更大职责
486,2026H1,69.6,B,2,成长速度快，可承担更大职责
487,2026H1,71.7,B,2,符合岗位要求，表现稳定
489,2026H1,80.7,A,10,明显低于预期，已沟通改进计划
490,2026H1,63.8,C,10,明显低于预期，已沟通改进计划
491,2026H1,58.3,C,10,明显低于预期，已沟通改进计划
492,2026H1,73.1,B,2,目标达成良好，团队协作佳
493,2026H1,80.7,A,3,持续超出预期，业务结果突出
494,2026H1,90.4,S,3,目标达成良好，团队协作佳
496,2026H1,75.0,B,9,部分目标未达成，需改进
497,2026H1,86.5,A,6,明显低于预期，已沟通改进计划
498,2026H1,70.5,B,9,明显低于预期，已沟通改进计划
499,2026H1,57.7,C,6,目标达成良好，团队协作佳
502,2026H1,81.3,A,3,明显低于预期，已沟通改进计划
503,2026H1,91.6,S,4,部分目标未达成，需改进
504,2026H1,93.0,S,4,持续超出预期，业务结果突出
507,2026H1,53.9,C,5,目标达成良好，团队协作佳
508,2026H1,84.3,A,5,持续超出预期，业务结果突出
509,2026H1,73.2,B,6,部分目标未达成，需改进
510,2026H1,86.1,A,6,符合岗位要求，表现稳定
512,2026H1,74.8,B,2,部分目标未达成，需改进
513,2026H1,40.9,D,3,持续超出预期，业务结果突出
514,2026H1,81.0,A,6,持续超出预期，业务结果突出
515,2026H1,30.3,D,2,目标达成良好，团队协作佳
516,2026H1,58.0,C,3,明显低于预期，已沟通改进计划
517,2026H1,59.3,C,4,明显低于预期，已沟通改进计划
519,2026H1,55.1,C,4,目标达成良好，团队协作佳
522,2026H1,86.9,A,6,符合岗位要求，表现稳定
526,2026H1,70.7,B,5,符合岗位要求，表现稳定
527,2026H1,79.6,A,10,明显低于预期，已沟通改进计划
528,2026H1,89.8,S,10,符合岗位要求，表现稳定
529,2026H1,66.0,B,10,持续超出预期，业务结果突出
532,2026H1,57.5,C,3,部分目标未达成，需改进
533,2026H1,75.8,B,5,符合岗位要求，表现稳定
535,2026H1,76.2,B,3,部分目标未达成，需改进
536,2026H1,84.2,A,8,目标达成良好，团队协作佳
537,2026H1,81.5,A,8,持续超出预期，业务结果突出
538,2026H1,92.2,S,8,持续超出预期，业务结果突出
541,2026H1,84.2,A,2,符合岗位要求，表现稳定
542,2026H1,74.0,B,3,符合岗位要求，表现稳定
543,2026H1,66.3,B,3,成长速度快，可承担更大职责
544,2026H1,42.8,D,3,持续超出预期，业务结果突出
546,2026H1,93.4,S,6,持续超出预期，业务结果突出
547,2026H1,75.5,B,3,目标达成良好，团队协作佳
548,2026H1,70.3,B,2,成长速度快，可承担更大职责
549,2026H1,71.1,B,3,部分目标未达成，需改进
550,2026H1,72.9,B,2,部分目标未达成，需改进
551,2026H1,83.4,A,7,明显低于预期，已沟通改进计划
552,2026H1,66.7,B,5,成长速度快，可承担更大职责
553,2026H1,76.7,B,5,明显低于预期，已沟通改进计划
554,2026H1,82.4,A,6,部分目标未达成，需改进
556,2026H1,89.5,S,6,部分目标未达成，需改进
557,2026H1,89.8,S,5,明显低于预期，已沟通改进计划
558,2026H1,70.7,B,6,成长速度快，可承担更大职责
559,2026H1,67.2,B,6,目标达成良好，团队协作佳
560,2026H1,75.4,B,2,部分目标未达成，需改进
561,2026H1,75.7,B,2,部分目标未达成，需改进
562,2026H1,82.1,A,3,目标达成良好，团队协作佳
563,2026H1,76.4,B,2,目标达成良好，团队协作佳
565,2026H1,75.5,B,2,符合岗位要求，表现稳定
566,2026H1,47.3,D,2,目标达成良好，团队协作佳
567,2026H1,68.3,B,4,持续超出预期，业务结果突出
569,2026H1,65.8,B,4,明显低于预期，已沟通改进计划
573,2026H1,51.4,C,2,明显低于预期，已沟通改进计划
574,2026H1,70.0,B,2,成长速度快，可承担更大职责
575,2026H1,57.5,C,2,明显低于预期，已沟通改进计划
576,2026H1,66.4,B,3,符合岗位要求，表现稳定
578,2026H1,67.3,B,2,持续超出预期，业务结果突出
580,2026H1,67.8,B,4,成长速度快，可承担更大职责
581,2026H1,67.0,B,7,持续超出预期，业务结果突出
582,2026H1,70.0,B,7,明显低于预期，已沟通改进计划
583,2026H1,71.3,B,7,明显低于预期，已沟通改进计划
584,2026H1,57.1,C,2,目标达成良好，团队协作佳
585,2026H1,56.9,C,3,成长速度快，可承担更大职责
586,2026H1,45.0,D,8,成长速度快，可承担更大职责
590,2026H1,74.3,B,10,成长速度快，可承担更大职责
591,2026H1,80.7,A,10,明显低于预期，已沟通改进计划
592,2026H1,75.7,B,3,目标达成良好，团队协作佳
593,2026H1,70.7,B,8,持续超出预期，业务结果突出
595,2026H1,73.4,B,2,持续超出预期，业务结果突出
596,2026H1,65.4,B,2,持续超出预期，业务结果突出
597,2026H1,88.7,S,2,符合岗位要求，表现稳定
598,2026H1,74.7,B,2,目标达成良好，团队协作佳
599,2026H1,70.0,B,3,目标达成良好，团队协作佳
600,2026H1,89.1,S,2,成长速度快，可承担更大职责
601,2026H1,66.3,B,2,目标达成良好，团队协作佳
602,2026H1,93.9,S,3,符合岗位要求，表现稳定
603,2026H1,65.6,B,2,持续超出预期，业务结果突出
604,2026H1,96.6,S,3,明显低于预期，已沟通改进计划
605,2026H1,73.1,B,4,明显低于预期，已沟通改进计划
606,2026H1,72.2,B,4,目标达成良好，团队协作佳
607,2026H1,65.0,B,4,明显低于预期，已沟通改进计划
608,2026H1,76.2,B,3,成长速度快，可承担更大职责
609,2026H1,84.6,A,2,持续超出预期，业务结果突出
610,2026H1,88.0,S,2,符合岗位要求，表现稳定
611,2026H1,65.7,B,3,明显低于预期，已沟通改进计划
614,2026H1,81.7,A,4,部分目标未达成，需改进
617,2026H1,61.7,C,6,目标达成良好，团队协作佳
619,2026H1,66.5,B,3,部分目标未达成，需改进
620,2026H1,83.6,A,2,成长速度快，可承担更大职责
621,2026H1,72.5,B,8,符合岗位要求，表现稳定
622,2026H1,84.4,A,2,目标达成良好，团队协作佳
623,2026H1,50.5,C,2,明显低于预期，已沟通改进计划
624,2026H1,83.7,A,3,目标达成良好，团队协作佳
625,2026H1,65.7,B,2,目标达成良好，团队协作佳
626,2026H1,73.5,B,8,明显低于预期，已沟通改进计划
627,2026H1,93.1,S,8,部分目标未达成，需改进
628,2026H1,79.9,A,8,持续超出预期，业务结果突出
630,2026H1,88.2,S,6,明显低于预期，已沟通改进计划
631,2026H1,69.8,B,3,持续超出预期，业务结果突出
632,2026H1,76.9,B,2,成长速度快，可承担更大职责
633,2026H1,82.9,A,3,符合岗位要求，表现稳定
634,2026H1,74.5,B,3,成长速度快，可承担更大职责
635,2026H1,72.1,B,9,成长速度快，可承担更大职责
636,2026H1,36.1,D,2,目标达成良好，团队协作佳
637,2026H1,74.6,B,3,目标达成良好，团队协作佳
638,2026H1,61.5,C,3,成长速度快，可承担更大职责
639,2026H1,66.3,B,3,持续超出预期，业务结果突出
640,2026H1,85.7,A,3,成长速度快，可承担更大职责
641,2026H1,74.1,B,2,目标达成良好，团队协作佳
642,2026H1,70.1,B,3,成长速度快，可承担更大职责
643,2026H1,71.5,B,9,持续超出预期，业务结果突出
646,2026H1,90.0,S,5,明显低于预期，已沟通改进计划
647,2026H1,81.6,A,5,目标达成良好，团队协作佳
648,2026H1,74.2,B,5,部分目标未达成，需改进
649,2026H1,90.9,S,2,明显低于预期，已沟通改进计划
650,2026H1,54.1,C,2,明显低于预期，已沟通改进计划
651,2026H1,85.0,A,3,目标达成良好，团队协作佳
653,2026H1,68.1,B,4,明显低于预期，已沟通改进计划
654,2026H1,65.1,B,3,部分目标未达成，需改进
655,2026H1,53.2,C,3,成长速度快，可承担更大职责
656,2026H1,52.8,C,3,成长速度快，可承担更大职责
657,2026H1,68.9,B,3,持续超出预期，业务结果突出
658,2026H1,38.7,D,6,部分目标未达成，需改进
660,2026H1,47.1,D,6,成长速度快，可承担更大职责
661,2026H1,73.0,B,5,成长速度快，可承担更大职责
662,2026H1,69.9,B,8,成长速度快，可承担更大职责
663,2026H1,55.4,C,2,部分目标未达成，需改进
664,2026H1,60.5,C,3,部分目标未达成，需改进
665,2026H1,62.1,C,3,部分目标未达成，需改进
666,2026H1,74.4,B,4,符合岗位要求，表现稳定
667,2026H1,57.2,C,8,目标达成良好，团队协作佳
668,2026H1,66.6,B,8,符合岗位要求，表现稳定
669,2026H1,95.5,S,8,目标达成良好，团队协作佳
670,2026H1,66.2,B,2,持续超出预期，业务结果突出
671,2026H1,60.8,C,3,目标达成良好，团队协作佳
672,2026H1,82.2,A,3,目标达成良好，团队协作佳
673,2026H1,63.4,C,2,明显低于预期，已沟通改进计划
674,2026H1,75.4,B,2,持续超出预期，业务结果突出
675,2026H1,67.0,B,2,符合岗位要求，表现稳定
677,2026H1,84.0,A,5,成长速度快，可承担更大职责
679,2026H1,76.6,B,6,成长速度快，可承担更大职责
680,2026H1,81.1,A,7,成长速度快，可承担更大职责
681,2026H1,33.0,D,6,符合岗位要求，表现稳定
682,2026H1,86.9,A,6,符合岗位要求，表现稳定
683,2026H1,74.4,B,7,符合岗位要求，表现稳定
684,2026H1,72.7,B,7,成长速度快，可承担更大职责
685,2026H1,78.2,A,4,持续超出预期，业务结果突出
686,2026H1,73.5,B,4,符合岗位要求，表现稳定
687,2026H1,69.6,B,4,符合岗位要求，表现稳定
688,2026H1,53.5,C,3,目标达成良好，团队协作佳
689,2026H1,85.4,A,9,成长速度快，可承担更大职责
690,2026H1,86.3,A,8,明显低于预期，已沟通改进计划
691,2026H1,59.5,C,8,明显低于预期，已沟通改进计划
692,2026H1,68.5,B,8,部分目标未达成，需改进
693,2026H1,75.2,B,8,部分目标未达成，需改进
694,2026H1,76.4,B,6,明显低于预期，已沟通改进计划
695,2026H1,85.7,A,6,部分目标未达成，需改进
696,2026H1,82.4,A,6,持续超出预期，业务结果突出
697,2026H1,66.3,B,2,目标达成良好，团队协作佳
698,2026H1,59.1,C,3,符合岗位要求，表现稳定
699,2026H1,79.1,A,2,持续超出预期，业务结果突出
700,2026H1,91.9,S,2,成长速度快，可承担更大职责
701,2026H1,96.8,S,2,部分目标未达成，需改进
702,2026H1,85.9,A,5,符合岗位要求，表现稳定
703,2026H1,79.1,A,5,成长速度快，可承担更大职责
704,2026H1,84.9,A,5,符合岗位要求，表现稳定
705,2026H1,89.9,S,5,成长速度快，可承担更大职责
706,2026H1,59.0,C,8,持续超出预期，业务结果突出
707,2026H1,69.5,B,8,成长速度快，可承担更大职责
708,2026H1,85.2,A,7,部分目标未达成，需改进
709,2026H1,34.3,D,7,持续超出预期，业务结果突出
710,2026H1,83.2,A,7,目标达成良好，团队协作佳
711,2026H1,81.3,A,2,成长速度快，可承担更大职责
712,2026H1,59.9,C,2,明显低于预期，已沟通改进计划
713,2026H1,79.5,A,5,明显低于预期，已沟通改进计划
714,2026H1,90.0,S,5,符合岗位要求，表现稳定
715,2026H1,88.2,S,9,目标达成良好，团队协作佳
716,2026H1,74.1,B,2,持续超出预期，业务结果突出
717,2026H1,82.7,A,3,部分目标未达成，需改进
718,2026H1,74.0,B,3,成长速度快，可承担更大职责
719,2026H1,36.1,D,2,成长速度快，可承担更大职责
720,2026H1,78.0,A,3,持续超出预期，业务结果突出
721,2026H1,76.3,B,9,符合岗位要求，表现稳定
722,2026H1,82.1,A,3,成长速度快，可承担更大职责
723,2026H1,75.5,B,2,明显低于预期，已沟通改进计划
724,2026H1,60.7,C,3,符合岗位要求，表现稳定
725,2026H1,73.6,B,2,持续超出预期，业务结果突出
726,2026H1,57.8,C,5,持续超出预期，业务结果突出
727,2026H1,71.3,B,5,目标达成良好，团队协作佳
728,2026H1,54.7,C,5,目标达成良好，团队协作佳
729,2026H1,69.7,B,5,持续超出预期，业务结果突出
730,2026H1,54.2,C,6,持续超出预期，业务结果突出
731,2026H1,58.5,C,6,成长速度快，可承担更大职责
732,2026H1,67.3,B,6,明显低于预期，已沟通改进计划
733,2026H1,68.1,B,8,符合岗位要求，表现稳定
734,2026H1,89.1,S,8,符合岗位要求，表现稳定
735,2026H1,66.3,B,8,符合岗位要求，表现稳定
736,2026H1,68.6,B,8,部分目标未达成，需改进
738,2026H1,70.2,B,8,成长速度快，可承担更大职责
739,2026H1,76.5,B,8,目标达成良好，团队协作佳
740,2026H1,67.6,B,10,部分目标未达成，需改进
741,2026H1,91.3,S,2,持续超出预期，业务结果突出
742,2026H1,68.8,B,2,持续超出预期，业务结果突出
743,2026H1,67.8,B,2,符合岗位要求，表现稳定
744,2026H1,83.1,A,6,成长速度快，可承担更大职责
745,2026H1,68.9,B,6,明显低于预期，已沟通改进计划
746,2026H1,65.6,B,6,符合岗位要求，表现稳定
750,2026H1,79.9,A,10,成长速度快，可承担更大职责
