emp_id,from_dept_id,to_dept_id,transfer_date,reason
6,4,5,2023-09-25,晋升
16,1,4,2024-10-02,组织调整
24,2,3,2024-10-22,个人发展
33,4,1,2024-04-16,组织调整
48,1,4,2023-09-12,组织调整
54,5,6,2026-04-28,个人发展
80,1,2,2024-12-11,组织调整
82,6,1,2024-03-28,组织调整
83,1,2,2023-02-01,组织调整
84,1,4,2023-05-10,个人发展
91,6,8,2024-11-05,组织调整
118,4,5,2023-01-10,个人发展
122,1,2,2023-12-13,个人发展
122,2,1,2024-02-19,晋升
126,4,1,2023-06-15,晋升
142,1,2,2026-04-27,个人发展
151,4,2,2024-09-10,晋升
151,2,6,2025-12-18,组织调整
161,3,1,2024-06-06,个人发展
162,1,6,2023-09-01,组织调整
174,4,7,2025-06-16,个人发展
183,1,6,2026-08-13,组织调整
195,1,4,2023-10-31,组织调整
234,1,3,2023-05-03,个人发展
234,3,6,2023-09-25,个人发展
261,2,6,2026-06-15,组织调整
265,1,3,2026-03-26,组织调整
266,8,4,2023-02-24,晋升
271,1,5,2026-03-20,个人发展
282,6,1,2024-03-18,晋升
286,5,7,2023-03-29,组织调整
286,7,8,2023-03-29,组织调整
299,4,1,2024-11-20,晋升
299,1,4,2026-01-29,组织调整
301,1,3,2023-12-01,个人发展
303,1,4,2025-05-30,组织调整
303,4,8,2023-09-07,组织调整
306,4,8,2024-07-04,个人发展
311,1,5,2023-09-19,晋升
311,5,1,2024-04-09,个人发展
313,5,2,2024-10-23,组织调整
314,6,1,2023-11-24,组织调整
324,8,6,2023-10-18,晋升
350,3,5,2026-04-30,个人发展
364,1,4,2024-10-31,组织调整
375,6,1,2024-08-21,个人发展
408,2,3,2024-02-22,个人发展
410,2,6,2025-01-15,组织调整
424,1,4,2024-09-25,个人发展
431,1,3,2025-03-19,个人发展
440,3,6,2024-09-30,个人发展
478,1,5,2024-09-23,个人发展
478,5,1,2024-09-23,晋升
482,7,6,2025-01-08,组织调整
493,1,6,2025-06-12,个人发展
493,6,7,2025-08-29,组织调整
538,6,2,2025-11-10,晋升
538,2,1,2025-11-13,晋升
550,1,4,2026-01-02,个人发展
553,3,1,2026-05-07,个人发展
555,4,7,2026-03-06,晋升
606,2,1,2026-07-13,组织调整
606,1,4,2026-04-06,个人发展
608,1,3,2026-07-02,个人发展
608,3,8,2026-02-10,晋升
633,1,2,2026-07-28,个人发展
639,1,7,2026-06-11,个人发展
702,3,7,2026-08-26,晋升
727,3,5,2026-08-31,晋升
747,3,4,2026-08-31,个人发展
748,8,4,2026-08-31,晋升
749,1,7,2026-08-31,个人发展
755,1,4,2026-08-11,个人发展
755,4,3,2026-08-11,个人发展
763,5,1,2026-08-31,组织调整
768,5,8,2026-08-31,个人发展
